idiom_word,idiom_meaning
অ আ ক খ,প্রাথমিক জ্ঞান
অকর্মার ঢেঁকি,নিতান্ত অলস ব্যক্তি
অকলের শত্রু,মূর্খ
অকস্মাৎ বজ্রপাত,অপ্রত্যাশিত বিপদ
অকাজের গোঁসাই,অনুচিত কাজ করতে মুখিয় থাকা ব্যক্তি
অকারণে হৈচৈ,অহেতুক চিন্তা
অকাল,দুর্ভিক্ষ
অকাল-অপক্ব,বোকা
অকালকুষ্মাণ্ড,অপদার্থ
অকালপক্ব,বয়সের তুলনায় বেশি পাকা
অকালবসন্ত,সময়ের আগেই সুখের সূচনা
অকালবোধন,অনুপযুক্ত সময়ে কোন শুভ কাজের সূচনা
অকালমৃত্যু,পরিণত বয়সের আগে মৃত্যু
অকালসন্ধ্যা,সময়ের আগেই কষ্টের সূচনা
অকালের তাল,অসময়ে প্রাপ্ত দ্রব্য
অকালের বাদল,অপ্রত্যাশিত বাধা
অকূল পাথার,কঠিন বিপদ
অকূলতারণ,বিপদে যে রক্ষা করে এমন ব্যক্তি
অকূলে কূল পাওয়া,নিরুপায় অবস্থা থেকে উদ্ধার পাওয়া
অকূলে ডোবা,ভীষণ বিপদ
অকূলদরিয়ায় ভাসা,কঠিন বিপদে পড়ে দিশেহারা হওয়া
অকূলের কূল,বিপদে ত্রাণকর্তা
অকূলের ভেলা,একান্ত নিরুপায় অবস্থার শেষ অবলম্বন
অক্কা পাওয়া,মারা যাওয়া
অক্টোপাস,চারিদিক থেকে আসা মারাত্মক আক্রমণ
অক্ষয়বট,অতিবৃদ্ধ ব্যক্তি
অক্ষরজ্ঞান,সামান্যতম জ্ঞান
অক্ষরে অক্ষরে,যথাযথভাবে
অক্সিজেন জোগানো,বিপদে ভরসা দেওয়া
অখদ্যে অবদ্যে,অকর্মণ্য
অখন-তখন অবস্থা,আশঙ্কাজনক অবস্থা
অগতির গতি,নিরাশ্রয়ের আশ্রয়
অগত্যা মধুসূদন,অনন্যোপায় হয়ে
অগভীর জলের পুঁটিমাছ,অল্প ধন
অগর-মগর করা,নানা অজুহাত দেখানো
অগস্ত্যযাত্রা,শেষযাত্রা
অগা,নির্বোধ
অগাধ জল,চরম বিপদ
অগাধ জলের মাছ,খুব চালাক লোক
অগ্নি-অবতার,অতি ক্রুদ্ধ ব্যক্তি
অগ্নিকন্যা,অতিতেজস্বী নারী
অগ্নিকাণ্ড,তুলকালাম কাণ্ড
অগ্নিগর্ভ,উত্তপ্ত
অগ্নিচক্ষু,কঠোর দৃষ্টি
অগ্নিদাতা,হিন্দুদের মধ্যে যে মৃতের মুখাগ্নি করে
অগ্নিপরীক্ষা,কঠিন পরীক্ষা
অগ্নিবর্ধক,ক্ষুধাবর্ধক
অগ্নিবর্ষণ,ক্রোধপ্রকাশ
অগ্নিবল,ক্ষুধা
অগ্নিবাণ,চরম আঘাত
অগ্নিবৃদ্ধি,ক্ষুধাবৃদ্ধি
অগ্নিমান্দ্য,অক্ষুধা
অগ্নিমূর্তি,অতিশয় ক্রুদ্ধ
অগ্নিমূল্য,অত্যন্ত দামি
অগ্নিযুগ,স্বদেশি আন্দোলনের সময়ের সশস্ত্র বিপ্লবের যুগ
অগ্নিশর্মা,অত্যন্ত কোপনস্বভাব ব্যক্তি
অগ্নিসংস্কার,মন্ত্র পড়ে শবদাহ
অগ্নিসাক্ষী,আগুনকে সাক্ষী রেখে শপথ
অগ্নিসেবন,আগুনের তাপ উপভোগ
অগ্নিতে ঘৃতাহূতি,উত্তেজনা বা ক্রোধবৃদ্ধি
অগ্নিতে বারিবর্ষণ,উত্তেজনা বা ক্রোধ হ্রাস
অগ্রদানী,হিন্দুদের শ্রাদ্ধে প্রেতের উদ্দেশ্যে প্রদত্ত তিলাদি দান গ্রহণকারী পতিত ব্রাহ্মণ
অগ্রদূত,পথপ্রদর্শক
অগ্রপশ্চাৎ,পরিণাম
অগ্রপাণি,আঙুল
অঘটনঘটনপটিয়সী,অসাধ্যসাধনে পটু নারী
অঘাকান্ত,নির্বোধ
অঙ্কলক্ষ্মী,পত্নী
অঙ্কুরে বিনষ্ট,শুরুতেই বিনাশ
অঙ্কুরোজ্ঞম,কোন কিছুর সূত্রপাত
অঙ্কুশ তাড়না,গোপনে তাড়না
অঙ্কস্থ,আয়ত্ত
অঙ্গ জল হওয়া,ভয় পাওয়া
অঙ্গ জ্বালা,অসন্তোষ
অঙ্গুলিত্রান,সেলাইয়ের সময় আঙুলে পরিধেয় বর্ম
অঙ্গুলি নির্দেশ,আঙুলের ইসারা
অচল পয়সা,মূল্যহীন
অচলায়তন,প্রগতিবর্জিত ও গোঁড়ামিপূর্ণ প্রতিষ্ঠান
অচিনপাখি,প্রাণ
অচন্দ্রচেতন,যৌনচেতনাশূন্য
অজগরবৃত্তি,আলসেমি
অজগ্রাম,নিতান্ত অপরিচিত ক্ষুদ্র পল্লী
অজমূর্খ,আকাট মূর্খ
অজাতশত্রু,যার শত্রু নেই
অজাতশ্মশ্রু,অল্পবয়স্ক
অজাযুদ্ধ,আড়ম্বর বেশি ফললাভ সামান্য
অজুহাত,বাহানা
অজ্ঞাতকুলশীল,সম্পূর্ণ অপরিচিত
অঞ্চলনিধি,অত্যন্ত প্রিয় সন্তান
অঞ্চলপ্রভাব,স্বামীর উপর স্ত্রীর প্রভুত্ব
অতঃকিম,এরপর কী
অতশত,খুঁটিনাটি
অতিকথায় বার্তা নষ্ট,বাকচাতুর্যে মূলবক্তব্য হারিয়ে যায়
অতিগর্জনে ফোঁটাবৃষ্টি,হাঁকডাকের তুলনায় কম ফল
অতিঘরন্তি,গৃহকর্মে নিপুণা কুমারী
অতি চালাকের গলায় দড়ি,বেশি চালাকির অশুভ পরিণাম
অতিদর্পে হত লঙ্কা,অহঙ্কারে পতন
অতিভক্তি চোরের লক্ষণ,অতিরিক্ত ভক্তিতে গোপন উদ্দেশ্য
অতিলোভে তাঁতী নষ্ট,অতিরিক্ত লোভে ক্ষতি
অথৈ জল,চরম সংকট
অথৈ জলের মাছ,সুচতুর ব্যক্তি
অদল-বদল,তুল্য বিষয়ের পরিবর্তন
অদানে অব্রাহ্মণে,বাজে কাজে অর্থ ব্যয়
অদিনে অক্ষণে,দুর্দিনে ও কুক্ষণে
অদৃষ্টের কিল,ভাগ্যবিপর্যয়
অধঃপাতে যাওয়া,উচ্ছন্নে যাওয়া
অধমাধম,অত্যন্ত নিকৃষ্ট
অধিকগর্জনে অল্পবর্ষণ,বেশি ডাকলে কম ফল
অধিক সন্ন্যাসীতে গাজন নষ্ট,বহু ব্যক্তির মতভেদে কাজ পণ্ড
অধিবাস,পূজা বা বিয়ের আগে পালনীয় সংস্কার
অধিবিন্না,দ্বিতীয় বিবাহিত পুরুষের জীবিত প্রথমা পত্নী
অধিবেত্তা,প্রথম স্ত্রীর বন্ধ্যাত্বে দ্বিতীয় বিবাহকারী পুরুষ
অধিমাস,অতিরিক্ত চান্দ্রমাস
অনন্তনিদ্রা,চিরনিদ্রা
অনন্তবালা,হাতে পরার অলঙ্কার
অনন্তরূপিণী,নানারূপধারিণী
অনন্তশয়ন,চিরনিদ্রা
অনভ্যাসের ফোঁটা,প্রাথমিক অস্বস্তি
অনলে জল ঢালা,উত্তেজনা হ্রাস
অনাগতবিধাতা,ভবিষ্যতের জন্য সংস্থানকারী
অনাথের নাথ,ঈশ্বর
অনাথো দৈবরক্ষক,ঈশ্বর অনাথকে রক্ষা করেন
অনামিকা,কড়ে আঙুলের পাশের নামছাড়া আঙুল
অনামুখো,কুৎসিত ব্যক্তি
অনাসৃষ্টি,অদ্ভুত
অনাহারী,অবৈতনিক
অনিষ্টে ইষ্টলাভ,মন্দ থেকে ভালো ফল
অনুপান,ঔষধের সাথে পেয় মিষ্টিরস
অনুরোধে ঢেঁকি গেলা,অনুরোধে দুরূহ কাজে সম্মত হওয়া
অনুলোম বিবাহ,উচ্চবর্ণের পাত্রের সাথে নীচবর্ণের পাত্রীর বিয়ে
অনেক কাঠখড় পুড়িয়ে,বহু চেষ্টা ও পরিশ্রম করে
অনেক জলের মাছ,অত্যন্ত চালাক
অনেক সন্ন্যাসীতে গাজন নষ্ট,বহুজনের কর্তৃত্বে কাজে বিশৃঙ্খলা
অন্তর টিপুনি,গোপন ব্যথা
অন্তরাত্মা,জীবাত্মা
অন্তর্জলি,হিন্দু মুমূর্ষুর নিম্নাঙ্গ গঙ্গাজলে নিমজ্জন
অন্তর্জলি যাত্রা,পতন বা মৃত্যু আসন্ন
অন্তর্দাহ,ঈর্ষাজনিত গাত্রদাহ
অন্তিমদশা,মরণকাল
অন্ধ ও খোঁড়ার পথ চলা,অন্ধের সাহায্যে খোঁড়ার পথ চলা
অন্ধকার দেখা,বিপদের আশঙ্কায় দিশেহারা হওয়া
অন্ধকার দেখানো,বিপদে ফেলা
অন্ধকারে উকুন বাছা,অসম্ভব কাজ
অন্ধকারে কালো বিড়াল খোঁজা,অসম্ভব কাজ
অন্ধকারে ঢিল ছোঁড়া,অনিশ্চয়তায় কিছু করা
অন্ধকারে থাকা,কিছু না জানা
অন্ধকারে হাতড়ানো,অনুমানে কিছু করা
অন্ধকূপ,নিবিড় অন্ধকারময় কক্ষ
অন্ধকে দর্পণ দেখানো,মূর্খকে জ্ঞান দেওয়া
অন্ধগোলাঙ্গুলন্যায়,মূর্খের উপদেশে বিপদ
অন্ধপঙ্গুন্যায়,পরস্পরের অভাব পূরণ
অন্ধপরম্পরান্যায়,অজ্ঞদের কথায় বিশ্বাসযোগ্যতা না থাকা
অন্ধবিশ্বাস,যুক্তিহীন আস্থা
অন্ধভক্তি,যুক্তিবর্জিত আনুগত্য
অন্ধ হওয়া,পক্ষপাতদুষ্ট হওয়া
অন্ধহস্তীন্যায়,অসম্পূর্ণ বিচার
অন্ধিসন্ধি,গোপন তথ্য
অন্ধের দেশে কানা রাজা,মূর্খের দলে অজ্ঞ নেতা
অন্ধের যষ্টি,অসহায়ের সহায়
অন্ধের হস্তীদর্শন,অসম্পূর্ণ বিচার
অন্ন ওঠা,জীবিকার পথ বন্ধ হওয়া
অন্নগত প্রাণ,বিষয়াসক্তি
অন্নচিন্তা চমৎকারা,আহার জোগাড়ের কঠিন চিন্তা
অন্নজল,শ্রাদ্ধে প্রেতের উদ্দেশ্যে প্রদত্ত ভোজ্য
অন্নজল ওঠা,জীবিকার উপায় শেষ
অন্নজলের নাড়ী কোটা,শিশুর ভাতজল খাওয়ার বয়স হওয়া
অন্নজলের বরাত ওঠা,আয়ু শেষ হওয়া
অন্নদাস,পেটের জন্য পরের আজ্ঞাবহ
অন্নধ্বংস করা,অলসভাবে জীবন কাটানো
অন্নপ্রাশনের ভাত ওঠা,বমির উদ্রেক হওয়া
অন্নবল,অর্থবল
অন্নবস্ত্র,খাওয়াপড়ার ব্যবস্থা
অন্নময় কোষ,স্থূল হৃষ্টপুষ্ট শরীর
অন্ন মারা,জীবিকার পথ বন্ধ করা
অন্নসঙ্কট,খাদ্যাভাব
অন্নসংস্থান,জীবিকার ব্যবস্থা
অন্যপুষ্ট,অন্যদ্বারা প্রতিপালিত
অন্যপূর্বা,পূর্বে বিবাহিতা নারী
অপত্যস্নেহ,সন্তানের প্রতি পিতামাতার স্নেহ
অপদার্থ,অকর্মণ্য
অপরূপ,কদাকার
অপাঙ্‌ক্তেয়,গুরুত্বহীন
অপোগণ্ড,অকর্মণ্য
অবতার,অদ্ভুত মূর্তি
অবরে-সবরে,সময়ে-অসময়ে
অবলা-অখলা,খলতাশূন্য সরল নারী
অবশ্য অবশ্য,নিশ্চয়ই
অবস্থা বুঝে ব্যবস্থা,পরিস্থিতি বিবেচনায় কার্যক্রম
অবস্থার দাস,পরিস্থিতির শিকার
অবাকজলপান,তেল লবণ লঙ্কা সহযোগে মুখরোচক খাদ্য
অব্রাহ্মণের দীর্ঘফোঁটা,মেকি ব্রাহ্মণের ভড়ং
অভদ্রাকাল,দুঃসময়
অভাবে স্বভাব নষ্ট,অনটনে সৎপথে থাকা যায় না
অভেদাত্মা হরিহর,অভিন্নহৃদয় বন্ধু
অমনি অমনি,বিনাকারণ
অমনি একরকম,মোটামুটি ভালো
অমরকণ্টক হয়ে অমরনাথ যাত্রা,ঘুরপথে কাজ করা
অমাবস্যার অন্ধকার,নিবিড় হতাশাজনক অবস্থা
অমাবস্যার চাঁদ,অদর্শনীয় বস্তু
অমৃতং বালভাষিতম,শিশুর কথা শ্রুতিমধুর
অমৃতং সুভাষিতম,সুবচন অমৃতসমান
অমৃতপথযাত্রা,পরলোকযাত্রা
অমৃতে অরুচি,অতিপ্রিয় বস্তুর প্রতি বিরাগ
অমৃতের পুত্র,ঈশ্বরের পুত্র মানুষ
অমেরুদণ্ডী,দুর্বলচরিত্রের লোক
অম্লমধুর বাক্য,মিষ্টি কিন্তু ঝাঁঝালো বাক্য
অম্লমধুর সম্পর্ক,কড়া ও নরম মিশ্রিত সম্পর্ক
অম্লানবদনে,নিঃসঙ্কোচে
অয়েল করা,তোয়াজ করা
অরণ্যেরোদন,বৃথা ক্রন্দন
অরুচি ধরা,বিরূপ মনোভাবের সৃষ্টি
অরুচির অম্বল শীতের কম্বল,অবশ্য প্রয়োজনীয় বস্তু
অর্জুনের গাণ্ডীব,অমোঘ অস্ত্র
অর্থগৃধ্নু,কৃপণ
অর্থদণ্ড,অনর্থক অর্থ ব্যয়
অর্থপিশাচ,অর্থলাভে ন্যায়-অন্যায়বোধশূন্য
অর্থমনর্থম্,অর্থই নষ্টের গোড়া
অর্ধচন্দ্র দেওয়া,অপমান করে বিদায় করা
অর্ধজরতীন্যায়,মতদ্বৈধতায় উভয়পক্ষের অংশ নিয়ে সিদ্ধান্ত
অলকাতিলকা,চন্দনাদি দিয়ে মুখসজ্জা
অলক্ষ্মী,গৃহকর্মে অনিপুণা স্ত্রীলোক
অলক্ষ্মীর দশা,দারিদ্র
অল দা সেম,অপরিবর্তিত
অলপ্পেয়ে,আয়ু অল্প হবে
অলম্বুষ,অলস প্রকৃতির লোক
অলিগলি,খুব সরু পথ
অলিপান,মদ
অলোকসামান্যা,অসাধারণ সুন্দরী নারী
অল্পজলের মাছ,অল্প বিদ্যার লোক
অল্পবিদ্যা ভয়ংকরী,সামান্য বিদ্যা ক্ষতিকর
অল্পের উপর দিয়ে যাওয়া,সামান্য ক্ষতিতে রেহাই পাওয়া
অশনিসঙ্কেত,ঘোর বিপদের সম্ভাবনা
অশিক্ষিত পটুত্ব,শিক্ষা ছাড়াই নৈপুণ্য
অশুভস্য কালহরনম,অশুভ কাজে কালক্ষেপণ অনুচিত
অশ্বডিম্ব,অসম্ভব বস্তু
অশ্বতর,খচ্চর
অশ্বত্থামা হত ইতি গজ,সত্যের আবরণে মিথ্যাভাষণ
অশ্বমেধযজ্ঞ,বিরাট আয়োজন
অশ্বিনীকুমার,শ্রেষ্ঠ চিকিৎসক
অষ্টকপালে,অভাগা
অষ্টকুষ্টি পুত্র,অবৈধ সন্তান
অষ্টবজ্রসম্মেলন,জ্ঞানীদের সমাবেশ
অষ্টমঙ্গলা,বিয়ের আটদিন পর কনের বাপের বাড়ি আসার সংস্কার
অষ্টরম্ভা,শূন্য
অষ্টাবক্র,অত্যন্ত বাঁকাচরিত্রের লোক
অষ্টেপৃষ্ঠে,সারা অঙ্গে
অসিত অশ্বডিম্বের অন্বেষণ,অসম্ভবের পিছনে ছোটা
অসূর্যস্পশ্যা,পর্দানশিনা নারী
অস্ত যাওয়া,পতন হওয়া
অস্তিনাস্তি,থাকা-না-থাকা
অস্ত্র,উদ্দেশ্যসাধনের হাতিয়ার
অস্থিচর্মসার,অতিকৃশ
অস্থিতপঞ্চ,চিন্তাকুলতা
অহংবুদ্ধি,আমিই সব এমন দম্ভ
অহি-নকুল সম্পর্ক,চির শত্রুতা
অহিতে বিপরীত,অনিষ্ট থেকে ইষ্ট লাভ
অ্যাকটিং করা,ভান করা
আইডিয়া,মনোগত বিষয়
"আইতে ছাগল, যাইতে পাগল",ধৈর্যহীন
আইবুড়ো পথ বদলানো,প্রচলিত পথ পরিবর্তন করা
আইল্যাণ্ড,বিচ্ছিন্ন উঁচু জায়গা
আউট,বেসামাল
আওয়াজ তোলা,তীব্র প্রতিবাদ করা
আওয়াজ দেওয়া,বিদ্রুপাত্মক ধ্বনি দেওয়া
আঁচলধরা,স্ত্রীলোকের নির্দেশে চলা
আঁচলে গেরো,কিছু মনে রাখার জন্য আঁচলে গিঁট
আঁচলের নিচে থাকা,স্ত্রীলোকের নির্দেশে চলা
আঁচাআঁচি,পরস্পরের দোষ অনুসন্ধান
আঁজলপাঁজল করা,গা ঝাড়া দেওয়া
আঁটআঁট,অল্পকষা
আঁটকুড়ের ব্যাটা,অবৈধ সন্তান
আঁটসাঁট,টানটান
আঁটাআটি,স্বার্থপরতা
আঁটি চোষা,অসার বস্তুগ্রহণ
আঁটুবাঁটু,জড়সড় ভাব
আঁটুনিকসুনি সার,কেবল আড়ম্বরমাত্র
আঁটোসাটো,দৃঢ়বদ্ধ
আঁত খালি,পেটে অন্ন নেই
আঁত পাওয়া ভার,চাপাস্বভাবের লোক
আঁত বুঝে চলা,মনোভাব বুঝে চলা
আঁতমরা,অল্পভোজী
আঁতলামি,নকলপণ্ডিতি
আঁতিপাঁতি খোঁজা,তন্নতন্ন করে খোঁজা
আঁতুপুঁতু করা,অতিরিক্ত যত্ন নেওয়া
আঁতুড়ে খোকা,নিতান্ত শিশু
আঁতে ঘা দেওয়া,অন্তরে ঘা দেওয়া
আঁতের টান,অন্তরের টান
আঁতেল,বুদ্ধিজীবীর অনুকরণকারী
আঁদাড়-পাঁদাড়,আবর্জনা ভর্তি স্থান
আঁধার ঘরের আলো,দুঃখীর একমাত্র সুখ
আঁধারে ঢিল ছোঁড়া,আন্দাজে কিছু করা
আঁধারের আলো,আনন্দদানকারী বস্তু
আঁস্তাকুড়ের পাত,নীচমনা ব্যক্তি
আককাটা,কাণ্ডজ্ঞানহীন মূর্খ
আককুটে,জেদী
আকখুটের দশা,অসঞ্চয়ীর লক্ষণ
আকচাআকচি,পরস্পর ঈর্ষা-দ্বন্দ্ব
আকচার,প্রায়ই
আকটবিকট,বিকটাকার বিশ্রী আকৃতি
আকণ্ঠ,সম্পূর্ণভাবে
আকবরের আমল,অনেকদিন আগের কথা
আকর্ণবিস্তৃত হাসি,সারামুখ ছড়িয়ে হাসি
আকলমন্দি,বুদ্ধিমত্তা
আকাট মূর্খ,নিরেট বোকা
আকার-ইঙ্গিতে,চোখ ও মুখের ভঙ্গীতে
আকাল,দুর্ভিক্ষ
আকাশকুসুম,অলীক কল্পনা
আকাশ-চাওয়া,আকাশের দিকে চেয়ে অপেক্ষা
আকাশচুম্বী,অত্যন্ত উচ্চ
আকাশ ছোঁয়া,অতি উচ্চে ওঠা
আকাশ থেকে কথা বলা,অহঙ্কারী হওয়া
আকাশ থেকে পড়া,অত্যন্ত বিস্মিত হওয়া
আকাশদীপ,কার্তিকমাসে বাঁশের মাথায় বাতি
আকাশদুহিতা,প্রতিধ্বনি
আকাশ ধরা,বৃষ্টি থামা
আকাশপাতাল,সর্বত্র
আকাশপাতাল এক করা,অসম্ভবকে সম্ভব করা
আকাশপাতাল খোঁজা,সর্বত্র তন্নতন্ন করে খোঁজা
আকাশপাতাল চিন্তা,উদ্দেশ্যহীন দুশ্চিন্তা
আকাশপাতাল তফাৎ,প্রচুর ব্যবধান
আকাশপাতাল ভেবে না পাওয়া,দিশেহারা হওয়া
আকাশপ্রদীপ,পূর্বপুরুষদের উদ্দেশে প্রদীপ
আকাশবন্যা,ভারি বৃষ্টিপাতে প্লাবন
আকাশবাণী,দৈববাণী
আকাশবিহারী,কল্পনাপ্রবণ
আকাশবুড়ির সূতা,চুল লম্বা করার বিশ্বাসে খোঁপায় গুঁজা
আকাশ ভাঙ্গা,প্রবল বৃষ্টিপাত
আকাশ ভেঙ্গে পড়া,আকস্মিক বিপদে দিশাহারা
আকাশশয়ন,উন্মুক্তস্থানে শোয়া
আকাশ হ'ল সীমা,কোন সীমা নেই
আকাশ হাতে পাওয়া,দুরাশা পূর্ণ হওয়া
আকাশে ওড়া,আনন্দে আত্মহারা
আকাশে তোলা,অতিরিক্ত প্রশংসা করা
আকাশে থুথু ফেলা,নিজের ক্ষতি করা
আকাশে ফাঁদ পেতে চাঁদ ধরা,অলীক কল্পনা
আকাশের চাঁদ,দুর্লভবস্তু
আকাশের চাঁদ পাড়া,অসম্ভবকে সম্ভব করা
আকাশের চাঁদ হাতে পাওয়া,দুর্লভ বস্তুপ্রাপ্তি
আকাশের তারা গোনা,অকাজে সময় কাটানো
আকুলি-বিকুলি করা,উৎকণ্ঠিত হওয়া
আক্কেলগুড়ুম,হতবুদ্ধি
আক্কেলদাঁত না গজানো,অপরিণত বুদ্ধি
আক্কেলমন্ত,বুদ্ধিশুদ্ধি
আক্কেলসেলামী,নির্বুদ্ধিতার দণ্ড
আক্কেল হওয়া,বিপদে শিক্ষা নেওয়া
আখের গুছানো,স্বার্থ হাসিল করা
আখের বুঝে চলা,পরিণতির চিন্তা করে চলা
আখেরি জমানা,কলিযুগ
আখেরে লাভ,শেষপর্যন্ত লাভ
আগড়বাগড় কথা,অসংলগ্ন কথাবার্তা
আগড়বাগড় খেয়ে পেট ভরানো,অসার খাদ্য খেয়ে উদরপূর্তি
আগাগোড়া,শুরু থেকে শেষপর্যন্ত
আগা-পাছতলা,সর্বাঙ্গ
আগামাথা,শুরু বা শেষ
আগুন দেওয়া,উত্তেজিত করা
আগুন নিয়ে খেলা করা,বিপজ্জনক বিষয় নিয়ে ছিনিমিনি
আগুন পোয়ানো,আগুনের কাছে গরম করা
আগুন লাগা,বিশৃঙ্খলা প্রভৃতির আবির্ভাব
আগুন-লাগা সংসার,নষ্ট হচ্ছে সংসার
আগুন লাগানো,রাগিয়ে দেওয়া
আগুন হওয়া,প্রচণ্ড রেগে যাওয়া
আগুনে ঘি ঢালা,রাগ বাড়ানো
আগুনে জল ঢালা,রাগ কমানো
আগুনের কাছে ঘি,দ্বিতীয়ের ক্ষতি হয়
আগুপাছু করা,ইতঃস্তত করা
আগেআগে,সামনে
আগেভাগে,সর্বাগ্রে
আঙুর ফল টক,অলভ্য জিনিস মন্দ
আঙুল কামড়ানো,আফসোস করা
আঙুল ঘুরিয়ে পাঁচিল দেওয়া,ক্ষুদ্রচেষ্টায় বিরাট কর্ম
আঙুল ফুলে কলাগাছ,হঠাৎ বড়লোক
আঙুল মটকানো,অভিশাপ দেওয়া
আচমকা সুন্দরী,ক্ষণিক রূপের মোহ
আচাভুয়া-বোম্বাচাক,অত্যদ্ভূত বিষয়
আছোলা বাঁশ খাওয়া,কষ্টকর যন্ত্রণা ভোগ
আছোলা বাঁশ দেওয়া,সর্বনাশ করা
আছোলা বাঁশ নেওয়া,বিপদ ডেকে আনা
আজকাল,বর্তমানকাল
আজকাল করা,অযথা দেরি করা
আজকাল বাদে,দু'দিন বাদে
আজকালের মধ্যে,অনতিবিলম্বে
আজকের মত,আজকের উপযোগী
আজ খেতে কাল নেই,দিন গুজরান করা
আজ গেলে দুদিন হবে,দিন কাটতেই চায় না
আজ-নয়-কাল,অযথা সময় নষ্ট
আজ-বাদে-কাল,শীঘ্রই
আজেবাজে,তুচ্ছ
আঝালি,নির্জীব
আটকড়াই,অষ্টমদিনে কলাইভাজা বিতরণ
আটকপালে,অভাগা
আটকাট,সবদিক
আটকিয়া,জগন্নাথের প্রসাদ
আট কুঠুরি নয় দরজা,শরীরের গ্রন্থি ও দ্বার
আটকুড়ের ব্যাটা,অসম্ভব ব্যাপার
আট্কে বাঁধা,প্রসাদ পাওয়ার অর্থদান
আটখানা হওয়া,আনন্দে অধীর হওয়া
আটঘাট বাঁধা,সবদিক সুরক্ষিত করা
আটপৌরে কাপড়,ঘরে পরার জামাকাপড়
আটপৌরে ভাষা,কথ্যভাষা
আটা পেষাই করা,বেদম প্রহার করা
আটাশে ছেলে,ভীরু
আটেকাটে,কষ্টসহিষ্ণু
আটুপাটু,ব্যাকুলতা
আঠা,আগ্রহ
আটারো আনা,যথেষ্ট সম্ভাবনা
আটারো ঘা,নানাপ্রকার ব্যাধি
আটারো মাসে বছর,অকর্মণ্যতা
আড্ডা গাড়া,অস্থায়ী বাসা বাঁধা
আড়ংঘাটা,নৌকায় চড়ার ঘাট
আড়ং ধোলাই,সপাটে আছাড় মারা
আড়ংহাটা,বড়বাজার
আড়কাঠি,খবরসংগ্রাহক
আড়কালা,এক কানে শুনতে না পাওয়া
আড় নেই,মুখের লাগাম নেই
আড়পাগলা,ক্ষেপাটে
আড়বগ্‌গা,গোঁয়ার
আড়বুঝ,বাঁকাবুদ্ধি
আড় ভাঙা,জড়তা কাটানো
আড়মোড়া ভাঙা,আড়ষ্টভাব কাটান
আড় হওয়া,কাত হয়ে শোয়া
আড়া,বক্রস্বভাবের লোক
আড়াআড়ি,পরস্পর দ্বেষাদ্বেষি
আড়াই অক্ষরে,সংক্ষেপে
আড়াই দিনের বাদশাহী,অল্পদিনের বিলাসিতা
আড়াই হাত,কাজের কঠিন অংশ
আড়ালে আবডালে,লুকিয়ে চুরিয়ে
আড়িপাতা,আড়াল থেকে শোনা
আড়েহাতে লওয়া,প্রতিশোধ নেওয়া
আড়েহাতে লাগা,প্রাণপণে চেষ্টা
আণ্ডাবাচ্চা,ক্রোড়স্থ সন্তান
আতান্তর,সংকট
আতালিপাতালি,ব্যাকুল ও ব্যস্ত হয়ে খোঁজা
আতিপাতি,তন্নতন্ন করে
আতুআতু করা,অতিরিক্ত যত্ন করা
আত্মঘোষ,নিজের ঢাক নিজেই পেটানো
আত্মনং সততং রক্ষেৎ,নিজেকে সর্বদা রক্ষা করা
আত্মবৎ মন্যতে জগৎ,আপনার আয়নায় জগৎ দেখা
আত্মবৎ সর্বভূতেষু,সকল প্রাণীকে আত্মসম জ্ঞান
আত্ম রেখে ধর্ম,নিজের স্বার্থ সবার আগে
আত্মসর্বস্ব,স্বার্থপর
আত্মাপুরুষ,দেহস্থ আত্মা
আত্মারাম খাঁচাছাড়া হওয়া,নিদারূণ ভয়ে মৃতপ্রায়
আত্মারাম গুটিয়ে যাওয়া,অত্যন্ত ভয় পাওয়া
আত্মার্থে পৃথিবীং ত্যজেৎ,আত্মরক্ষার্থে সব পরিত্যাজ্য
আথালপাথাল,চারদিকে সর্বত্র
আদব-কায়দা,শিষ্টাচার
আদব-কায়দাদুরস্ত,শিষ্টাচারী
আদবের খেলাপ,শিষ্টাচার লঙ্ঘন
আদমের সময়,অতি প্রাচীনকালে
আদরে বাঁদর,প্রশ্রয় পেয়ে নষ্ট
আদা ওষুধের আধা,অর্ধেক রোগ ভালো করে
আদা জল খেয়ে পড়ে থাকা,ধর্ণা দেওয়া
আদাজল খেয়ে লাগা,মরিয়া হয়ে লাগা
আদাড়-পাদাড়,আবর্জনা ফেলার যায়গা
আদাড়বনে শিয়াল রাজা,নিজের এলাকায় প্রভুত্ব
আদাড়ের হাঁড়ি,নীচব্যক্তি
আদায় কাঁচকলায় সম্পর্ক,চিরবৈরিতা
আদার ব্যাপারী,ক্ষুদ্র ব্যবসায়ী
আদিরস,শৃঙ্গাররস
আদুরে গোপাল,অতিরিক্ত আহ্লাদী
আদেখলা,এত ব্যগ্র যেন কখনো দেখেনি
আদ্যিকালের বদ্যিবুড়ো,অত্যন্ত প্রাচীন
আদরু-পেঁদরু,সাহেবিয়ানার আতিশয্য
আধাখেঁচড়া,অসম্পূর্ণ
আধা-পাগলা,বাতিকগ্রস্ত
আধাবয়সী,প্রৌঢ়
আধকামারিয়া,অর্বাচীন
আধবুড়ো,প্রৌঢ়
আধমণি কৈলাস,প্রচুর খেতে পারে
আধমরা,নিস্তেজ
আধিব্যাধি,মানসিক ও শারীরিক রোগ
আধো আধো,অপরিস্ফুট
আধো-আধোপনা,শিশুসুলভ ব্যবহার
আনকা,অচেনা
আনকোরা,অনিভজ্ঞ
আনচান,অস্থির
আন-তাবড়ি,এলোমেলো
আনন্দে আটখানা,বেজায় খুশি
আনাগোনা,জন্মমৃত্যু
আনাচ-কানাচ,চারপাশ
আন্দাজে ঢিল ছোঁড়া,অনুমাননির্ভর কাজ
আন্দিরাম মহাজন,কপর্দকশূন্য ব্যবসায়ী
আন্নাকালী,শেষ কন্যাসন্তানের নাম
আপকা ওয়াস্তে,আত্মসর্বস্ব
আপ-খোরাকি,নিজের খরচে খাবার
আপদ,বিরক্তিকর ব্যক্তি
আপদ-বালাই,বিপদকাল
আপন কথাই পাঁচকাহন,আত্মপ্রচারসর্বস্ব
আপন কোলে ঝোল টানা,নিজের স্বার্থ আগে
আপনগণ্ডা,স্বার্থ
আপনগাঁয়ে কুত্তা শের,নিজের এলাকায় প্রভুত্ব
আপনা-আপনি,স্বতঃস্ফুর্তভাবে
আপন পাঁঠা লেজে কাটা,স্ব-ইচ্ছায় কাজ
আপনার পায়ে কুড়োল মারা,নিজের অনিষ্ট করা
আপনা হাত জগন্নাথ,নিজের প্রয়াসই যথার্থ
আপনার ঢাক আপনি বাজানো,আত্মপ্রশংসা
আপনি বাঁচলে বাপের নাম,নিজের স্বার্থের প্রাধান্য
আপ্তবাক্য,অভ্রান্ত বাক্য
আফশোস,আক্ষেপ
আবড়াখাবড়া,অসমান
আবদার,যুক্তিহীনদাবী
আবর্জনা,অবাঞ্ছিতব্যক্তি
আবহমানকাল,চিরকাল
আবহাওয়া,পরিস্থিতি
আবাগী,হতভাগ্য
আবাগের বেটা ভূত,কাণ্ডজ্ঞানহীন
আবাদী জমি,চাষযোগ্য জমি
আবোল-তাবোল,অসংলগ্ন কথাবার্তা
আব্রু,মানসম্ভ্রম
আভাঙা জল,ভোরবেলায় অস্পৃষ্ট জল
আম না হতে আমসি,আগাম সুখকল্পনা
আমগন্ধি,কাঁচাগন্ধযুক্ত
আমড়া,কিছু না
আমড়া কাঠের ঢেঁকি,কোন কাজের নয়
আমড়া গাছে আম ফলে না,বংশকুলের বিপরীত চরিত্র
আমড়াগাছি করা,অযথা প্রশংসা
আমড়া ভাতে করা,সৌন্দর্যহীন করা
আমতা আমতা করা,দ্বিধা করা
আমল না দেওয়া,গ্রাহ্য না করা
আমসি হওয়া,বিবর্ণ হওয়া
আমি,অহঙ্কার
আমি আর আমি নয়,আনন্দে আত্মহারা
আমির-উমরা,প্রভাবশালী লোকজন
আমে দুধে এক হয় আঁটি যায় গড়াগড়ি,সাধারণে বঞ্চিত হওয়া
আয়নায় মুখ দেখা,চরিত্র সুন্দর করা
আয়ারাম,দলবদল করে আসা সদস্য
আয়েন্দা,ভবিষ্যৎ
আয়াশ,আরাম
আয়াস,প্রয়াস
আয়ীবুড়ি,পাকাপাকা কথা বলা মেয়ে
আয়োসুয়ো,সধবানারীদের দল
আর আর,অন্যান্য
আর একটু হলে,গুরুতর হলে
আর কতই বা,বেশি কিছু নয়
আর কি,এটাই বটে
আরম্ভসদৃশোদয়ঃ,আরম্ভের মতো সমাপ্তি
আরশির মুখে পড়শি দেখা,নিজের মত অপরকে ভাবা
আরশুলা আবার পাখি,উত্তমের সাথে অধমের তুলনা
আলগা থাকা,নির্লিপ্ত থাকা
আলগা ভাব,আন্তরিকতাহীন
আলগা মন্তব্য,অসঙ্গত মন্তব্য
আলগা মুখ,অসংযত কথাবার্তা
আলটপকা,আচমকা
আল্টিমেটাম,শেষ সতর্কীকরণ
আলটুফালটু কথা,অর্থহীন কথাবার্তা
আলাইবালাই,আপদবিপদ
আলাদীনের প্রদীপ,আশ্চর্য জিনিস
আলাভোলা,সহজ-সরল
আলালের ঘরের দুলাল,আদুরে বখাটে ছেলে
আলুথালু,অসংবৃত
আলুর দোষ,লাম্পট্য
আলেয়া,মিথ্যা মায়া
আলেয়ার পিছনে ছোটা,দুর্লভ বস্তুর পিছনে ছোটা
আলোয় আলোয়,দিনেদিনে
আল্লাকা পেয়ারা হো গয়া,মারা গেছেন
আল্লার কুদতৎ,অলৌকিক কাণ্ড
আশকারা,প্রশ্রয়
আশনাই,অবৈধ প্রণয়
আশপাশ,কাছাকাছি জায়গা
আশমান-জমিন ফারাক,বিশাল পার্থক্য
আশমানের চাঁদ হাতে পাওয়া,দুষ্প্রাপ্য লাভ
আশাবধিং কো গতঃ,আশা অসীম
আশীসিক্কা ওজনের চড়,প্রচণ্ড চপেটাঘাত
আষাঢ়ে গল্প,কাল্পনিক কাহিনি
আষ্টেপৃষ্ঠে,সর্বাঙ্গ ঘিরে
আসকে খেয়েছে ফোঁড় গণেনি,দায়িত্বজ্ঞানহীন
আসতে কাটে যেতে কাটে,উভয়সঙ্কট
"আসতে ছাগল, যেতে পাগল",ধৈর্যহীন
আসন টলা,ক্ষমতা হারানোর উপক্রম
আসন্নকাল,বিপদকাল
আসমান-জমিন ফারাক,সীমাহীন পার্থক্য
আসমানের চাঁদ হাতে পাওয়া,দুষ্প্রাপ্য লাভ
আসর গরম করা,উদ্দীপনা সৃষ্টি করা
আসর জমানো,আসরকে আনন্দোচ্ছল করা
আসরে নামা,কাজে অবতীর্ণ হওয়া
আসল থেকে সুদের কদর বেশি,নাতি-নাতনির টান বেশি
আসা-যাওয়া,ক্ষতিবৃদ্ধি
আসানসোলে কয়লা চালান,যার আছে তাকে আরও দেওয়া
আসে যায়,ক্ষতিবৃদ্ধি হয়
আসতে যেতে গলা কাটা,সকলব্যবহারেই বঞ্চনা
আস্ত কেউটে,ভয়ানক বিপজ্জনক
আস্ত-না-রাখা,হাড়গোড় গুড়িয়ে দেওয়া
আস্ত পাগল,পুরাদস্তুর পাগল
আস্ত হনুমান,সকল অপকর্মের হোতা
আস্ত শয়তান,চুড়ান্ত শয়তান
আস্তানা গাড়া,সাময়িক বসবাস শুরু
আস্তিন গুটানো,মারামারি করতে উদ্যত
"আহামরি নয়, হ্যাক-থুও নয়",মাঝারিধরনের
আহাম্মকের গলায় দড়ি,বারবার শাস্তি পাওয়া
আহারনিদ্রা,সব কাজ
আহুঃ সপ্তপদী মৈত্রী,সাত পা হাঁটার সাথে বন্ধুত্ব
আহ্লাদী পুতুল,দায়িত্বজ্ঞানহীন
আহ্লাদে আটখানা,আনন্দে আত্মহারা
আহ্লাদে গোপাল,অনুচিত আদরে বিগড়ানো
আহ্লাদে ফুটকড়াই,অত্যধিক বাকস্ফূর্তি
আহ্লাদে ফুটিফাটা,হেসে লুটোপুটি
আহ্লাদের প্রহ্লাদ,আদরের সন্তান
ইঁচড়ে পাকা,বয়সের তুলনায় বেশি পাকা
ইঁদুর কপালে,নিতান্ত মন্দভাগ্য
ইঁদুর কলে পড়া,লোভে ফাঁদে পড়া
ইঁদুর-দৌড়,বেপরোয়া প্রতিযোগিতা
ইঙ্গ-বঙ্গ ভাষা,ইংরাজী-বাংলা মিশ্র ভাষা
ইচ্ছে থাকলে উপায় হয়,প্রবল ইচ্ছায় কঠিন কাজ সম্পন্ন
ইজাজত,সম্মতি
ইজ্জত-কা- সওয়াল,সম্মানের প্রশ্ন
ইটের বদলে পাটকেল,আঘাতের প্রত্যাঘাত
ইটের জবাব পাথরে দেওয়া,কড়া প্রতিক্রিয়া
"ইটে নেই, ভিটে নেই",ঘরদোর কিছুই নেই
ইতরবিশেষ,সামান্যপার্থক্য
ইতিউতি,এদিক-ওদিক
ইতিকর্তব্যবিমূঢ়,কিংকর্তব্যবিমূঢ়
ইতি গজঃ,আংশিক সত্যের আবরণে মিথ্যা
ইতো নষ্টস্ততো ভ্রষ্ট,সমস্ত কিছু পণ্ড
ইদের চাঁদ,অতি কাঙ্ক্ষিত বস্তু
ইনকার,অস্বীকার
ইনসান,মনুষ্যত্ব
ইনসাফ,ন্যায়বিচার
ইনিয়ে বিনিয়ে,ঘুরিয়ে ফিরিয়ে
ইন্তেকাল,মৃত্যু
ইন্তেজাম,সুব্যবস্থা
ইন্তেজার,আগ্রহের অপেক্ষা
ইন্দুরত্ন,মদ্যপ
ইন্দ্রজাল,মায়াবিদ্যা
ইন্দ্রপতন,মহামানবের মৃত্যু
ইন্দ্রপুরী,ঐশ্বর্য্যপূর্ণ প্রাসাদ
ইন্দ্রপ্রসাদী,বৃষ্টির উপর নির্ভরশীল
ইন্দ্রলুপ্ত,মাথাভর্তি টাক
ইন্দ্রীয়দোষ,কামনাবাসনার আধিক্য
ইন্দ্রের শচী,পরের চাটুকারী
ইবলিশ,শয়তানের সর্দার
ইমান,বিশ্বস্ততা
ইয়া আল্লা,খেদ; বিস্ময়
ইয়াঙ্কি কালচার,আমেরিকান আচার ব্যবহার
ইয়ার,আড্ডার সঙ্গী
ইলশেগুড়ি,গুড়িগুড়ি বৃষ্টি
ইলাজ,রোগের উপশম
ইলাহী কাণ্ডকারখানা,বিরাট ব্যাপার
ইলাহী খরচ,মাত্রাতিরিক্ত খরচ
ইলাহী রাত,মহরমের জাগরণের রাত
ইলেভেন্থ আওয়ার,শেষমুহূর্ত
ইল্লতি কাণ্ডকারখানা,নোংরা ব্যাপারস্যাপার
ইশপিশ,অস্থিরতা প্রকাশ
ইসারায় দিশাহারা,প্রলোভনে বিভ্রান্তি
ইষ্ট,আত্মীয়স্বজন
ইষ্টদেবতা,উপাস্য দেবতা
ইষ্টনাম জপা,উপাস্য দেবতাকে স্মরণ
ইষ্টমন্ত্র,গুরুপ্রদত্ত মন্ত্র
ইষ্টসিদ্ধি,অভীষ্ট লাভ
ইস্তক জুতা-সেলাই লাগাত চণ্ডীপাঠ,সংসারের যাবতীয় কাজ
ইস্তক-নাগাদ,শুরু থেকে শেষপর্যন্ত
ইস্পার কি উস্পার,চরম নিস্পত্তি
ঈগলস্বভাব,হিংস্রপ্রকৃতির
ঈদের চাঁদ,আকাঙ্ক্ষিত বস্তু
ঈশানের মেঘ,সঙ্কটের পূর্বাভাস
ঈশ্বরপ্রাপ্তি,অক্কা পাওয়া
উঁচকপালী,দুর্ভাগা নারী
উঁচকপালে,সৌভাগ্যবান
উঁচী দুকান্ ফীকি পকান্‌,দেখনদারী
উঁচুগাছে ঝড় বেশী,বড়কেই ঝক্কিঝামেলা সামলাতে হয়
উঁচুগাছেই মই বাঁধা,সম্ভাবনা বেশি সেখানে থাকা
উঁচু ঘর,ভালো বংশ
উঁচু নজর,উদার দৃষ্টি
উকিলি বুদ্ধি,অতি চালাকি
উকুন বাছা,অকাজ করা
উকুনের দায়ে মাথা মুড়ানো,তুচ্ছবিপদের মারাত্মক আকার
উক্তস্য পুনঃ কথনং,পুনরুক্তি
উগ্রচণ্ড,কলহপ্রিয়
উগ্রমূর্তি,সর্বদা মারমুখি
উচট খেয়ে প্রণাম,অনিচ্ছায় প্রণাম
উচ্চভাষী,রূঢ়ভাষী
উচ্ছিষ্টভোজী,তোষামোদ করে অনুগ্রহলাভকারী
উচ্ছের ঝাড়,কুখ্যাত বংশ
উজবক,আহাম্মক
উজাড় বনে শিয়ালরাজা,নগণ্য কর্তৃত্ব
উজান-ভাঁটি,উন্নতি-অবনতি
উজানে গুণ টানা,বাধা ডিঙিয়ে কাজ
উজানের কই,সহজলভ্য বস্তু
উঞ্ছবৃত্তি,হীন জীবিকা
উটকপালী,কুলক্ষণা নারী
উটকা নারী,স্বামীগৃহ ছেড়ে পিতৃগৃহে যাওয়া নারী
উঁটকে মুঁহমে জীরা,ন্যূনতম বিধান
উটকো খবর,ভিত্তিহীন খবর
উটকোমুখো,কুতসিৎ
উঠ ছুঁড়ি তোর বিয়ে,চটজলদি সিদ্ধান্ত
উটের কাঁটাভোজ,অল্পসুখের জন্য বেশি কষ্ট
উঠতি অবস্থা,উন্নতিশীল
উঠতি বয়স,যৌবনের প্রারম্ভ
উঠতি বাজার,বাজার চড়া
উঠতে বসতে,যখন তখন
উঠন্তমুলোর পত্তনিতে চেনা,আরম্ভ দেখে পরিণাম আন্দাজ
উঠবস,শাস্তির জন্য উঠা-বসা
উঠল বাই তো কটক যাই,চটজলদি সিদ্ধান্ত
উঠাবসা,অন্তরঙ্গতা
উঠান চষা,অকাজ করা
উঠান পেরুলেই অর্ধেক সফর,শুরু হলেই অর্ধেক শেষ
উঠান-সমুদ্র,কূপমণ্ডূক
উঠি-কি-পড়ি,ত্রস্তব্যস্ত
উঠিত-পতিত,চাষ হয় না এমন জমি
উঠে পড়ে লাগা,পূর্ণোদ্যমে কাজে লাগা
উড়নচণ্ডী,অমিতব্যয়ী
উড়নপেকে,অপব্যয়ী
উড়ে এসে জুড়ে বসা,হঠাৎ কর্তা হওয়া
উড়ো কথা,গুজব
উড়ো খই গোবিন্দায় নমঃ,হাতছাড়া জিনিস দান
উড়োচিঠি,বেনামী চিঠি
উৎকপালী,মন্দভাগ্যযুক্তা নারী
উৎকর্ণ,কান খাড়া করে শোনা
উৎকলিকাকুল,অতিশয় উদ্বিগ্ন
উৎপন্নমতি,উপস্থিত বুদ্ধি
উৎপাতের কড়ি চিৎপাতে যায়,অন্যায় অর্থ নষ্ট
উতোর-চাপান,প্রশ্ন ও উত্তর
উত্তমমধ্যম দেওয়া,প্রচুর প্রহার
উত্তরপুরুষ,পরবর্তী প্রজন্ম
উত্তরসূরি,পরবর্তীকালের পণ্ডিত
উত্তরাপথ,ভারতের উত্তরাংশ
উথলপাথল,বিক্ষুব্ধ
উদয়াস্ত,সারাদিন
উদর চিরলে ক বেরোয় না,মহামূর্খ
উদরপরায়ণ,পেটুক
উদরপূরণ,পেট ভরে আহার
উদরসর্বস্ব,মহাপেটুক
উদো,মূর্খ
উদোর পিণ্ডি বুধোর ঘাড়ে,দোষ অন্যের ঘাড়ে চাপানো
উনকুটি চৌষট্টি,অসংখ্য
উনকুটি চৌষট্টি দেবতা,তেত্রিশ কোটি দেবতা
উনকুটি চৌষট্টি পদের রান্না,এলাহি আয়োজন
উনপঞ্চাশ বায়ু,পাগলামি
উনপাঁজুরে,হতভাগ্য
উনপাঁজুরে বরাখুরে,লক্ষ্মীছাড়া
উনভাতে দুনো বল,আধপেটা খেলে ভালো
উনানমুখী,পোড়ামুখী
উনিশ বিশ,সামান্যপার্থক্য
উনিশ-বিশ করা,পক্ষপাতিত্ব করা
উন্নাসিক,দাম্ভিক
উপকণ্ঠ,শহরতলী
উপঢৌকন,ঘুষ
উপযাচক,স্বতঃপ্রবৃত্ত উপকার
উপযাচিকা,স্বতঃপ্রবৃত্ত প্রণয়
উপর উপর,ভাসাভাসা
উপরওয়ালা,বিধাতা
উপরচড়া,গায়ে পড়ে ঝগড়া
উপরচাপ,উপরওয়ালার আদেশ
উপরচাল,দেখনদারী
উপরতলা,ধনিক অবস্থান
উপর-নজর,কুদৃষ্টি
উপরপড়া,অনধিকার চর্চাকারী
উপরমহল,সরকারীস্তর
উপরি আয়,অসৎপথে অর্জিত আয়
উপরি-উপরি,একটানা
উপরি খরচ,অতিরিক্ত ব্যয়
উপরে ওঠা,কর্মস্থলে উন্নতি
উপরে চিকণ চাকণ ভিতরে খেড়,বাইরের আড়ম্বর
উপরোধে ঢেঁকি গেলা,অনুরোধে দুরূহ কাজ
উপলভোগ,চিনির নৈবদ্য
উপুড়হস্ত,দানশীল
উপোসী ছারপোকা,অভাবগ্রস্ত লোক
"উপোসে কেউ নয়, পারণের গোঁসাই",ফলভোগের সময় সবাই হাজির
উভয়প্রান্তে মোমবাতি জ্বালানো,অযথা অর্থব্যয়
উলটপালট,বিশৃঙ্খল অবস্থা
উলুখাগড়া,সাধারাণলোক
উলুবনে কীর্তন,অস্থানে মূল্যবান বস্তু
উলুবনে মুক্তা ছড়ানো,অপাত্রে মহার্ঘবস্তু
উলুবনে সাঁতার দেওয়া,চরম মূর্খামি
উল্কাপতন,বিখ্যাত ব্যক্তির মৃত্যু
উল্কামুখী,সদাক্রুদ্ধ নারী
উল্টা বুঝলি রাম,বিপরীত বুদ্ধি
উল্টে চোরা কোতয়ালকে ডাঁটে,চোর সাধুকে চোর বলা
উল্টো ঢেকুর,বাতকর্ম
উল্টোপুরাণ,বিপরীত কাহিনি
উল্লুক,মূর্খ
উশখুশ করা,অস্বস্তিভাব প্রকাশ
উষসী,রূপবতী নারী
উষ্ট্রকণ্টকভোজনন্যায়,অল্পসুখের জন্য বেশি কষ্ট
উসকো মাটিতে বিড়াল হাগে,সবলের আধিপত্য
উস্তম পুস্তম করা,উত্ত্যক্ত করা
ঊনকোটি চৌষট্টি,অসংখ্য
ঊনকোটি চৌষট্টি দেবতা,ত্রেত্রিশ কোটি দেবতা
ঊনকোটি চৌষট্টি ব্যঞ্জন রান্না,এলাহি আয়োজন
ঊনপঞ্চাশ বায়ু,পাগলামি
ঊনপঞ্চাশে পাওয়া,ভীমরতি ধরা
ঊনপাঁজুরে,হতভাগ্য
ঊনপাঁজুরে বরাখুরে,লক্ষ্মীছাড়া
উনিশ-বিশ,সামান্য পার্থক্য
ঊর্ধ্বচারী,কল্পনাপ্রবণ
ঊর্ধ্বতন,উপরওয়ালা
ঊর্ধ্বদৃষ্টি,উদাসীন
ঊর্ধ্বশ্বাসে,দ্রুতলয়ে
ঊর্মিমালী,সমুদ্র
ঋণচোর,যে কখনো ঋণ শোধ করে না
ঋণ-ছ্যাচড়া,টাকা থাকতেও যে ঋণ শোধ করে না
ঋণজাল,দেনার দায়
ঋতুপর্ণা,পাতাঝরা গাছপালা
ঋতুরাজ,বসন্তকাল
ঋপু,শত্রু
ঋষিশ্রাদ্ধ,ঘটা করে শুরু লঘু করে শেষ
এঁচড়ে পাকা,অকালপক্ব
এঁটিলি,রক্তচোষা
এঁটে ওঠা,সামলে ওঠা
এঁটে দেওয়া,লাগিয়ে দেওয়া
এঁটে যাওয়া,সঙ্কুলান হওয়া
এঁটো-কাঁটা,ভুক্তাবশেষ
এঁটোকাঁটার বিচার,ছোঁয়াছুঁয়ির বিচার
এঁটোখেকো,উচ্ছিষ্টভোগী
এঁড় কাটা,পুরুষত্বহীন
এঁড় দেখানো,ফাঁকি দেওয়া
এঁড়ে,একরোখা
এঁড়ে গরুর দুধ,অসম্ভব বস্তু
এঁড়ে গলা,কর্কশ কন্ঠস্বর
এঁড়ে তর্ক,যুক্তিহীন তর্ক
এঁড়ে তেল দেওয়া,তোষামোদ করা
এঁড়ে লাগা,অজীর্ণরোগ
এঁড়ে লোক,একগুঁয়ে লোক
এঁড়ে ষণ্ড,একরোখা কাণ্ডজ্ঞানহীন
এঁদো,অন্ধকারময়
এ-ও-তা,অপ্রাসঙ্গিক কথা
এ-ও-সে,নগণ্য ব্যক্তি
এক আঁচড়ে বোঝা,সামান্য দেখে সব বোঝা
এক আকাশে দুই সূর্য,দুই প্রবল প্রতিদ্বন্দ্বী
এক আঙুলে তুড়ি লাগে না,দ্বন্দ্বে দুইপক্ষ লাগে
এক আধটা,অল্পসংখ্যক
এক আধটু,অল্প পরিমাণ
এক আধদিন,কদাচিৎ
এক আর একে এগারো হয়,সংগঠনে শক্তি বাড়ে
এক-এক,নানাপ্রকার
এক ওয়াকিফহাল সাত নবিসিন্দা,এক পারদর্শী সাত শিক্ষানবিশ
এক কড়া বুদ্ধি নেই চার কড়ার মেজাজ,অবোধের হম্বিতম্বি
এককড়া,সামান্য পরিমাণ
এককড়াই দুধে একফোঁটা চোনা,একদোষে সবগুণ নষ্ট
এককথা,অপরিবর্তনীয় কথা
এককথায়,দ্বিধাহীন চিত্তে
এককথায় দু'কথায়,আলাপ আলোচনায়
এককথার মানুষ,কথারাখে
এক করা,মিলিত করা
এককলম লিখে দেওয়া,নিশ্চিত উক্তি
এককলমী,কলম লেখক
এককলসী,প্রচুর জলীয় পদার্থ
এককলসী দুধে একফোঁটা চোনা,একদোষে সব নষ্ট
এককলসীর জল,একগোষ্ঠীভূক্ত
এককাঁড়ি,প্রচুর পরিমাণ
এক কাজের কাজি,সমান কার্যকারী
এককাট্টা,সংঘবদ্ধ
এককাঠি বাজে না,লড়াইয়ে দুইপক্ষ
এককাঠি সরেস,একটু বেশি বদ
এককান,একজন
এককানে শোনা আর এক কানে বের করা,অগ্রাহ্য করা
এককাপড়ে বেরিয়ে পড়া,প্রস্তুতিছাড়া যাত্রা
এককালীন,একবারের মত
এককালে,একসময়ে
এক-কে একুশ করা,সামান্যকে বাড়ানো
একক্ষুরে মাথা কামানো,একগোত্রীয়
এককুঁয়োর ব্যাঙ,একগোষ্ঠীভূক্ত
এক খাই আর এক থিতাই,অতি সতর্ক
একখান,একখণ্ড
একখাপে দুই তরোয়াল,দুই প্রবলশক্তি
একগঙ্গা,প্রচুর
একগলা,গলাপর্যন্ত
একগা,সর্বাঙ্গভর্তি
একগাঙের চিল,একদলের লোক
একগাছা,লম্বা একখণ্ড
একগাছি,লম্বা ও সরু
একগাদা,প্রচুর পরিমাণ
একগাল,গালভরা
একগাল মাছি,মহাবিব্রত
একগাল ভাত,মুখভর্তি ভাত
একগাল হাসি,মনখুলে হাসি
একগুঁয়ে,জেদী
একগুরুর শিষ্য,সমান দুষ্টপ্রকৃতি
একগেলাসের ইয়ার,প্রগাঢ় বন্ধুত্ব
একগোছা,একআঁটি
একগোয়ালের গরু,একদলভুক্ত
একঘর,ঘরভর্তি
একঘরিয়া,সমাজচ্যুত
একঘাটে জল খাওয়া,সহাবস্থান
একঘাটের জল,সমগোত্রীয়
একঘেয়ে,বৈচিত্রহীন
একচক্ষু,একচোখ কানা
একচক্ষু হরিণ,একদেশদর্শী
একচিত্,একাগ্রচিত্ত
একচিমটি নুন দিয়ে গ্রহণ,সম্পূর্ণ বিশ্বাস না করা
একচুল,অত্যল্প পরিমাণ
একচেটিয়া,একাধিপত্য
একছাতার তলে বাস,এক স্বভাবের লোক
একছুট,এক দৌড়
একজন,অনির্দিষ্ট একব্যক্তি
একজন-না-একজন,অন্তত একজন
এক জলাশয়ের মাছ,একদলের লোক
একজাই,মোটহিসাব
একজোট,দলবদ্ধ
একঝলক,অল্প সময়ের দৃশ্য
একঝাঁক,একদল
একঝাঁকের কৈ,একজাতের লোক
একটা,এককসংখ্যক
একটা কিছু,অজানা কিন্তু আছে
একটা দুটো,কয়েকটা
একটানা,অবিরাম
একটা-না-একটা,শেষ নেই
একটু-আধটু,সামান্যপরিমাণ
একটু,অতি অল্পপরিমাণ
একটেরে,একপাশে
একঠাঁই,একত্র
একডাকে চেনা,সর্বজনবিদিত
একডাকের পথ,অল্পপথ
একঢিলে দুইপাখি মারা,একপ্রচেষ্টায় দুই উদ্দেশ্য
একঢোল এককাঁসি,ন্যূনতম
একতরফা,পক্ষপাতদুষ্ট
একতাই বল,সংগঠনে শক্তি
একতান,ঐক্যতান
একতালে,একভাবে
একতিয়ার,অধিকার
একতিল,তিলমাত্র
একতুড়িতে,অনায়াসে
একথোকে,একসঙ্গে
একদন্তী,গনেশ
একদম,সম্পূর্ণরূপে
একদমা,থেমে যায়
একদমে,নিমেষের মধ্যে
একদিন,চূড়ান্ত নিস্পত্তি
একদিন-না-একদিন,অবশ্যই একদিন
একদিন শয়তান সবদিন শয়তান,স্বভাব যায় না
একদৃষ্টি,অপলক দৃষ্টি
একদেশদর্শী,সঙ্কীর্ণমনা
একনজরে,একবার দেখেই
একনলা,একগ্রাসে
একনাগাড়ে,অবিরাম
একনিমেষে,পলক ফেলতে যতক্ষণ
একনিঃশ্বাসে,দ্রুতগতিতে
এক পয়সা মা-বাপ,অতিকৃপণ
এক পা কবরে,মৃত্যু আসন্ন
এক পা জলে এক পা স্থলে,দ্বিধা-দ্বন্দ্ব
এক পা যাওয়া,অতি অল্পদূর
একপায়ে খাড়া,ব্যগ্র
এক পালকের পাখি,একদলভুক্ত
একপেট,ভরাপেট
একপেশে,পক্ষপাতী
একপ্রস্থ,একদফা
একফালা,লম্বালম্বি একখণ্ড
একবগ্গা,জেদী
একবনে দুইবাঘ,প্রবল প্রতিদ্বন্দ্বী
একবনের শিয়াল,এক গোষ্ঠীভূক্ত
একবর্ণ,কিছুমাত্র
একবস্ত্রে,প্রস্তুতিছাড়া
একবাক্যে,সমস্বরে
একবার বলা,বিনা-আপত্তিতে
একবারে,সম্পূর্ণভাবে
একবোতলের বন্ধু,প্রগাঢ় বন্ধুত্ব
একমনে,একাগ্রচিত্তে
একম-এব-অদ্বিতীয়ম,অদ্বিতীয়
একমাঘে শীত যায় না,বিপদ একবারই আসে না
একমুখী,এক মুখবিশিষ্ট
একমুখে,একদিক বরাবর
একমুখে দুই কথা,কথার ঠিক নেই
একমুখো রাস্তা,একদিকে বেরুনো পথ
একমুঠো ভাত,সামান্য আহার্য
একমুরগি দুবার জবাই,একই অপরাধে দুবার শাস্তি
একমেটে,প্রথম হস্তক্ষেপ
একমেবামাদ্বিতীয়ম,তুলনারহিত
একযাত্রায় পৃথক ফল,অভিন্নকাজের ভিন্ন ফল
একযোগে,সম্মিলিতভাবে
একরতি,অত্যল্প পরিমাণ
একরারনামা,স্বীকারোক্তি
একরাশ,স্তুপিকৃত
একরোকা,একগুঁয়ে
একলপ্ত,অখণ্ড
একলষেঁড়ে,অসামাজিক
একলা,নিঃসঙ্গ
একলা-একলি,নিভৃতে
একলা-দোকলা,অত্যল্প
একলাঠিতে সাতসাপ মারা,এক উপায়ে অনেক কাজ
একশরণ,একমাত্র আশ্রয়
একশা,একাকার
একশেষ,চরম
একসময়,অনির্দিষ্ট কোনসময়
একসানকির ইয়ার,প্রগাঢ় বন্ধুত্ব
একহাঁটু,হাঁটুপর্যন্ত
একহাত দেখা,প্রচুর তিরস্কার
একহাতে,একাকী
একহারা,রোগা-পাতলা
একহালি,সংখ্যায় চার
একাই একশ,অসাধারণ কুশলী
একা একা,একাকী
একাকার,সমান আকার
একাগ্রচিত্ত,নিবিষ্টমনা
একা ঘরের গিন্নি,পূর্ণকর্তৃত্ব
একাদশে বৃহস্পতি,পরম সৌভাগ্য
একাধারে,যুগপদ
একান ওকান করা,গোপন রটানো
একান্ন,একসাথে আহার
একান্নবর্তী পরিবার,যৌথপরিবার
একান্ত,নিতান্ত
একান্তপক্ষে,নিতান্তই যদি
একান্তে,গোপনে
একা রামে রক্ষা নাই তায় সুগ্রীব দোসর,দুর্ভোগের উপর দুর্ভোগ
একাল-ওকাল,ইহকাল ও পরকাল
একাল-সেকাল,বর্তমানকাল ও অতীতকাল
একাসন,অভিন্ন আসন
একাহারী,একবারমাত্র ভোজনকারী
একিন,দৃঢ় প্রত্যয়
একুনে,সর্বসমেত
একুল-ওকুল,পিতৃকুল ও মাতৃকুল
একুল ওকুল দুকুল যাওয়া,সব আশ্রয় হারানো
একূল-ওকূল,নদীর দুইপার
একূল ওকূল দুকূল যাওয়া,সম্পূর্ণনিরাশ্রয়
একে একে,পরপর
একে চায় আরে পায়,অযাচিত প্রাপ্তির আনন্দ
একেবারে,হঠাৎ
একেবারেই,পুরোপুরি
একেশ্বরী,পূর্ণকর্তৃত্বসম্পন্না
একোদিষ্ট,একজনমাত্র মৃতের শ্রাদ্ধ
এক্কাগাড়ী,একঘোড়ায় টানা গাড়ী
এক্কা-দোক্কা,মেয়েদের খেলা
এক্স-গ্রাসিয়া,কৃপাক্রমে প্রদত্ত
এখতিয়ার,ক্ষমতা
এখনকার মত,আপাততঃ
এখানকার মাটি ওখানে,ধান্ধাবাজী
এখন-তখন অবস্থা,মূমুর্ষু
এখানে সেখানে,চারিদিকে
এগিয়ে দেওয়া,পথে সঙ্গে যাওয়া
এগিয়ে যাওয়া,উন্নতি করা
এগুলে রাম পিছুলে রাবণ,উভয়সঙ্কট
এজাজত,অনুমতি
এজমালি,যৌথমালিকানা
এজলাস,বিচারাসন
এজাহার,লিখিত অভিযোগ
এটা-ওটা-্সেটা,নানা অবান্তর জিনিস
এ-টু-জেড,পুরোটা
এড়া কাজে বেড়া,জটিলকাজে বিপত্তি
এড়ে দিয়ে তেড়ে ধরা,নিস্ফল প্রচেষ্টা
এণ্ডাবাচ্চা,ছোটছোট ছেলেনেয়ে
এণ্ডায় গণ্ডায়,ফাঁকি দিয়ে
এত এত,প্রচুর
এতটুকু,সামান্যতম
এতবার,বারবার
এতেরাজ,আপত্তি
এতিম,অনাথ বালক
এত্তেলা,খবর
এদিক-ওদিক,ইতস্ততঃ
এদিক ওদিক করা,দ্বিধায় পড়া
এদিক নেই ওদিক আছে,অক্ষমের আবদার
এদিক সেদিক করা,ফাঁকি দেওয়া
এদিকও না ওদিকও না,স্থির করতে না পারা
এধার ওধার,এদিক ওদিক
এনকোর,পুনরায় দেখার অনুরোধ
এন্থু,উৎসাহ
এনাফ ইজ এনাফ,যথেষ্ট হয়েছে
এনার্জি,শক্তি
এন্তার,অবিরাম
এন্তেকাল,মৃত্যু
এন্তেজাম,বন্দোবস্ত
এন্তেজার,প্রতীক্ষা
এপাশ-ওপাশ,উভয় দিক
এপাশ-ওপাশ করা,গড়াগড়ি দেওয়া
এপিঠ-ওপিঠ,উপর-নিচ
এফিডেভিট,শপথপত্র
এফোঁড়-ওফেঁড়,সম্পূর্ণভাবে বিদ্ধ
এবাদত,উপাসনা
এবড়ো-খেবড়ো,অসমান
এমনকিছু,উল্লেখযোগ্য
এমনি এমনি,বিনাকারণে
এমনি একরকম,মোটামুটি ভালো
এমুড়ো-ওমুড়ো,আপাদমস্তক
এযাত্রা,এবারের মত
এয়োসুয়া,সধবানারীদের দল
এরপর কথা নেই,কথা সমাপ্ত
এরাদা,অভিপ্রায়
এলাজ,চিকিৎসা
এলাহিকাণ্ড,বিরাট আয়োজন
এলাহি রাত,মহরমের জাগরণ
এলেবেলে,গুরুত্বহীন
এলেম,দক্ষতা
এলোকেশ,খোলাচুল
এলোখোঁপা,আলগা খোঁপা
এলোপাথাড়ি,ক্রমাগত
এলো বলে,সম্ভাবনাবিষয়ক
এলোমেলো,বিশৃঙ্খল
এসপার ওসপার,চূড়ান্ত মীমাংসা
এ্যাড হক,বিশেষ উদ্দেশ্যে গঠিত
এ্যাড লিব,উপস্থিতমতো যোগ
এ্যাড ইনফিলিটাম,অনন্তকাল
এ্যাড ইনটেরিম,মধ্যকালীন
এ্যাড ভালোরেম,মূল্যানুযায়ী
ওঁত/ওতপাতা,সুযোগের অপেক্ষা
ওই যা গেল যা,বিস্ময়ে আক্ষেপ
ওকালতি,পক্ষ সমর্থন
ও কে,সম্মতি
ওগরানো,বাধ্য ফেরত
ওজন,মর্যাদা
ওজন বুঝে চলা,আত্মসম্মান রক্ষা
ওজনদার,ক্ষমতাশালী
ওজর,অজুহাত
ওঝার ঘাড়ে ভূতের বোঝা,উদ্ধারকারী বিপদ
ওঝার ব্যাটা বনগরু,পণ্ডিতের মূর্খ ছেলে
ওটবস,অন্তরঙ্গতা
ওঠ ছুঁড়ি তোর বিয়ে,চটজলদি
ওপার,পরলোক
ওয়াকালতনামা,ওকালতনামা
ওয়াকিবহাল,অবস্থাভিজ্ঞ
ওয়াকেনবীশ,আদেশলেখক
ওয়াক্ত-বে-ওয়াক্ত,সময়-অসময়
ওয়াদা,প্রতিশ্রুতি
ওয়াপস,ফেরত
ওয়ারিশ,বংশধর
ওয়ারিশনামা,উত্তরাধিকারপত্র
ওয়ারিসৎনামা,শেষ ইচ্ছাপত্র
ওয়াস্তা,পরোয়া
ওরফে,নামান্তরে
ওলটপালট,বিশৃঙ্খলা
ওলা-ওঠা,কলেরা
ওষুধ,শাস্তি
ওষুধ করা,বশ করা
ওষুধ দেওয়া,শাস্তি
ওষুধ ধরা,প্রভাবান্বিত
ওষুধ পড়া,প্রভাব পড়া
ওষ্টাগত প্রাণ,মুমূর্ষু
ওস্তাগর,নিপুণ কারিগর
ওস্তাদ,দক্ষ
ওস্তাদি,দক্ষতা
ঔষধ করা,চিকিৎসা করা
ঔষধ ধরা,পরামর্শ সফল হওয়া
ক অক্ষর গো মাংস,বর্ণপরিচয়হীন মহামূর্খ
ক খ,প্রাথমিক জ্ঞান
ক বলতে হ বলে,অক্ষরজ্ঞানহীন মহামূর্খ
কই মাছের প্রাণ,কড়া জান
কইয়ে বলিয়ে,কথা বলায় দক্ষ
কইয়ের তেলে কই ভাজা,একদোষে সবগুণ নষ্ট
কংস মামা,নির্মম আত্মীয়
কংস মামার আদর,কৃত্রিম ভালবাসা
কংস রাজার বদ ফরমাশ,অন্যায় আদেশ
কঙ্কণ,ভূষণ
কঙ্কালসার,কঙ্কাল
কচকচি,কলহ
কচকচে,কাঁচা ফল
কচরকচর,তর্কবিতর্ক
কচলা-কচলি,দর কষাকষি
কচিকাঁচা,ছোটছোট ছেলেমেয়ে
কচি খোকা,অবোধ শিশু
কচু,কিছু না
কচুকাটা করা,নির্মমভাবে ধ্বংস
কচুঘেঁচু,তুচ্ছ জিনিস
কচুপোড়া,কিছুই না
কচুপোড়া খাও,ব্যর্থ হয়ে পড়ে থাকো
কচুবনের কালাচাঁদ,লম্পটচরিত্রের লোক
কচেবারো,সহজলভ্য সুযোগ
কচ্ছপের কামড়,নাছোড়বান্দা
কঞ্চি খবরদার,সামান্যবস্তুর দিকে কড়া নজর
কঞ্চিতে বংশলোচন জন্মানো,নীচের উচ্চপদ
কনকনে,তীব্র অনুভূতি
কনকাম্ভোজ,গৌরবময় পূর্ণ বিকাশ
কনেচন্দন,মুখ চিত্রিতকরণ
কনে দেখা আলো,গোধূলির স্বর্ণালী আলো
কনেবউ,নববিবাহিতা বধু
কনেযাত্রী,বিয়ের অতিথিবর্গ
"কনের ঘরের মাসি, বরের ঘরের পিসি",উভয়পক্ষের আত্মীয়
কন্দলি,কলহপ্রিয়া
কন্দর্প,সুন্দর কান্তি
কন্ধকাটা,কল্পিত মুণ্ডবিহীন ভূত
কন্যাকাল,বিবাহযোগ্য বয়স
কন্যাপণ,যৌতুক
কপচানো,পাখির বুলি আওড়ানো
কপর্দক,কড়ি
কপর্দকশূন্য,নিঃস্ব
কপাল,অদৃষ্ট
কপাল আগুন,দুর্ভাগ্য
কপাল কাটা,অদৃষ্ট মন্দ
কপাল ক্রমে,সৌভাগ্যবশতঃ
কপাল গুণে গোপালঠাকুর,অযোগ্যর ভাগ্যগুণে
কপাল গুণে গোপাল মেলা,কুসন্তান লাভ
কপাল চাপড়ান,অদৃষ্টের দোহাই
কপালজোর,ভাগ্যজোর
কপাল গুণে গোপাল মেলে,ভাগ্যের জোরে ভালো অবস্থা
কপাল টনটনে,মন্দভাগ্য
কপাল ঠোকা,দৈবের কাছে মাথা খোঁড়া
কপাল ঠুকে কাজে নামা,অদৃষ্টে যা আছে তাই হবে
কপাল দোষ,মন্দভাগ্য
কপাল পোড়া,সৌভাগ্য নষ্ট
কপালপোড়া,হতভাগ্য
কপাল ফেরা,সৌভাগ্য লাভ
কপাল ভাঙা,দুর্ভাগ্যে পতিত
কপালী,আভাগী নারী
কপালে পুরুষ,ভাগ্যবান
কপালে হাত দেওয়া,ভাগ্যের দোহাই
কপালের খোঁচা,দুর্দৈব
কপালের ভোগ,কর্মফল
কপোত-কপোতী,প্রেমিক-প্রেমিকা
কপোতবৃত্তি,সঞ্চয়হীন জীবন
কপোলকল্পনা,মনগড়া কথা
কফিনে শেষ পেরেক ঠোকা,সম্পূর্ণ বিনাশ
কবর খোঁড়া,নিজের ক্ষতি
কবর দেওয়া,পরিত্যাগ
কবল,জবরদখল
কবলানো,ঘুষ দেওয়া
কবুল,স্বীকার
কবোষ্ণ,ঈষদোষ্ণ
কব্জা,অবাঞ্ছিত অধিকার
কব্জা করা,আয়ত্তে আনা
কম আক্কেল,বুদ্ধিহীন
কম কথা নয়,উপেক্ষার বিষয় নয়
কমজোর,দুর্বলতা
কমপানির মাছ,বোকাসোকা লোক
কমবক্ত,হতভাগা
কমবেশী,অল্পাধিক
কমল-আঁখি,পদ্মের মত চোখ
কমলাসনা,লক্ষ্মীদেবী
কমলিনী,শ্রীরাধিকা
কমসম,অল্পসল্প
কম-সে-কম,কমপক্ষে
কম্বল ছাড়ছে না,নাছোড়বান্দা
কম্বলের লোম বাছা,অসাধ্য কাজ
কম্বুকণ্ঠ,গম্ভীর কণ্ঠস্বর
কয়লা ছাড়ে না ময়লা,স্বভাব দোষ
কয়েদ,বন্দী
করকরে,একেবারে নতুন
করকিশলয়,আঙুল
করকুষ্ঠি,হাতের রেখা
করজোড়ে,জোড়হাত
করণকারণ,বিবাহ
করতলগত,হস্তগত
করপল্লব,সুন্দর হাত
করপুট,জোড়হস্ত
করমুক্ত,খাজনামুক্ত
করাতের দাঁত,উভয়সঙ্কট
করালবদনা,ভীষণমুখবিশিষ্টা
করিৎকর্মা,কর্মঠ
করুণার অবতার,কিম্ভূত আকার
করে খাওয়া,জীবিকা অর্জন
করেকর্মে খাওয়া,পরিশ্রমে অন্নের সংস্থান
কর্জ নেই কষ্ট নেই,ঋণ থাকলে ভয়
কর্ণগোচর হওয়া,শোনা
কর্ণপাত করা,গুরুত্ব দেওয়া
কর্তাগিন্নি,স্বামী-স্ত্রী
কর্তাগিরি,কর্তৃত্ব প্রদর্শন
কর্তাভজা,তোষামোদকারী
কর্তার ইচ্ছাই কর্ম,প্রভুর নির্দেশে কাজ
কর্মকাণ্ড,যজ্ঞাদি কর্ম
কর্মনাশা,কর্মবিঘ্নকারী
কর্মফল,কৃতকর্মের ফল
কর্মফের,দুরদৃষ্ট
কর্মভোগ,দুষ্কর্মের ভোগান্তি
কর্মসূত্রে,কাজের প্রয়োজনে
কল,ফাঁদ
কলকণ্ঠ,মধুর কণ্ঠ
কলকব্জা,যন্ত্রের অংশ
কলকাকলি,সুমধুর ধ্বনি
কলকাঠি,পরিচালন ক্ষমতা
কলকাঠি নাড়া,গোপনে পরিচালনা
কলকে পাওয়া,আসরে মর্যাদা
কলকৌশল,চাতুর্যপূর্ণ উপায়
কলজে পুরু,হৃদয়বান
কলজের জোর,অত্যধিক সাহস
কলজে পুড়ে খাঁক,শোকে পাগল
কল টেপা,কুপরামর্শ দেওয়া
কলতান,বহুকন্ঠের গুঞ্জন
কলম করা,চারা করা
কলম পেশা,লেখকবৃত্তি
কলমবাজ,পেশাদার লেখক
কলমের খোঁচা,ক্ষতিকর লেখা
কলমের জোর,বিদ্যাবল
কলমির ঝাড়,বহু সদস্যের বংশ
কলরব,কোলাহল
কলস্বন,সুমধুর ধ্বনি
কলা,কিছু না
কলা করা,কিছুই না করা
কলাকৌশলে,চাতুর্যপূর্ণ উপায়ে
কলা খাও,বানর পদবাচ্য
কলা দেখানো,অগ্রাহ্য করা
কলাপোড়া,কিছুই না
কলাবধূ,ঘোমটাটানা বউ
কলার ভেলায় সাগরপার,অসাধ্যসাধন
কলা হওয়া,কিছুই না হওয়া
কলিকা পাওয়া,আসরে মর্যাদা
কলিকাবয়সী,প্রথমযৌবন
কলিকাল,অনাচারের কাল
কলিজা পুরু,আসমসাহসিক
কলিজা পুড়ে খাঁক,শোকে ছাই
কলি ফেরানো,বাড়ী চুনকাম
কলির অবতার,চরম বদমায়েশ
কলির অর্জুন,লক্ষ্যে অভ্রান্ত
কলির কেষ্ট,লম্পটচরিত্রের লোক
কলির প্রহ্লাদ,কু-পিতার কুসন্তান
কলির ভীম,মহাপেটুক
কলির যুধিষ্টির,কপটব্যক্তি
কলির লক্ষ্মী,অঙ্গসাজে অর্থ ব্যয়
কলির সন্ধ্যা,দুর্ভাগ্যের সূত্রপাত
কলুর বলদ,চিন্তাশক্তিহীন
কলে পড়া,লোভে ফাঁদে পড়া
কলেপড়া,গতানুগতিক
কলেবর,শরীর
কলের গান,গ্রামফোন
কলের পুতুল,ব্যক্তিত্বহীন
কল্কে পাওয়া,আসরে মর্যাদা
কল্পতরু,অভীষ্টপূরণকারী
কল্পলোক,কল্পনার রাজ্য
কল্লা বুকে বল্লা,মধুলোভী ভ্রমর
কল্লা ঘাড়ে বল্লার কামড়,দুষ্টের শাস্তি
কষ,উদ্যম
কষকষ,হিংসা
কষতে কষতে বাঁধনা ছেঁড়া,টানাটানির বিপত্তি
কষাকষি,দ্বন্দ্ব
কষিত কাঞ্চন,খাঁটি লোক
কষ্টেসৃষ্টে,অনেক কষ্টে
কসবা,ছোট সহর
কসম,শপথ
কসরৎ,কৌশল
কসাই,নির্মম স্বার্থপর
কসাইখানা,নির্মম স্থান
কসাইগিরি,হৃদয়হীন আচরণ
কসাইয়ের হাতে পড়া,নিষ্ঠুরের খপ্পরে
কসুর,দোষ
কস্তাকস্তি,লড়ালড়ি
কস্মিনকালে,কখনো
কহিয়ে বলিয়ে,অনর্গল বক্তা
কাঁইমাই,দুর্বোধ্য কথা
কাঁকলাস,অত্যন্ত কৃশ
কাঁকুড়লতার গর্ভধারণ,নিজের মৃত্যু ডেকে আনা
কাঁখবিড়ালি,বগলের ফোঁড়া
কাঁচকলা,কিছু না
কাঁচ কাঁচ মণির্মণি,যে যা তাই থাকে
কাঁচপোকায় আরশোলা ধরা,নিস্কৃতির পথ নেই
কাঁচা আনাজ,শাকসব্জি
কাঁচা অর্থ,হিসাব-বহির্ভূত পয়সা
কাঁচা কথা,পরিবর্তনযোগ্য কথা
কাঁচা কাজ,অপটু হাতের কাজ
কাঁচা কাঁঠালের বোঁটায় কীল,অসম্ভবকে সম্ভব
কাঁচা খাতা,খসড়া
কাঁচাঘর,মাটির ঘর
কাঁচা ঘুম,অপূর্ণ ঘুম
কাঁচা টাকা,বিনা পরিশ্রমে অর্জিত
কাঁচাপাকা,আধা কাঁচা
কাঁচাবয়স,অপরিণত বয়স
কাঁচাবাজার,শাকসবজির বাজার
কাঁচাবাঁশে ঘুণ ধরা,অল্পবয়সে চরিত্র নষ্ট
কাঁচাবুদ্ধি,অনভিজ্ঞতা
কাঁচা হাত,আনাড়ি
কাঁচা হাতের কাজ,খুঁতযুক্ত কাজ
কাঁচা হিসাব,চুড়ান্ত নয়
কাঁচানো,পুনরায় সূচনা
কাঁচুমাচু,সংকুচিত
কাঁচে কাঞ্চনে সমান,ভালমন্দের তফাত নেই
কাঁচের ঘরে বসে ঢিল ছোঁড়া,বোকার কাজ
কাঁটা,বিঘ্ন
কাঁটাকুটা,জঞ্জাল
কাঁটাগাছের তলায় থাকা,বিপদের আশঙ্কায়
কাঁটা দিয়ে কাঁটা তোলা,শত্রুর বিরুদ্ধে শত্রু লাগানো
কাঁটা তোলা,শত্রু নাশ
কাঁটা দেওয়া,বাধা সৃষ্টি
কাঁটাবন,আগাছাপূর্ণ জঙ্গল
কাঁটা হওয়া,শিউরে ওঠা
কাঁটায় কাঁটায়,ঠিক সময়ে
কাঁঠাল পাকানো,দ্রুত কার্যসিদ্ধি
কাঁঠালের আঠা,সহজে ছাড়ে না
কাঁঠালের আমসত্ত্ব,অবাস্তব বস্তু
কাঁঠালের ছাল,রসকষহীন
কাঁড়ানো চালে তিন ঘা পাড়,সম্পন্ন কাজে পরিশ্রম
কাঁড়ি কাঁড়ি,প্রচুর টাকা
কাঁদুনি গাওয়া,কাতর অনুনয়
কাঁধ দেওয়া,সাহায্য করা
কাঁধে কাঁধ মেলানো,পরস্পর সহযোগিতা
কাঁধে কুড়ুল বনময় খোঁজা,আপনভোলা
কাঁধে ঝুলি নেওয়া,ভিক্ষার জন্য বার
কাঁধে নেওয়া,দায়িত্ব নেওয়া
কাঁহাতক,কতক্ষণ পর্যন্ত
কা কস্য পরিবেদনা,বৃথা হাহুতাশ
কাককাঁকুড় জ্ঞান,ভালোমন্দ ভেদজ্ঞান
কাককাঁকুড় জ্ঞান নেই,বোধশক্তি শূন্য
কাক-কোকিলে ভেদ,ভালোমন্দ ভেদ
কাক-কোকিলের সমান দর,ভালমন্দের তফাত নেই
কাকচক্ষু,নির্মল চক্ষু
কাকজোছনা,শেষরাত্রির জ্যোৎস্না
কাকতন্দ্রা,কপট ঘুম
কাকতাল,কার্যকারণহীন ঘটনা
কাকতালীয় ব্যাপার,আকস্মিক সাদৃশ্য
কাকপক্ষ,কানপাটা
কাকপদ,উদ্ধৃতি চিহ্ন
কাকপুচ্ছ,কোকিল
কাকপুষ্ট,কোকিল
কাকফল,নিমফল
কাকবন্ধ্যা,এক প্রসবিনী
কাকবলি,কাককে আহার
কাকভীরু,প্যাঁচা
কাকভূষণ্ডী,বহুদর্শী বৃদ্ধ
কাকভোর,খুব সকাল
কাকলাস,কৃশকায়
কাকলি,মধুর গুঞ্জন
কাকশীর্ষ,বকফুল
কাকস্নান,অল্পজলে স্নান
কাকিলা বউ,সন্তান প্রতিপালন অক্ষম নারী
কাকুতিমিনতি,কাতর বচন
কাকের ছাঁ বকের ছাঁ,কুৎসিত লেখা
কাকের বাসায় কোকিলের ছা,পরের অন্নে প্রতিপালিত
কাকের পিছে ফিঙে লাগা,ব্যতিব্যস্ত করা
কাকের রাখা,নিজেই না জানা
কাকুতি-মিনতি,অনুনয়-বিনয়
কাকোদর,কুৎসিত উদর
কাগজপত্র,দলিলসমূহ
কাগজে কলমে,লিখিতভাবে
কাগাবগা,উচ্ছৃঙ্খল
কাগের ছা বগের ছা,সাদাকালো লেখা
কাগুজে বাঘ,মিথ্যা ভয়
কাঙলা আপনা সামলা,নিজে যে বাঁচা
কাঙালপনা,লোলুপতা
কাঙালি বিদায়,অবজ্ঞার দান
কাঙালের ঘোড়ারোগ,দরিদ্রের সাধ্যতীত শখ
কাচুমাচু,সংকুচিত
কাচ্চাবাচ্চা,কচি ছেলেমেয়ে
কাছাকাছি,লাগোয়া
কাছা আলগা,অসতর্ক
কাছা ধরা,চাটুকার
কাছায় হাগা,কাপুরুষ
কাছেকাছে,সঙ্গেসঙ্গে
কাছেপিঠে,সন্নিকটে
কাজ আদায় করা,খাজ লওয়া
কাজকর্ম,দৈনন্দিন কার্য
কাজকাম,কার্যমাত্র
কাজ কী,নিষ্প্রয়োজন
কাজ দেওয়া,দায়িত্ব অর্পণ
কাজ দেখা,চাকরি খোঁজা
কাজ দেখানো,কর্মব্যস্ততার ভান
কাজও নেই কামাইও নেই,অকাজে ব্যস্ত
কাজপাগল,কাজের নেশাযুক্ত
কাজ বাগানো,উদ্দেশ্য সিদ্ধি
কাজ বাড়ানো,অকাজ করে খাটনী বাড়ানো
কাজ হওয়া,উদ্দেশ্য সিদ্ধ
কাজ হাসিল করা,উদ্দেশ্য সিদ্ধ
কাজলা,কৃষ্ণবর্ণা
কাজিয়া,ঝগড়া
কাজীর বিচার,পক্ষপাতদুষ্ট বিচার
কাজে আসা,প্রয়োজনে লাগা
কাজেই,অতএব
কাজেকর্মে,সাংসারিক কাজে
কাজে ডাঁটো,কর্মক্ষম
কাজের কথা,সারকথা
কাজের কাজি,কর্মঠ
কাজের লোক,উপযুক্ত লোক
কাজের সময় কাজি,প্রয়োজনে তোষামোদ
কাজের হাতও নাই পাও নাই,কাজে শৃঙ্খলা নাই
কাঞ্চনমূল্য,অগ্নিমূল্য
কাটকাট মারমার করা,মারামারিতে উদ্যত
কাটখোট্টা,রসকষহীন
কাটগোঁয়ার,অত্যন্ত গোঁয়ার
কাটছাঁট,বাহুল্য বর্জন
কাটতে কাটতে নির্মূল,কাটার পর ছোট অংশে বিভক্ত
কাটমোল্লা,ধর্মজ্ঞানহীন পুরোহিত
কাটকাট,ছাড়াছাড়া
কাটাকাটি,তর্কাতর্কি
কাটাকাটি মারামারি,খুনোখুনি
কাটা কান চুল দিয়ে ঢাকা,অপমান গোপন
কাটাকুটি,কেটে সংশোধন
কাটা ঘায়ে নুনের ছিটা,যন্ত্রণার উপর যন্ত্রণা
কাটাছেঁড়া,বিস্তৃত বিশ্লেষণ
কাটান ছাড়ান,সম্পূর্ণ বিচ্ছেদ
কাঠ,কঙ্কাল
কাঠকাঠ,কর্কশ
কাঠখড়,চেষ্টা ও পরিশ্রম
কাঠখড় পোড়ানো,উদ্যোগ আয়োজন
কাঠখোট্টা,একগুঁয়ে
কাঠগোঁয়ার,অত্যন্ত গোঁয়ার
কাঠপুতুলি,নির্জীব
কাঠফাটা রোদ্দুর,প্রচণ্ড রৌদ্র
কাঠবিড়ালীর সেতুবন্ধন,তুচ্ছ কাজ
কাঠমোল্লা,ধর্মজ্ঞানহীন
কাঠি কাঠি,অত্যন্ত সরু
কাঠি দেওয়া,পিছনে লাগা
কাঠি পড়া,অনুষ্ঠান শুরু
কাঠে কাঠে,সমানে সমানে
কাঠে কাঠে কাঠাকাঠি,সমানে লড়াই
কাঠে কাঠে পড়া,সেয়ানে মোকাবিলা
কাঠের ঘোড়া,ধর্মরাজ
কাঠের পুতুল,ব্যক্তিত্বহীন
কাড়াকড়ি,অতি নগণ্য
কাড়াকাড়ি,ছিনিয়ে নেবার চেষ্টা
কাড়া-নাকাড়া,বাদ্যযন্ত্র
কাণ্ডকারখানা,আচার-ব্যবহার
কাণ্ডজ্ঞান,ভালমন্দ বিচার
কাৎলা,বিত্তশালী
কাতার,পঙক্তি
কাতারে কাতারে,সারিবদ্ধভাবে
কাদা ওড়ানো,অঘটন ঘটানো
কাদা ওড়ানীর কাছে ধুলা উড়ানী,ধূর্তাপনা
কাদা ছোঁড়াছুঁড়ি,নিন্দা করা
কাদায় গুণ ফেলা,ধৈর্য ধরে থাকা
কাদায় পড়া হাতী,বিপন্ন ক্ষমতাশালী
কাদালেপ্টা,লেগে থাকা
কানকথা,গোপন মন্ত্রণা
কান কাটা,অপমান করা
কান কাটা যাওয়া,লজ্জিত হওয়া
কান কামড়ানো,অনুতাপ
কানখড়কে,কুমন্ত্রণাদাতা
কানখড়খড়ে,তীক্ষ্ণশ্রবণশক্তিযুক্ত
কান খাড়া করা,মনোযোগী হওয়া
কানচাটা,কানের ক্ষতরোগ
কানচাটা হাসি,আকর্ণবিস্তৃত হাসি
কান ঝালাপালা করা,জ্বালাতন করা
কান টানা,উপলক্ষ ধরে লক্ষ্য
কান টানলে মাথা আসে,সম্পর্কিত ব্যক্তি
কান থাকতে কালা,অমনোযোগী
কান দেওয়া,গ্রাহ্য করা
কান নিয়ে গেল চিলে,কানপাতলা
কানপাটা,কানের পাশের কুন্তল
কান পাতলা,বিশ্বাসপ্রবণ
কান পাতা,গোপনে শোনা
কান পাতা দায়,শোনা অসহ্য
কানফাটা,কর্ণবিদারক
কানফুল,কানের অলঙ্কার
কানবালা,কানের বলয়
কান ভাঙানি,কুমন্ত্রণা দিয়ে বিবাদ
কান ভারী করা,কুপরামর্শ দেওয়া
কানমন্ত্রে মন নাশ,মনোমালিন্য
কান মলা,অপদস্থ করা
কানমলা খাওয়া,অপমানিত হওয়া
কানাই-বলাই,বন্ধুদ্বয়
কানাইয়ের মা,পরের সন্তানের মা
কানাকড়ি,অতি নগণ্য অর্থ
কানা কলসির জল,ক্ষণস্থায়ী
কানাকানি,কানে কানে
কানাখোঁড়ার একগুণ বাড়া,গুণহীনের অহঙ্কার
কানাগরু বামুনকে দান,অপ্রয়োজনীয় দান
কানাগরুর ভিন্ন গোঠ,বুদ্ধিহীনের সোজা পথ না হাঁটা
কানাগলি,দিশাহীন পথ
কানাগলিতে ঘুরে মরা,নিস্কৃতির পথ খুঁজে মরা
কানাঘুষা,গোপন রটনা
কানাচি পাতা,গোপনে শোনা
কানাছেলের নাম পদ্মলোচন,নিরর্থক নামকরণ
কানামাছি খেলা,ধরাছোঁয়া না দেওয়া
কানায় কানায়,পরিপূর্ণ
কানায়ে ভাগনা,লম্পটচরিত্রের লোক
কানার মা,প্রথম অন্তঃসত্বা
কানার মাঝে ঝাপসা,মন্দের ভালো
কানী,দেখতে না পাওয়া নারী
কানীন,কুন্তীর কানীন পুত্র
কানে আঙুল দেওয়া,না শোনার চেষ্টা
কানে আসা,শোনা
কানে কানে,মৃদুস্বরে
কান খাটো,কম শুনতে পায়
কানে তালা লাগা,কিছু শোনা যাচ্ছে না
কানে তুলো গোঁজা,ভ্রুক্ষেপ না করা
কানে তোলা,উত্থাপন
কানে ফুঁ দেওয়া,কুপরামর্শ দেওয়া
কানে বাজা,শ্রুতিকটু
কানে লাগা,কানে কঠোর
কানে লেগে থাকা,স্মৃতি জাগরূক
কানের মাথা খাওয়া,শ্রবণশক্তি হারানো
কান্নাকাটি করা,প্রচুর ক্রন্দন
কাপড় খারাপ করা,কাপড় অপরিষ্কার
কাপড়-চোপড়,বস্ত্রাদি
কাপড়-জামা,বস্ত্রাদি
কাপড়ে আগুন ঢাকা,পাপ চাপা দেওয়া
কাপড়েবাবু,বাহ্যিক সভ্য
কাপড়েহাগা,অতি ভীরু
কাপ্তান,আমোদপ্রমোদে রত ধনী
কাপ্তান বাবু,অন্তঃসারশূন্য
কাপ্তেনি করা,মস্তানি করা
কাফের,ইসলামবিরোধী
কাবার,শেষ
কাবিল,যোগ্য
কাবু,জব্দ
কামচোর,কাজে ফাঁকিবাজ
কামড়াকামড়ি,মারামারি
কামধেনু,অভীষ্টপূরণকারী
কাম নাই কামাইও নাই,সর্বদা উদ্যোগী
কাম ফতে,কার্যসিদ্ধ
কামলা,দিনমজুর
কামাই,উপার্জন
কামাগ্নি,অতি লালসা
কামানি,নাপিতের আয়
কামাল,প্রশংসনীয় কাজ
কামিন,নারীশ্রমিক
কামিনী-কাঞ্চন,নারী ও অর্থের আসক্তি
কামিয়াব,সফল
কায়কল্প,আয়ুবৃদ্ধির চিকিৎসা
কায়কারবার,দৈনন্দিন কাজকর্ম
কায়ক্লেশে,কায়িক পরিশ্রম
কায়দা,কৌশল
কায়দাকানুন,রীতিনীতি
কায়মনোবাক্যে,সর্বোতভাবে
কায়েম,চিরস্থায়ী
কারচুপি,চালাকি
কারণ জল,মদ
কারণের আগেই কার্য,আগাম সুখকল্পনা
কারসাজি,প্রবঞ্চনা
কারিকুরি,শিল্পনৈপুণ্য
কারে পড়া,সঙ্কটে পড়া
কার্তিক,অতিকদাকার পুরুষ
কাল,সর্বনাশের কারণ
কাল কাটানো,সময় অতিবাহিত
কালক্ষয়,সময় নষ্ট
কাল গোনা,দীর্ঘ অপেক্ষা
কালগ্রাস,মৃত্যুর কবল
কালঘাম,প্রচণ্ড পরিশ্রমে ঘাম
কালঘুম,চিরঘুম
কালচক্র,সময়ের অগ্রগতি
কালজ্ঞান,সময়ের বোধ
কালনেমির লঙ্কাভাগ,ফললাভের আগেই ফলভোগ
কালপেঁচা,অশুভকর
কালপ্রাপ্তি,মৃত্যু
কালবেলা,অশুভ সময়
কালবিলম্ব,সময় অতিবাহন
কালযাপন,সময় কাটানো
কালরাত্রি,অশুভ রাত
কালশশী,কৃষ্ণপক্ষের চাঁদ
কালাশুদ্ধি,অশুভ সময়
কালাশৌচ,বর্ষব্যাপী অশৌচ
কালোহাঁড়ি,ঘোর কৃষ্ণবর্ণ
কালখেকো কলম,জিবচেরা কলম
কালি দেওয়া,কলঙ্ক লেপন
কালিদহ,গভীর নদী
কালিদাস,মহামুর্খ
কালির আঁচর,অক্ষরজ্ঞান
কালী,কৃষ্ণবর্ণা
কালীঘাটের কাঙালী,নাছোড়বান্দা কাঙালী
কালীঘাটের চণ্ডীপাঠ,মুখে মুখে পাঠ
কালে কালে,কালক্রমে
কালে ধরা,মৃত্যুর আলিঙ্গন
কালেভদ্রে,কদাচিৎ
কালের আবার কালাকাল,মৃত্যুর সময় অসম নেই
কালের কবলে,মৃত্যুর কবলে
কালের করাল গ্রাস,যমের কবল
কালো,গোমড়া
কালোকিষ্টি,কালো ময়লা
কালোটাকা,অবৈধ টাকা
কালোবাজার,বেশি দামে কেনাবেচা
কালোমুখ,অপ্রসন্ন মুখ
কালোয়াতি,ওস্তাদি
কাশীধাম হয়ে কাঞ্চীপুরম যাত্রা,বাঁকা পথে কাজ
কাশীধামে ভূমিকম্প,অসম্ভব
কাশীপ্রাপ্তি,কাশীতে মৃত্যু
কাশীয়াল,কলঙ্কযুক্ত
কাষ্যপ গোত্র,জাতি অজ্ঞাত
কাষ্ঠনির্মিত মস্তক,হাঁদা
কাষ্ঠহাসি,শুক্ক হাসি
কাহিল,দুর্বল
কিংকর্তব্যবিমূঢ়,কর্তব্য স্থির না করা
কিংপিন,দুষ্কর্মের হোতা
কিংবদন্তি,জনশ্রুতি
কিচকিচ,কোলাহল
কিছুকিছু,অল্পস্বল্প
কিছু-না-কিছু,অন্ততঃ কিছু
কিছুতেই না,একেবারেই নয়
কিতাব-কীট,অক্লান্ত পাঠক
কিনার,নিস্কৃতি
কিন্তু কিন্তু,দ্বিধাগ্রস্ত
কিমাশ্চর্য্যমতঃপরম,আর আশ্চর্যের কি আছে
কিম্ভুতকিমাকার,বিকট দর্শন
কিম্মৎ,মূল্য
কিরকিরে,খরখরে
কিরা,প্রতিজ্ঞা
কিল খেয়ে কিল চুরি,অপমান গোপন
কিলবিল,দ্রুত সঞ্চরণ
কিলিয়ে কাঁঠাল পাকানো,অসম্ভবকে সম্ভব
কিস্কিন্ধ্যাকাণ্ড,তুমুল হট্টগোল
কিস্কিন্ধ্যাবাসী,বানর
কিসমৎ,ভাগ্য
কিসে আর কিসে,উত্তমের সাথে অধমের তুলনা
কিস্তিমাত,পূর্ণসফলতা
কীচকবধ,প্রচণ্ড প্রহার
কীট,অধম
কীটাণুকীট,নিকৃষ্টতম
কীর্তি,কৃতিত্বের কাজ
কুঁকড়ি-মুকড়ি,জড়সড়
কুঁচকি-কণ্ঠা খাওয়া,মাত্রাতিরিক্তভোজন
কুঁচাকাঁচা,কচি ছেলেমেয়ে
কুঁজার মন্ত্রণা,কুমন্ত্রণা
কুঁজোর ইচ্ছা,অসমর্থের অভিলাষ
কুঁড়া জালি,ছোট জাল
কুঁড়ে,অলস
কুঁড়ের বাদশা,অত্যন্ত অলস
কুঁতকুঁতে,ক্ষুদ্র চোখ
কুকুরকুণ্ডলী,কুঁকড়ে শোয়া
কুকুর পোষা,হেয় জ্ঞান করা
কুকুরে গোঁ,ভয়ানক জেদি
কুকুরে ঘুম,সজাগ ঘুম
কুকুরে লেজ,বাঁকাচরিত্র
কুকুরের আড়াই পাক,স্বভাব দোষ
কুপো,নাদাপেটা
কুপোকাত,পর্যুদস্ত
কুবেরের ধন,সুবিপুল ধন
কুব্জার মন্ত্রণা,কুমন্ত্রণা
কুমড়া গড়াগড়ি,হৃষ্টপুষ্ট শিশুর গড়াগড়ি
কুমড়ো-পটাশ,অকর্মণ্য লোক
কুমিরের কান্না,মায়াকান্না
কুম্ভকর্ণ,ঘুমকাতুরে
কুম্ভকর্ণের ঘুম,দীর্ঘকাল অবহেলিত
কুম্ভকর্ণের নিদ্রাভঙ্গ,দীর্ঘকাল অবহেলিত কাজে হাত
কুম্ভিলক,পরের লেখা নিজের বলে চালানো
কুম্ভীপাক,নরক
কুয়ার ব্যাঙ,সীমাবদ্ধ জ্ঞান
কুরবানি,আত্মবলিদান
কুরুক্ষেত্র,তুমুল ঝগড়া
কুর্নিশ,অভিবাদন
কুলকন্টক,বংশের কলঙ্ক
কুলকলঙ্ক,বংশের গ্লানি
কুলকাঠের অঙ্গার,তীব্রদহনজ্বালা
কুলগৌরব,উচ্চবংশের গর্ব
কুলটা,অসতী নারী
কুল মজানো,বংশের সুনাম নষ্ট
কুল রাখা কি শ্যাম রাখা,উভয়সঙ্কট
কুললক্ষ্মী,বংশমর্যাদা বৃদ্ধি
কুলশীল,বংশ পরিচয়
কুলহারা,কুলত্যাগী
কুলাঙ্গার,কলঙ্কস্বরূপ
কুলাভিমান,আভিজাত্যের গর্ব
কুলে কালি দেওয়া,বংশকে কলঙ্কিত
কুলে বাতি দেওয়া,বংশের অস্তিত্ব টিকানো
কুলের কথা,অপ্রীতিকর কথা
কুলের কাঁটা,সুনাম নষ্টকারী
কুলের ধ্বজা,কুলের কলঙ্ক
কুলের প্রদীপ,একমাত্র সন্তান
কুলের বউ,সুচরিত্রা গৃহবধু
কুলের বাতি,একমাত্র সন্তান
কুলের বার,কুলত্যাগী নারী
কুশীলব,নাটকের পাত্র
কুষ্মাণ্ড,অপদার্থ
কুসুমকুসুম,অল্পগরম
কুস্তি,মল্লযুদ্ধ
কূট,কপট
কূটকচাল,ঘোরপ্যাঁচ
কূটকৌশল,চতুর কৌশল
কূটতার্কিক,ন্যায়বিরুদ্ধ তর্ককারী
কূটনীতি,কপটতা
কূটাভাস,আপাতবিরোধী উক্তি
কূটভাষী,স্বার্থে বিচক্ষণ
কূপমণ্ডুক,সীমাবদ্ধ জ্ঞান
কূল,আশ্রয়
কূলকিনারা,নিস্কৃতি
কূলকিনারা না পাওয়া,দিশা না পাওয়া
কূলছাড়া,উপায়হীন
কূলহারা,দিশাহারা
কৃতকর্ম,স্বীয়কৃত কাজ
কৃতকার্য,সফল
কৃতনিশ্চয়,সংশয়হীন
কৃতবিদ্য,সুশিক্ষিত
কৃতসঙ্কল্প,স্থির সিদ্ধান্ত
কৃতাঞ্জলিপুট,জোড়হস্ত
কৃপণের কড়ি,অতিপ্রিয় বস্তু
কৃষ্ণচতুর্দশীর চাঁদ,শেষ অবস্থায়
কৃষ্ণপ্রাপ্তি,মৃত্যু
কৃষ্ণের জীব,অসহায়
কেঁচে গণ্ডুষ,নতুন করে আরম্ভ
কেঁচে যাওয়া,আয়োজন পণ্ড
কেঁচো,হীনব্যক্তি
কেঁচো খুঁড়তে সাপ,সামান্য থেকে অসামান্য
কেঁচো দিয়ে কাৎলা ধরা,অল্পচেষ্টায় বিরাট কাজ
কেঁদে কঁকিয়ে,কাতর অনুনয়
কেঁদে বাঁচা,কোনমতে অব্যাহতি
কেউ-কেউ,কোন কোন
কেউ-না-কেউ,অনির্দিষ্ট একজন
কেউকেটা,নগণ্য ব্যক্তি
কেউটে ধরা,বিপজ্জনক কাজ
কেচ্ছা,কুৎসা
কেটে পড়া,পলায়ন
কেঠো,রুক্ষ
কেতাদুরস্ত,পরিপাটি
কেতাব-কীট,বইয়ের পোকা
কেতাবি,পুঁথিগত বিদ্যা
কেনাকাটা,ক্রয়
কেনারাম,পরিশ্রমে সম্পত্তি অর্জন
কেবলমাত্র,একমাত্র
কেয়াবাত,প্রশংসার আড়ালে নিন্দা
কেয়ামত,মহাপ্রলয়
কেয়ার করা,গ্রাহ্য করা
কেরদানি,কৌশল
কার বাপের সাধ্য,কারো সাধ্য নয়
কারবার,কাণ্ডকারখানা
কারণ জল,মদ
কারণের আগেই কার্য,আগাম সুখকল্পনা
কারসাজি,চালাকি
কারিকুরি,দক্ষতা
কারে পড়া,ঝামেলায় পড়া
কার্তিক,অতিকদাকার
কাল,সর্বনাশের কারণ
কাল কাটানো,জীবনযাপন
কালক্ষয়,সময় নষ্ট
কাল গোনা,অপেক্ষা
কালগ্রাস,মৃত্যু
কালঘাম,পরিশ্রমে ঘাম
কালঘুম,চিরঘুম
কালচক্র,সময়ের অগ্রগতি
কালজ্ঞান,সময়ের বোধ
কালনেমির লঙ্কাভাগ,ফললাভের আগেই ফলভোগ
কালপেঁচা,অশুভকর
কালপ্রাপ্তি,মৃত্যু
কালবেলা,অশুভ সময়
কালবিলম্ব,সময় অতিবাহন
কালযাপন,সময় কাটানো
কালরাত্রি,অশুভ রাত
কালশশী,কৃষ্ণপক্ষের চাঁদ
কালাশুদ্ধি,অশুভ সময়
কালাশৌচ,বর্ষব্যাপী অশৌচ
কালোহাঁড়ি,ঘোর কৃষ্ণবর্ণ
কালখেকো কলম,জিবচেরা কলম
কালি দেওয়া,কলঙ্ক লেপন
কালিদহ,গভীর নদী
কালিদাস,মহামুর্খ
কালির আঁচর,অক্ষরজ্ঞান
কালী,কৃষ্ণবর্ণা
কালীঘাটের কাঙালী,নাছোড়বান্দা
কালীঘাটের চণ্ডীপাঠ,মুখে মুখে পাঠ
কালে কালে,কালক্রমে
কালে ধরা,মৃত্যুর আলিঙ্গন
কালেভদ্রে,কদাচিৎ
কালের আবার কালাকাল,মৃত্যুর সময় অসম
কালের কবলে,মৃত্যুর কবলে
কালের করাল গ্রাস,যমের কবল
কালো,গোমড়া
কালোকিষ্টি,কালো ময়লা
কালোটাকা,অবৈধ টাকা
কালোবাজার,বেশি দামে কেনাবেচা
কালোমুখ,অপ্রসন্ন
কালোয়াতি,ওস্তাদি
কাশীধাম হয়ে কাঞ্চীপুরম যাত্রা,বাঁকা পথে
কাশীধামে ভূমিকম্প,অসম্ভব
কাশীপ্রাপ্তি,কাশীতে মৃত্যু
কাশীয়াল,কলঙ্কযুক্ত
কাষ্যপ গোত্র,জাতি অজ্ঞাত
কাষ্ঠনির্মিত মস্তক,হাঁদা
কাষ্ঠহাসি,শুক্ক হাসি
কাহিল,দুর্বল
কিংকর্তব্যবিমূঢ়,কর্তব্য স্থির না
কিংপিন,দুষ্কর্মের হোতা
কিংবদন্তি,জনশ্রুতি
কিচকিচ,কোলাহল
কিছুকিছু,অল্পস্বল্প
কিছু-না-কিছু,অন্ততঃ কিছু
কিছুতেই না,একেবারেই নয়
কিতাব-কীট,অক্লান্ত পাঠক
কিনার,নিস্কৃতি
কিন্তু কিন্তু,দ্বিধাগ্রস্ত
কিমাশ্চর্য্যমতঃপরম,আর আশ্চর্যের কি
কিম্ভুতকিমাকার,বিকট দর্শন
কিম্মৎ,মূল্য
কিরকিরে,খরখরে
কিরা,প্রতিজ্ঞা
কিল খেয়ে কিল চুরি,অপমান গোপন
কিলবিল,দ্রুত সঞ্চরণ
কিলিয়ে কাঁঠাল পাকানো,অসম্ভবকে সম্ভব
কিস্কিন্ধ্যাকাণ্ড,তুমুল হট্টগোল
কিস্কিন্ধ্যাবাসী,বানর
কিসমৎ,ভাগ্য
কিসে আর কিসে,উত্তমের সাথে অধম
কিস্তিমাত,পূর্ণসফলতা
কীচকবধ,প্রচণ্ড প্রহার
কীট,অধম
কীটাণুকীট,নিকৃষ্টতম
কীর্তি,কৃতিত্বের কাজ
কুঁকড়ি-মুকড়ি,জড়সড়
কুঁচকি-কণ্ঠা খাওয়া,মাত্রাতিরিক্তভোজন
কুঁচাকাঁচা,কচি ছেলেমেয়ে
কুঁজার মন্ত্রণা,কুমন্ত্রণা
কুঁজোর ইচ্ছা,অসমর্থের অভিলাষ
কুঁড়া জালি,ছোট জাল
কুঁড়ে,অলস
কুঁড়ের বাদশা,অত্যন্ত অলস
কুঁতকুঁতে,ক্ষুদ্র চোখ
কুকুরকুণ্ডলী,কুঁকড়ে শোয়া
কুকুর পোষা,হেয় জ্ঞান
কুকুরে গোঁ,জেদি
কুকুরে ঘুম,সজাগ ঘুম
কুকুরে লেজ,বাঁকাচরিত্র
কুকুরের আড়াই পাক,স্বভাব দোষ
কুপো,নাদাপেটা
কুপোকাত,পর্যুদস্ত
কুবেরের ধন,সুবিপুল ধন
কুব্জার মন্ত্রণা,কুমন্ত্রণা
কুমড়া গড়াগড়ি,শিশুর গড়াগড়ি
কুমড়ো-পটাশ,অকর্মণ্য
কুমিরের কান্না,মায়াকান্না
কুম্ভকর্ণ,ঘুমকাতুরে
কুম্ভকর্ণের ঘুম,দীর্ঘ অবহেলিত
কুম্ভকর্ণের নিদ্রাভঙ্গ,অবহেলিত কাজে হাত
কুম্ভিলক,পরের লেখা নিজের বলে
কুম্ভীপাক,নরক
কুয়ার ব্যাঙ,সীমাবদ্ধ জ্ঞান
কুরবানি,আত্মবলিদান
কুরুক্ষেত্র,তুমুল ঝগড়া
কুর্নিশ,অভিবাদন
কুলকন্টক,বংশের কলঙ্ক
কুলকলঙ্ক,বংশের গ্লানি
কুলকাঠের অঙ্গার,তীব্রদহন
কুলগৌরব,উচ্চবংশের গর্ব
কুলটা,অসতী
কুল মজানো,সুনাম নষ্ট
কুল রাখা কি শ্যাম রাখা,উভয়সঙ্কট
কুললক্ষ্মী,বংশমর্যাদা
কুলশীল,বংশ পরিচয়
কুলহারা,কুলত্যাগী
কুলাঙ্গার,কলঙ্কস্বরূপ
কুলাভিমান,আভিজাত্যের গর্ব
কুলে কালি দেওয়া,কলঙ্কিত
কুলে বাতি দেওয়া,অস্তিত্ব টিকানো
কুলের কথা,অপ্রীতিকর কথা
কুলের কাঁটা,সুনাম নষ্টকারী
কুলের ধ্বজা,কলঙ্ক
কুলের প্রদীপ,একমাত্র সন্তান
কুলের বউ,সুচরিত্রা
কুলের বাতি,একমাত্র সন্তান
কুলের বার,কুলত্যাগী
কুশীলব,নাটকের পাত্র
কুষ্মাণ্ড,অপদার্থ
কুসুমকুসুম,অল্পগরম
কুস্তি,মল্লযুদ্ধ
কূট,কপট
কূটকচাল,ঘোরপ্যাঁচ
কূটকৌশল,চতুর কৌশল
কূটতার্কিক,ন্যায়বিরুদ্ধ তর্ক
কূটনীতি,কপটতা
কূটাভাস,আপাতবিরোধী
কূটভাষী,স্বার্থে বিচক্ষণ
কূপমণ্ডুক,সীমাবদ্ধ জ্ঞান
কূল,আশ্রয়
কূলকিনারা,নিস্কৃতি
কূলকিনারা না পাওয়া,দিশা না পাওয়া
কূলছাড়া,উপায়হীন
কূলহারা,দিশাহারা
কৃতকর্ম,স্বীয়কৃত কাজ
কৃতকার্য,সফল
কৃতনিশ্চয়,সংশয়হীন
কৃতবিদ্য,সুশিক্ষিত
কৃতসঙ্কল্প,স্থির সিদ্ধান্ত
কৃতাঞ্জলিপুট,জোড়হস্ত
কৃপণের কড়ি,অতিপ্রিয় বস্তু
কৃষ্ণচতুর্দশীর চাঁদ,শেষ অবস্থায়
কৃষ্ণপ্রাপ্তি,মৃত্যু
কৃষ্ণের জীব,অসহায়
কেঁচে গণ্ডুষ,নতুন করে আরম্ভ
কেঁচে যাওয়া,আয়োজন পণ্ড
কেঁচো,হীনব্যক্তি
কেঁচো খুঁড়তে সাপ,সামান্য থেকে অসামান্য
কেঁচো দিয়ে কাৎলা ধরা,অল্পচেষ্টায় বিরাট
কেঁদে কঁকিয়ে,কাতর অনুনয়
কেঁদে বাঁচা,কোনমতে অব্যাহতি
কেউ-কেউ,কোন কোন
কেউ-না-কেউ,অনির্দিষ্ট একজন
কেউকেটা,নগণ্য ব্যক্তি
কেউটে ধরা,বিপজ্জনক কাজ
কেচ্ছা,কুৎসা
কেটে পড়া,পলায়ন
কেঠো,রুক্ষ
কেতাদুরস্ত,পরিপাটি
কেতাব-কীট,অক্লান্ত পাঠক
কেতাবি,পুঁথিগত বিদ্যা
কেনাকাটা,ক্রয়
কেনারাম,পরিশ্রমে সম্পত্তি অর্জন
কেবলমাত্র,একমাত্র
কেয়াবাত,প্রশংসার আড়ালে নিন্দা
কেয়ামত,মহাপ্রলয়
কেয়ার করা,গ্রাহ্য করা
কেরদানি,কৌশল
কেলে কার্তিক,কালো কদাকার
কেলে মানিক,কালো সুন্দর ছেলে
কেলে বামুনের নাম গৌরাঙ্গসুন্দর,নিরর্থক নামকরণ
কেলোর কীর্তি,গোলমেলে ব্যাপার
কেল্লা ফতে,কার্যসিদ্ধ
কেশাগ্র স্পর্শ করতে না পারা,ধরাছোঁয়ার বাইরে
কেষ্টবিষ্টু,নগণ্য লোক
কেষ্টভজা,বৈষ্ণব
কেষ্টলীলা,অবৈধসম্পর্ক
কেশস্পর্শ,ন্যূনতম ক্ষতি
কেস,মামলা
কৈমাছের প্রাণ,কড়া জান
কৈফিয়ৎ,আত্মপক্ষ সমর্থন
কোঁচা দুলিয়ে বেড়ানো,বাবুগিরি
কোকিলা বউ,সন্তান অক্ষম নারী
কোজাগর,কে জাগর
কোটনা,বিবাদ সৃষ্টিকারী
কোণঘেঁষা,লাজুকপ্রকৃতি
কোণঠাসা,উপেক্ষিত
কোণঠাসা করা,জব্দ করা
কোথায় আগরতলা কোথায় চৌকিরতলা,উত্তম অধমের তুলনা
কোথায় রাজাভোজ কোথায় গঙ্গুতেলি,উত্তম অধমের তুলনা
কোথায় রাণী ভবানী কোথায় ফুলি মেছুনী,উত্তম অধমের তুলনা
কোথায় হরিদ্বার কোথায় গুহ্যদ্বার,উত্তম অধমের তুলনা
কোদাল দিয়ে দাড়ি চাঁচা,অসম্ভব প্রয়াস
কোনমতে,কোন উপায়ে
কোন মুখে,কোন লজ্জায়
কোমর বাঁধা,দৃঢ়সঙ্কল্প
কোমর ভাঙা,নিরুদ্যম
কোমরের জোর,সামর্থ্য
কোম্পানীর আমল,ইংরাজী রাজত্বের সূত্রপাত
কোয়াক,অশিক্ষিত
কোয়াক ডাক্তার,হাতুড়ে ডাক্তার
কোরা কাগজ,নিস্কলঙ্ক চরিত্র
কোরাস,সমবেত ধ্বনি
কোর্টশিপ,পূর্বরাগ
কোল-আঁচল,শাড়ীর প্রান্ত
কোল-আঁচলে গিঁট,মঙ্গলকামনায় গেরো
কোল আলো করা ছেলে,সুন্দর ফুটফুটে ছেলে
কোলকুঁজো,কোমর বাঁকা
কোলজুড়ানো,মায়ের মন জুড়ায়
কোলজোড়া হয়ে থাকা,চিরজীবী
কোলটানা ছ,স্বার্থান্বেষী
কোলপাতলা,কিছুটা দূরে
কোলপোঁছা,কনিষ্টপুত্র
কোলে পিঠে মানুষ,যত্নে প্রতিপালিত
কোলের ছেলে,কনিষ্টপুত্র
কোস্তাকুস্তি,লড়ালড়ি
কোহিনূর,মহার্ঘবস্তু
ক্যাঁকক্যাঁক করা,কর্কশ রাগ
ক্যাঁচরম্যাচর,একত্র চিৎকার
ক্যাঁটক্যাঁটে,কর্কশ
ক্যাডার,কর্মীবৃন্দ
ক্যাবলাকান্ত,বোকা
ক্যাবলা হাকিম,অনভিজ্ঞ বিচারক
ক্যারা,খ্যাপামি
ক্যালমা,ক্ষমতা
ক্যালানো,পেটানো
ক্যাসেট উলটানো,প্রসঙ্গ পরিবর্তন
ক্যাসেট বাজা,অবিরাম কথা
ক্রন্দসী,রোরুদ্যমানা
ক্রিয়াকর্ম,অনুষ্টান
ক্রিয়াকলাপ,আচার-ব্যবহার
ক্রীড়নক,নির্দেশে চলা
ক্রোড়পতি,বিত্তশালী
ক্রোড়পত্র,গ্রন্থখণ্ড
ক্রোধবহ্নি,প্রচণ্ড রাগ
ক্রোধান্ধ,জ্ঞানশূন্য
ক্লিশে,জীর্ণ
ক্লীব,কাপুরুষ
ক্ষণজন্মা,পূণ্যবান
ক্ষণপ্রভা,বিদ্যুৎ
ক্ষণভঙ্গুর,অল্পকালের মধ্যে নষ্ট হয়
ক্ষমতার চিটেগুড়,ক্ষমতার লোভ
ক্ষমাঘেন্না করা,দোষ মার্জনা
ক্ষীণকটি,সরু কোমরযুক্তা
ক্ষুণ্ণিবৃত্তি,ক্ষুধার উপশম
ক্ষুরধার বুদ্ধি,তীক্ষ্ণ বুদ্ধি
ক্ষুরে ক্ষুরে দণ্ডবৎ,পরোক্ষে অপরকে পশু বলে প্রার্থনা
ক্ষেত বুঝে পাঠ,দেশকাল বুঝে কাজ
খই ঢেকুর,চোঁয়া ঢেকুর
খই ফোটা,অনর্গল কথা
খই ভাজা,অকিঞ্চিৎকর কাজ
খইয়ের বন্ধন,উভয়সংকট
খগাবগা,বিশৃঙ্খল
খচখচ,অস্বস্তি
খচখচানি,তর্কবিতর্ক
খচমচ,কর্কশ শব্দ
খচা,রাগিয়ে দেওয়া
খচে বোম,রেগে আগুন
খচ্চর,দুর্বৃত্ত
খচ্চর তিলে,হাড়ে বদমাইশ
খঞ্জন-নয়ন,চটুল নয়ন
খটখটানো,কড়া নাড়া
খটখটে,শুকনো
খটখটে বাতাস,শুষ্ক বাতাস
খটখটে রোদ,প্রখর রৌদ্র
খটমট,কঠিন
খটাখটি,ঝগড়াঝাটি
খটাশ,গন্ধযুক্ত জন্তু
খড়কুটো ধরে বাঁচা,তুচ্ছ সাহায্য নেওয়া
খড়খড়ে,শুকনো
খড়মপেয়ে,খড়মপায়ে
খড়মপায়ে গঙ্গাপার,অসাধ্যসাধন
খড়ের আগুন,ক্ষণস্থায়ী
খড়ের গাদায় ছুঁচ খোঁজা,অসাধ্য কাজ
খড়্গহস্ত,মারমুখি
খণ্ডকপাল,দুর্ভাগ্য
খণ্ডপ্রলয়,তুমুল ঝগড়া
খণ্ডযুদ্ধ,বাদানুবাদ
খণ্ডাখণ্ডি,প্রবাল মারামারি
খতম,শেষ
খতম করা,সমাপ্ত করা
খতম পড়া,কোরআন পাঠ
খতরনক,বিপজ্জনক
খতানো,হিসাবনিকাশ
খনখনে,কর্কশ আওয়াজ
খনি,রত্নের আকর
খপ করে,হঠাৎ
খপ্পর,কবল
খবর করা,খোঁজ নেওয়া
খবরগিরি,তত্ত্বাবধান
খবরদারি,নজরদারি
খবর-নয়-খবর,খবর না থাকাটাই খবর
খবর নেওয়া,খোঁজ নেওয়া
খবর রাখা,অবগত থাকা
খবর হওয়া,জানাজানি হওয়া
খবরাখবর,সংবাদ
খবিশ,শয়তান
খয়রাত,দান
খয়ের খাঁ,তোষামুদে
খয়েরখাঁই,চাটুকারিতা
খরখরে,চঞ্চল
খরচপত্র,আনুসঙ্গিক ব্যয়
খরচিয়া,অমিতব্যয়ী
খরচের খাতায়,ক্ষতি বলে ধরা
খলখলে,নড়বড়ে
খলবলানি,চাঞ্চল্য
খলিফা,শ্রেষ্ঠ
খলের ছলের অভাব হয় না,দুষ্টের উপায়ের অভাব নেই
খসখস,দ্রুতলেখার শব্দ
খসা,খরচ হওয়া
খসানো,খরচ করানো
খাঁ-খাঁ,শূন্যতা
খাঁই,লালসা
খাঁই খাঁই করা,তীব্র আকাঙ্খা
খাই-খালাসি,ঋণ পরিশোধ
খাইয়ে,পেটুক
খাওয়া-দাওয়া,খাওয়ানো
খাওয়াপরা,ভরণপোষণ
খাক,ছাই
খাজা,কাঁচা
খাঞ্জা খাঁ,নবাবীচালে চলা
খাটাখাটি,পরিশ্রম
খাটাল,নোংরা স্থান
খাটিয়ে,খাটতে পারে
খাটো কথা,সামান্য কথা
খাটো করা,অপদস্থ করা
খাটো কাপড়,অভাবের লক্ষণ
খাটো গলা,মৃদু গলা
খাটো দৃষ্টি,কৃপণতা
খাটো লোক,বেঁটে
খাটো হওয়া,অপমানিত
খাট্টা,বিরক্ত
খাট্টামিঠা,ঝাঁঝালো কিন্তু মিষ্টি
খাড়া দজ্জাল,অত্যাচারী
খাড়া-বড়ি-থোড়,একঘেয়েমি
খাণ্ডবদাহন,অগ্নিকাণ্ড
খাতাকলমে,সরকারীভাবে
খাতা খোলা,প্রাপ্তি শুরু
খাতাপত্র,হিসাবপত্র
খাতা লেখা,জমাখরচের হিসাব
খাতায় নাম লেখানো,বদসঙ্গের সদস্য
খাতির জমা,মানসিক প্রশান্তি
খাতির নদারৎ,অনুকম্পাহীন
খাদের কিনারে,চরমসঙ্কট
খাদ্যাখাদ্য,খাওয়া উচিত-অনুচিত
খানকতক,কয়েকটি
খানকি,গণিকা
খানখান,টুকরা টুকরা
খানদান,আভিজাত্য
খানাখন্দ,গর্ত
খানা তল্লাশ,ঘরে অনুসন্ধান
খানাপিনা,খাওয়া-দাওয়া
খাণ্ডার,কলহপ্রিয়
খাপ খাওয়ানো,সামঞ্জস্য রক্ষা
খাপ খাওয়া,মানানসই
খাপ খোলা,জাহির করা
খাপ-খোলা তলোয়ার,প্রস্তুত সাহসী
খাপছাড়া,অসংলগ্ন
খাপ পাতা,আক্রমণের প্রতীক্ষা
খাপ্পা,ক্রুদ্ধ
খাবলা,একমুষ্টি
খাবার আগে শোবার চিন্তা,অতিসতর্কতা
খাবি খাওয়া,হাঁসফাঁস করা
খামকা,অকারণে
খামখেয়াল,হঠাৎ কাজ
খামতি,ঘাটতি
খামোশ,চুপ কর
খারিজ,বাতিল
খাল কেটে কুমির আনা,নিজের বিপদ ডেকে আনা
খাল খিঁচা,প্রহার করা
খালাস,মুক্তি
খালিখালি,অকারণ
খালিজুলি,সরু নালা
খাস আপীল,আপীলের উপর আপীল
খাসকামরা,নিজস্ব কামরা
খাসজমি,সরকারের জমি
খাসতালুক,নিজের সম্পত্তি
খাসতালুকের প্রজা,অনুগত ব্যক্তি
খাসনবিশ,ব্যক্তিগত কর্মচারী
খাসমহল,নিজ আবাস
খাসি,আহাম্মক
খাস্তা,নষ্ট
খিঁচ,সামান্য ত্রুটি
খিঁচে নেওয়া,বলপূর্বক আদায়
খিচখিচ,খিটিমিটি
খিচ মারা,নিঃশেষে সম্পন্ন
খিচুড়ি,বিশৃঙ্খলা
খিচুড়ি পাকানো,জটিল করে তোলা
খিটকাল,ঝঞ্ঝাট
খিটখিট করা,মৃদু আপত্তি
খিটখিটে,শুচিবাইগ্রস্ত
খিটিমিটি,তুচ্ছ কলহ
খিদমত,দাসত্ব
খিলাফ,প্রতিশ্রুতি ভঙ্গ
খিস্তি,গালাগালি
খুঁচানো,তাগাদা দেওয়া
খুঁচিয়ে ঘা করা,অপ্রিয় অবস্থার সৃষ্টি
খুঁট আখরিয়া,অল্পশিক্ষিত
খুঁটির জোর,পৃষ্ঠপোষকের সহায়তা
খুঁটুরমুটুর,মৃদু খুটখুটি
খুঁটে খাওয়া,স্বাবলম্বী
খুঁতখুঁত করা,অসন্তোষ প্রকাশ
খুঁতখুঁতে,সন্দেহপ্রবণ
খুচখাচ,তুচ্ছ ব্যাপার
খুচরা,অল্প পরিমাণ
খুচরা কথা,অবান্তর কথা
খুচরা কাজ,ছোটখাটো কাজ
খুচরা বাজার,অল্প কেনাবেচা
খুটুরমুটুর,মৃদু খুটখুটি
খুড়োর কল,মিথ্যা আশা
খুদকুঁড়ো,সামান্য আহার
খুদে বার্তা,SMS
খুদে শয়তান,দেখতে ছোট শয়তান
খুন হওয়া,আকুল হওয়া
খুনসুটি,প্রণয়কলহ
খুনখারাপি,রক্তারক্তি
খুনি,নিষ্ঠুর
খুপরি,মাথার খুলি
খুপরি ফাঁপরা,নির্বোধ
খুপসুরৎ,অতি সুন্দর
খুলে বলা,সত্যকথা বলা
খুল্লমখুল্লা,প্রকাশ্যভাবে
খুরেখুরে দণ্ডবৎ,পশু বলে প্রার্থনা
খুশখবর,সুসংবাদ
খুশবু,সুগন্ধ
খুশি,মর্জি
খেঁক খেঁক করা,ক্রোধ প্রকাশ
খেঁকি,অসহিষ্ণু
খেঁকি কুকুর,অত্যন্ত ক্রোধপরবশ
খেঁচাখিঁচি,মনোমালিন্য
খেঁচে হাওয়া,টানা দৌড়
খেই,কথার ধারা
খেউড়,অশ্রাব্য গালি
খেজুরে আলাপ,অবান্তর কথা
খেটেখুটে,পরিশ্রমে
খেদ,আক্ষেপ
খেদমত,আদর
খেমটা নাচ,কুৎসিত অঙ্গভঙ্গি
খেয়ালখুশি,ইচ্ছামত
খেয়ে দেয়ে একাদশী,আঁচাতে অনীহা
খেয়ে ফেলা,ব্যতিব্যস্ত করা
খেয়োখেয়ি,ঝগড়াবিবাদ
খেরোর খাতা,বাজে হিসাব
খেল,চালাকি
খেলাঘর,কৃত্রিম সংসার
খেলাধুলা,ক্রীড়াকৌতুক
খেলানো,ইচ্ছামত পরিচালনা
খেলাপ,বিরূপ আচরণ
খেলোয়াড়,ধূর্ত
খোঁচ,সামান্য ত্রুটি
খোঁচা মারা,কটাক্ষপূর্ণ আলোচনা
খোঁজখবর,সংবাদ
খোঁজাখুঁজি,বারংবার খোঁজ
খোঁটা দেওয়া,ত্রুটির ইঙ্গিত
খোঁড়াখুঁড়ি,বারংবার খনন
খোয়াব,মিথ্যা আশা
খোরপোশ,অন্নবস্ত্র
খোরাক,খাদ্যদ্রব্য
খোরাকি,খাইখরচ
খোলতাই,সুবিকশিত
খোলনলচে বদল,আমূল পরিবর্তন
খোলস,ছদ্ম আবরণ
খোলস ছাড়া,স্বমূর্তি ধারণ
খোলসা,অকপট
খোলা,অকপট
খোলা আকাশ,আছাদন নেই
খোলাখুলি,প্রকাশ্য
খোলা দলিল,স্পষ্ট প্রমাণ
খোলাবাজার,বৈধ বাজার
খোলামকুচি,তুচ্ছ বস্তু
খোলা বাতাস,অবারিত হাওয়া
খোলা মন,অকপট মন
খোলামেলা,অকপট
খোশকবালা,স্বত্ব হস্তান্তরের দলিল
খোশখবর,সুসংবাদ
খোশখেয়াল,ইচ্ছা
খোশগল্প,হালকা গল্প
খোশনবিশ,হাতের লেখা সুন্দর
খোশমেজাজ,প্রীতিকর মন
খোসা পুরু,লজ্জাশূন্য
খ্যাঁকখ্যাঁক,কর্কশ বিরক্তি
খ্যাঁচড়া,অসম্পূর্ণ
খ্যাঁচাখেঁচি,কলহ
খ্যাঁট,আহার
খ্যাঁদা বোঁচা নাক কান কাটা,নির্লজ্জ
খ্যাপলা জালে মাছ ধরা,ধান্ধায় থাকা
খ্যামটা নাচ,হীন লঘুনৃত্য
গঁদের গঁদ,দূর কুটুম্বের কুটুম্ব
গকুলের ষাঁড়,স্বেচ্ছাচারী পুরুষ
গগনচারী,কল্পনাবিলাসী
গগনচুম্বী,অতি উচ্চ
গগনাম্বু,বৃষ্টির জল
গঙ্গাজল,নির্মল পবিত্র জল
গঙ্গাজলি,হাতে গঙ্গাজল নিয়ে শপথ
গঙ্গাজলে গঙ্গাপূজা,পরের ওপর দিয়ে চলা
গঙ্গাজলে বিসর্জন দেওয়া,সম্পূর্ণ পরিত্যাগ
গঙ্গাদিকে পা,মৃত্যু আসন্ন
গঙ্গাপুত্র,শবদাহকারী
গঙ্গাপ্রাপ্তি,মৃত্যু
গঙ্গা-যমুনা,দুই ভিন্ন বর্ণের সহ-অবস্থান
গঙ্গা-যমুনা গাঁথনি,কাদা সুরকির গাঁথা
গঙ্গাযাত্রা,মুমূর্ষুকে গঙ্গাতীরে যাওয়া
গঙ্গাযাত্রী,মুমূর্ষু
গঙ্গারাম,আনাড়ী
গচ্চা,লোকসান
গজকচ্ছপ,প্রবল প্রতিদ্বন্দ্বী
গজগামিনী,মন্দ গমনভঙ্গী
গজকপালে,ভাগ্যবান
গজগজ,বিরক্তি
গজগিরি,প্রকাণ্ড
গজচক্ষু,বেমানান চোখ
গজদন্ত,উঁচুদাঁত
গজদন্তমিনার,কল্পিত সুখের স্থান
গজব,প্রচণ্ড ক্রোধ
গজভুক্তকপিত্থবৎ,অন্তঃসারশূন্য
গজমুক্তা,কল্পিত মুক্তা
গজরগজর,বিরক্তি
গজস্কন্ধ,স্থূলস্কন্ধ
গজেন্দ্রগমন,মন্দ সুন্দর চলা
গঞ্জিকাসেবী,গাঁজাখোর
গটগট,ক্রোধের পদক্ষেপ
গড্ডলিকা,অগ্রগামিনী ভেড়ি
গড়গড়,অবলীলাক্রমে
গড়বড়,অব্যবস্থা
গড়া কথা,বানানো কথা
গড়াগড়ি,প্রাচুর্য
গড়ানো,একটু ঘুমানো
গড়াপেটা,পছন্দমতো আকৃতি
গড়িমসি,আলস্য
গড়ের মাঠ,শূন্য
গণদেবতা,জনসাধারণরূপ দেবতা
গণপিটুনি,এলোপাতাড়ি প্রহার
গণশক্তি,জনশক্তি
গণশত্রু,জনশত্রু
গণাগুণতি,ঠিকঠাক
গণাগোষ্ঠী,আত্মীয়পরিজন
গণেশ উলটানো,গুটানো
গণেশের কান,প্রার্থনা শোনার ক্ষমতা
গণ্ডকূপ,গালের টোল
গণ্ডগোল,কোলাহল
গণ্ডগ্রাম,জনবহুল গ্রাম
গণ্ডদেশ,গাল
গণ্ডমূর্খ,মহামূর্খ
গণ্ডা,পাওনা
গণ্ডাগণ্ডা,বহুলপরিমাণ
গণ্ডায় এণ্ডায়,গোলমালে ফাঁকি
গণ্ডারচর্ম,লজ্জাশূন্য
গণ্ডী,সীমা
গঁদের গঁদ,দূর কুটুম্বের কুটুম্ব
গকুলের ষাঁড়,স্বেচ্ছাচারী পুরুষ
গগনচারী,কল্পনাবিলাসী
গগনচুম্বী,অতি উচ্চ
গগনাম্বু,বৃষ্টির জল
গঙ্গাজল,নির্মল পবিত্র জল
গঙ্গাজলি,হাতে গঙ্গাজল নিয়ে শপথ
গঙ্গাজলে গঙ্গাপূজা,পরের ওপর দিয়ে চলা
গঙ্গাজলে বিসর্জন দেওয়া,সম্পূর্ণ পরিত্যাগ
গঙ্গাদিকে পা,মৃত্যু আসন্ন
গঙ্গাপুত্র,শবদাহকারী
গঙ্গাপ্রাপ্তি,মৃত্যু
গঙ্গা-যমুনা,দুই ভিন্ন বর্ণের সহ-অবস্থান
গঙ্গা-যমুনা গাঁথনি,কাদা সুরকির গাঁথা
গঙ্গাযাত্রা,মুমূর্ষুকে গঙ্গাতীরে যাওয়া
গঙ্গাযাত্রী,মুমূর্ষু
গঙ্গারাম,আনাড়ী
গচ্চা,লোকসান
গজকচ্ছপ,প্রবল প্রতিদ্বন্দ্বী
গজগামিনী,মন্থর গমনভঙ্গী
গজকপালে,প্রশস্ত ললাট
গজকপালিয়া,ভাগ্যবান
গজগজ,অসন্তোষ
গজগিরি,সুবিশাল
গজচক্ষু,ঈষৎ বাঁকা এবং দেহের তুলনায় ছোট বেমানান চোখ
গজদন্ত,উঁচুদাঁত
গজদন্তমিনার,কল্পিত সুখের স্থান
গজদন্তমিনারবাসী,কল্পনাবিলাসী
গজব,আল্লার মার
গজভুক্তকপিত্থবৎ,অন্তঃসারশূন্য অবস্থা
গজমুক্তা,কল্পিত মুক্তা
গজরগজর,বিরক্তিসূচক স্বগোক্তি
গজস্কন্ধ,স্থূলস্কন্ধযুক্ত ব্যক্তি
গজেন্দ্রগমন,মন্দছন্দে সুন্দর চলা
গঞ্জিকাসেবী,গাঁজাখোর
গটগট,ক্রোধ ও দম্ভের সাথে চলা পদক্ষেপের কাল্পনিক শব্দ
গড্ডলিকা,অগ্রগামিনী ভেড়ির অনুসরণকারী ভেড়ার পাল
গড্ডলিকা প্রবাহ,অন্ধ অনুকরণ
গড়গড়,অবলীলাক্রমে
গড়বড়,অব্যবস্থা
গড়া কথা,অসত্য
গড়াগড়ি,প্রাচুর্যসূচক
গড়ানো,মাটিতে লুটানো
গড়াপেটা,অসৎ উপায়ে ফল পরিবর্তন
গড়িমসি,আলস্য
গড়ের মাঠ,শূন্য
গণদেবতা,জনসাধারণরূপ দেবতা
গণপিটুনি,সকলের এলোপাতাড়ি প্রহার
গণশক্তি,জনসাধারণের ঐক্যবদ্ধ শক্তি
গণশত্রু,জনসাধারণের শত্রু
গণাগুণতি,একেবারে ঠিকঠিক
গণাগোষ্ঠী,আত্মীয়পরিজনসমূহ
গণেশ উলটানো,কারবার গুটানো
গণেশের কান,প্রার্থীর প্রার্থনা শোনার ক্ষমতা
গণ্ডকূপ,গালের টোল
গণ্ডগোল,বিশৃঙ্খলা
গণ্ডগ্রাম,অজগ্রাম
গণ্ডদেশ,কপোল
গণ্ডমূর্খ,মহামূর্খ
গণ্ডা,পাওনা অর্থ
গণ্ডাগণ্ডা,বহুসংখ্যক
গণ্ডায় এণ্ডায়,গোলমালের সুযোগে ফাঁকি দিয়ে
গণ্ডারচর্ম,নির্লজ্জ
গণ্ডী,সীমাসূচক পরিসর
গণ্ডূষ,হাতের কোষে অত্যল্প পরিমাণ
গণ্ডূষ করা,মন্ত্রপাঠ করে হাতের কোষে জল পান করা
গণ্ডূষ জল দেওয়া,পিতৃপুরুষের তর্পণ করা
গণ্ডূষ জলে সফরীর ফরফরানি,অল্পবিদ্যার অধিকারীর বিদ্যা জাহির
গণ্ডে-পিণ্ডে গেলা,অপরিমিত আহার
গতর,স্বাস্থ্য
গতরখাকী,অত্যন্ত অলস
গতর খাটানো,পরিশ্রম করা
গতর নাড়ানো,কাজে নিযুক্ত থাকা
গতরজমা,আলসেমি
গতর পোষা,কুঁড়েমি করা
গতর লাগা,মোটাসোটা হওয়া
গতরে পোকা ধরা,অকর্মণ্য হওয়া
গতরের মাথা খাওয়া,নিস্কর্মা হওয়া
গতশোচনা,অতীতের জন্য অনুতাপ
গতি করা,উপায় ব্যবস্থা করা
গতিক,উপায়
গতিপ্রকৃতি,চালচলন
গতুয়া,অলস
গতুরে,কর্মঠ
গত্যন্তর,অন্য উপায়
গদগদ,আবেগজনিত বিহ্বলতা
গদাইলস্কর,মন্থরগতিসম্পন্ন অলস
গদাইলস্করী চাল,কার্যে আলসেমী
গদি,ক্ষমতার উচ্চপদ
গন্ধমাদন,অপ্রয়োজনীয় বস্তুসমূহ
গন্ধর্ব ছোটানো,প্রহারে বেসুরে চিৎকার
গন্ধর্ব পূজা,আদর করে প্রহারে বিদায়
গন্ধেগন্ধে,সূত্র অনুসরণ করে
গন্ধে টের পাওয়া,অনুমানে জানা
গণ্যমান্য,সম্ভ্রান্ত
গবা,গোমূর্খ
গভীরজলের মাছ,ধূর্ত চাপাস্বভাবের লোক
গমগম,গম্ভীর শব্দব্যঞ্জক
গয়ংগচ্ছ,আলসেমি
গয়বি চাল,আড়াল থেকে চালা চাল
গয়সাল,মুসলমান ধর্মালম্বী হিন্দু
গয়াংগচ্ছ,মৃত্যু
গয়ার পাপ,বিরক্তিকর অপরিহার্য বিষয়
গয়ারাম,দলবদলে সদস্য
গরগর,ক্রোধের ধ্বন্যাত্মক
গরজ,প্রয়োজনের দায়
গরজ বড় বালাই,স্বার্থের তাগিদ
গরম কাপড়,শীতের পশমিপোশাক
গরম খবর,টাটকা খবর
গরমগরম,সদ্য-ভাজা
গরম গরম কথা,কটুবাক্য
গরম পানীয়,অ্যালকোহলযুক্ত পানীয়
গরম মেজাজ,ত্রুদ্ধ মেজাজ
গরমিল,হিসাবের ভুল
গরিবখানা,আপনগৃহের বিনয়সূচক উল্লেখ
গরিব-গুরবো,বিত্তহীন সম্প্রদায়
গরীবের ঘোড়ারোগ,সামর্থের বাইরে প্রত্যাশা
গরু,আকাট মুর্খ
গরু খোঁজা,তন্নতন্ন করে খোঁজা
গরু চোর,ভীতসন্ত্রস্ত ব্যক্তি
গরুড়শয়ন,দীর্ঘনিদ্রা
গরু মেরে জুতা দান,বিরাট ক্ষতির অল্প ক্ষতিপূরণ
গরুর ঝাল খেয়ে বেড়ানো,ভয়চকিত অবস্থা
গর্তের সাপ খুঁচিয়ে বার করা,অনাবশ্যক ঝামেলা ডেকে আনা
গর্দভ,মহামূর্খ
গর্দভরাগিণী,বিকট বেসুরা চিৎকার
গর্ভযন্ত্রণা,দীর্ঘকালীন উৎকণ্ঠা
গর্ভস্রাব,অপদার্থ
গরমি,ক্রোধ
গলগ্রহ,অকারণে অন্যের বোঝা
গলদ,দোষ
গলদঘর্ম,ক্লান্ত ও ঘর্মাক্ত
গলদা,স্থূল
গলবন্ধ,মাফলার
গলবস্ত্র,অতি বিনীতভাব
গলা ওঠা,স্বর উঁচু
গলা করে বলা,মুক্তকণ্ঠে বলা
গলা কাটা,ভীষণ প্রবঞ্চনা
গলাকাটা,দস্যু
গলাকাটা দর,অস্বাভাবিক দাম
গলাগলি,অত্যন্ত ঘনিষ্ঠতা
গলা চাপা,স্বর নীচু
গলা চেপে ধরা,পীড়ন করা
গলা ছাড়া,স্বর উচ্চে
গলা জল,গভীর সঙ্কট
গলা টিপলে দুধ বেরোয়,অজ্ঞ
গলা ঠাণ্ডা করা,মদ খাওয়া
গলা ধরা,স্বর বন্ধ
গলাধাক্কা,অপমান করে বিদায়
গলাফুলো পায়রা,অহঙ্কারী
গলা বসা,স্বর অস্পষ্ট
গলা বাঁচানো,প্রাণ বাঁচানো
গলাবাজী,চিৎকার
গলা ভাঙা,স্বরবিকৃতি
গলা ভারী,গম্ভীর স্বর
গলা সাধা,রেওয়াজ করা
গলাধঃকরণ,খাওয়া
গলায় আঁকশি দেওয়া,কাজে টেনে আনা
গলায় আঙুল দেওয়া,জোর করে পাওনা আদায়
গলায় কাপড়,অতি দারিদ্র্য
গলায় গলায়,প্রগাঢ়
গলায় গলায় পিরিত,প্রগাঢ় প্রীতি
গলায় গাঁথা,অনভিপ্রেত বোঝা
গলায় গামছা দেওয়া,প্রচণ্ড অপমান
গলায় ছুরি দেওয়া,প্রবঞ্চনা
গলায় দড়ি,মৃত্যু কামনা
গলায় পড়া,গলগ্রহ হওয়া
গলায় পা দেওয়া,উৎপীড়ন
গলায় লাগা,গিলতে কষ্ট
গলার কাঁটা,বোঝা
গলার জোর,উচ্চস্বর
গলার নিচে যাওয়া,উদরপূর্তি
গলিঘুঁজি,সঙ্কীর্ণ রাস্তা
গলে জল,রাগ চলে যাওয়া
গল্পগুজব,হালকা আলাপ
গল্প শেষ,কথা সমাপ্ত
গল্পের ভুশুড়ি ভাঙা,ক্রমাগত গল্প
গসগস,ক্রোধসূচক
গস্ত,ঘুরে কেনা
গহনাগাঁটি,অলংকারসমূহ
গহনার নৌকা,বহুযাত্রী নৌকা
গাঁ নেই তার সীমানা,নেই বস্তুর খোঁজ অর্থহীন
গাঁ বড় তার মাঝের পাড়া,অন্যায় দাবী
গাঁইগুঁই,অসম্মতিসূচক
গাঁইগোত্র,কুলপরিচয়
গাঁ-গাঁ,উত্কট চিৎকার
গাঁইয়া,অশিক্ষিত
গাঁক-গাঁক,চিৎকার করে কথা
গাঁজা খাওয়া,অলীক কথা
গাঁজাখুরি,অবিশ্বাস্য কল্পনা
গাঁট,কোমরের টাকা
গাঁটকাটা,পকেটমার
গাঁটগচ্চা,অযথা খরচ
গাঁটছড়া,জোটবন্ধন
গাঁটে গাঁটে বুদ্ধি,মহা ধুরন্ধর
গাঁটের কড়ি,স্বোপার্জিত অর্থ
গাঁট্টাগোঁট্টা,সুগঠিত
গাঁয়ে মানে না আপনি মোড়ল,স্বঘোষিত নেতা
গা এলিয়ে দেওয়া,হাত পা ছেড়ে শোয়া
গা করা,মনোযোগ দেওয়া
গা করকর করা,ঈর্ষান্বিত
গা কশকশ করা,আক্রোশযুক্ত
গা কাঁপা,প্রচণ্ড ভয়
গা কেমন করা,অস্বস্তি
গা গতর,সর্বাঙ্গ
গা গরম,অল্প জ্বর
গা গুলানো,বমির উদ্রেক
গা ঘামানো,পরিশ্রম
গা ঘেঁষা,অন্তরঙ্গ হওয়া
গা চাটাচাটি করা,ভালবাসা জানানো
গা ছাড়া,আগ্রহহীন
গা জুড়ানো,স্বস্তি
গা-জুরি,গোঁয়ার্তুমি
গা জুরি করা,বলপ্রয়োগ
গা জ্বলা,অতিশয় ক্রোধ
গা জ্বালা করা,ঈর্ষান্বিত
গা ঝাড়া দেওয়া,জড়তা কাটানো
গা ঝিম ঝিম করা,অসুস্থতা
গা টেপাটেপি করা,ইঙ্গিতে কথা
গা ঢাকা দেওয়া,আত্মগোপন
গা ঢালা,নিরুদ্যম
গা তোলা,ঘুম থেকে উঠা
গা দেওয়া,উৎসাহ দেখানো
গা নাড়া দেওয়া,চলে ফিরে
গা পেতে নেওয়া,মেনে নেওয়া
গা মাটি মাটি করা,আলস্য
গা মোড়া,আলস্য ভাঙ্গা
গা ম্যাজম্যাজ করা,অস্বস্তি
গা লাগানো,মনযোগী
গা সহা,অভ্যস্ত
গা শোঁকাশুঁকি করা,অন্তরঙ্গ
গাওয়া,সাক্ষ্য
গাঙ,গঙ্গা
গাঙ পেরুলেই পাটনী শালা,স্বার্থসিদ্ধি পর উপকারী নয়
গাঙ্গুরাম তেলি,নগণ্যব্যক্তি
গাছ না উঠতে এককাঁদি,ফলের আগে ভোগকল্পনা
গাছকোমর বাঁধা,আঁচল কোমরে
গাছগাছড়া,বুনো লতা
গাছপাগল,উন্মাদ
গাছপাথর,অনেক বয়স
গাছপালা,গাছ লতা
গাছে কাঁঠাল গোঁফে তেল,প্রাপ্তির আগে ভোগ
গাছে চড়ানো,অযথা প্রশংসা
গাছে তুলে মই কাড়া,আশা দিয়ে নিরাশ
গাছের ফল,সহজলভ্য
গাছেরও খাওয়া তলারও কুড়ানো,স্বার্থপর
গাট্টা-গোট্টা,সুগঠিত
গাড্ডা,বিপদ
গাড্ডা মারা,অকৃতকার্য
গাড্ডায় পড়া,বিপদে পড়া
গাড়ল,মূর্খ
গাড়িঘোড়া,যানবাহন
গাড়িঘোড়া চড়া,বিলাস
গাড়ি ফেল করা,গাড়ি ধরতে না পারা
গাড়ুর দামে খাড়ু যাওয়া,অল্পের জন্য মূল্যবান নষ্ট
গাণ্ডু,বুদ্ধিহীন
গাণ্ডেপিণ্ডে গেলা,অপরিমিত আহার
গাত্রজ্বালা,ঈর্ষা
গাত্রোত্থান,বিছানা ছাড়া
গাদাগাদি,প্রচুর জমায়েত
গাধা,নির্বোধ
গাধা পিটিয়ে ঘোড়া করা,বোকাকে চালাক
গাধার খাটুনি,অতিরিক্ত খাটুনি
গাধার জল খাওয়া,স্বভাব দোষ
গাধার পিটুনি,নির্মম প্রহার
গাধার রাগিণী,উৎকটস্বরে চিৎকার
গান্ধর্ববিবাহ,ইচ্ছানুসারে বিবাহ
গাপ করা,গোপনে আত্মসাৎ
গাফিলতি,অবহেলা
গাবদাগোবদা,বেমানান চেহারা
গায়ে কাঁটা দেওয়া,ভয়ে রোমাঞ্চ
গায়েগায়ে,ঘেঁষাঘেঁষি
গায়ে গায়ে শোধ,ঋণ পরিশোধ
গায়ে গু মাখলে যমও ছাড়ে না,দোষীর নিস্কৃতি নেই
গায়ে জ্বর আসা,আশঙ্কিত হওয়া
গায়ে তেল হওয়া,উদ্ধত হওয়া
গায়ে থুথু দেওয়া,ঘৃণা করা
গায়ে পড়া,অযাচিত
গায়ে ফুঁ দিয়ে বেড়ানো,দায় এড়ানো
গায়ে ফোসকা পড়া,ঈর্ষান্বিত
গায়ে বিষ ছড়ানো,ক্রোধ হওয়া
গায়ে মাখা,আমল দেওয়া
গায়ে মাংস লাগা,মোটা হওয়া
গায়ে লাগা,মর্মে আঘাত
গায়ে সওয়া,অভ্যস্ত
গায়ে হলুদ,বিয়ের অনুষ্ঠান
গায়ে হাত তোলা,প্রহার
গায়ে হাত না দিয়ে কথা বলা,পরের নিন্দা
গায়ের চামড়া ছাড়ানো,ভীষণ প্রহার
গায়ের জোর,গোঁয়ার্তুমি
গায়ের ঝাল ঝাড়া,প্রতিশোধ
গায়েব,আত্মসাৎ
গায়েবী চাল,আড়াল চাল
গায়েবী ধন,গুপ্তধন
গায়ের জল,স্বাস্থ্য
গায়ের জ্বালা,ঈর্ষা
গালকুট করা,নিন্দা
গালগল্প,অবাস্তব কথা
গালপাট্টা,গালজোড়া দাড়ি
গাল বাড়িয়ে চড় খাওয়া,আগবাড়িয়ে অপমান
গালভরা,একগাল
গালভরা কথা,বড়াই
গালভরা নাম,বিরাট নাম
গালভরা পান,পানে পরিপূর্ণ
গালভরা প্রতিশ্রুতি,অনেক প্রতিশ্রুতি
গালভরা হাসি,সন্তোষজনক হাসি
গালাভরা বালা,ভারী কিন্তু গুণহীন
গালমন্দ,কটূক্তি
গালে চড়,চড়া দাম
গালে চূণকালি,তীব্র অপমান
গালে হাত,বিস্ময়
গিজগিজ,গুঞ্জনশব্দ
গিদ্ধড়,অপরিচ্ছন্ন
গিন্নিপনা,গৃহিণীসুলভ
গিন্নিবান্নি,সুগৃহিণীসুলভ
গিরগিটি,বর্ণচোরা
গিরিকন্দর,পাহাড়ের গুহা
গিরিসঙ্কট,সঙ্কীর্ণ পথ
গিল্টি সোনা,নকল জিনিস
গীত,পুনরুক্তি
গুঁতাগুঁতি,ঝগড়া
গুগলি,কথার মারপ্যাঁচ
গুচ্ছের,অতিরিক্ত
গুজগুজ,শলাপরামর্শ
গুজগুজিয়া,অস্পষ্ট কথা
গুজরান,দিনযাপন
গুটিকতক,অল্পসংখ্যক
গুটিগুটি,ধীরে ধীরে
গুটিসুটি,সঙ্কুচিত
গুড়গুড়িয়া,খর্বাকৃতি
গুড়-ব্যাঘ্র,সাধুভাষা
গুড়ি মারা,ওত পেতে
গুড়ে বালি,আশা বিফল
গুণ করা,জাদু দিয়ে বশ
গুণগান,গুণকীর্তন
গুণচট,নষ্ট
গুণধর,বদগুণের অধিকারী
গুণাগার,পাপের শাস্তি
গুণাহ,অপরাধ
গুণে ঘাট নাই,বদগুণের সীমা নেই
গুণে নুন দিতে নেই,নির্গুণের ব্যঙ্গ
গুবলেট,ভেস্তে যাওয়া
গুম খুন,গুপ্ত হত্যা
গুমর,অহংকার
গুমোর ভাঙা,গর্ব চূর্ণ
গুয়ে ঢেলা মারা,কলুষিত হওয়া
গুয়ের এপিঠ আর ওপিঠ,মন্দের সব মন্দ
গুয়ের পোকা,নিকৃষ্ট
গুরুগম্ভীর,গম্ভীর শব্দ
গুরুচণ্ডালী,ভাষার দোষ
গুরুপাক,হজম না হওয়া
গুরুবাক্য,অলঙ্ঘনীয় নির্দেশ
গুরু বোবা শিষ্য কালা,সমান অপদার্থ
গুরুমারা বিদ্যা,গুরুকে জব্দ
গুরুমুখী বিদ্যা,গুরুমুখে শিক্ষা
গুরু-লঘু-জ্ঞান,বড় ছোট জ্ঞান
গুল,বানানো গুল্প
গুলজার,জাঁকজমকপূর্ণ
গুলতান,জটলা
গুলপট্টি,মিথ্যা গল্প
গুলবদন,কোমলদেহী
গুলবাহার,ফুল আঁকা কাপড়
গুল মারা,মিথ্যা কথা
গুলিখোর,নেশাসেবী
গুলি মারা,উপেক্ষা
গুলিস্তান,ফুলবাগান
গুষ্টি,বিরক্তিকর বহু
গুষ্টিবর্গ,পরিবার সদস্য
গুষ্টির পিণ্ডি,অবাঞ্ছিত গালি
গৃহদাহ,সাংসারিক বিপর্যয়
গৃহবিবাদ,সংসার ঝগড়া
গৃহবধু,কুলবধু
গৃহভেদী,ঘর ভাঙানো
গৃহিণী গৃহমুচ্যতে,গৃহিণী গৃহ বাসযোগ্য
গেঁজেল,মিথ্যা কথা বলে
গেঁড়াকল,ঠকাবার কৌশল
গেঁড়া মারা,আত্মসাৎ
গেঁড়ে,অশ্লীল গালি
গেঁতো,অলস
গেঁয়ো,অশিক্ষিত
গেঁয়ো ভূত,কাণ্ডজ্ঞানহীন
গেছো মেয়ে,উদ্দাম
গেজেট,খবর জানা ব্যক্তি
গেদে দেওয়া,তিরস্কার
গেরো,আপদ
গোঁ,জেদ
গোঁগা,কথা বলতে অক্ষম
গোঁ গোঁ,যন্ত্রণার ধ্বনি
গোঁগা ছেলের নাম তর্কবাগিশ,অসঙ্গত
গোঁজামিল,কোনরকমে মিল
গোঁফ খেজুরে,নিতান্ত অলস
গোঁফে তা,উপেক্ষা
গোঁয়ার গোবিন্দ,নির্বোধ হঠকারী
গোকুলে বাড়া,লুকিয়ে শক্তি বৃদ্ধি
গোকুলের ষাঁড়,স্বেচ্ছাচারী
গো-গর্ধভ,মহামূর্খ
গোগ্রাস,বড় গ্রাস
গোগ্রাসী,সর্বগ্রাসী
গোছগাছ,জিনিস গোছানো
গোছালো সংসার,মিতব্যয়ী সংসার
গোজন্ম,ব্যর্থ জন্ম
গোজন্ম ঘুচে গন্ধর্ব জন্ম,মন্দ থেকে ভালো
গোটা কতক,অল্পসংখ্যক
গোটা গোটা,পরিচ্ছন্ন
গোটার মসলা,মসলার মিশ্রণ
গোডিমওয়ালা ছেলে,দুধের শিশু
গোড়া কেটে আগায় জল,আগে নষ্ট পরে ভালো
গোড়াপত্তন,কাজ শুরু
গোড়া মারা,মূলোচ্ছেদ
গোড়ায় গলদ,শুরুতেই ভুল
গোড়ে গোড় দেওয়া,সহমত
গোণাগুণতি,ঠিকঠাক
গোদা পায়ে আলতা,বেমানান সাজ
গোদা পায়ে লাথি,অমূলক ভয়
গোদা বাংলা,সরল বাংলা
গোদের ওপর বিষফোঁড়া,কষ্টের উপর কষ্ট
গোধূলি,সূর্যাস্তকাল
গোবরগঙ্গা,গোবরের স্তূপ
গোবরগণেশ,মূর্খ
গোবরগাদা,অন্তঃসারশূন্য
গোবরছড়া,গোবরের ছিটে
গোবরভরা মাথা,বুদ্ধিহীন
গোবরে পদ্মফুল,নীচকুলে মহৎ
গোবিন্দের বাপ,নগণ্য ব্যক্তি
গোবেচারা,ভালোমানুষ
গো-বৈদ্য,আনাড়ী চিকিৎসক
গোমড়া মুখ,অপ্রসন্ন
গোমূর্খ,আকাট মূর্খ
গোয়ালার কাঁজি ভক্ষণ,নামমাত্র সার
গোরস,গরুর দুধ
গোরুচোর,ভীতসন্ত্রস্ত
গোরু মেরে জুতো দান,সামান্য প্রায়শ্চিত্ত
গোল,ঝামেলা
গোল গর্তে চৌকো পেরেক,যোগ্যস্থানে অযোগ্য
গোলকধাঁধা,জটিল সমস্যা
গোলগাল,মোটাসোটা
গোলমাল,বিশৃঙ্খলা
গোলেমালে চণ্ডীপাঠ,কাজে ফাঁকি
গোলমেলে ব্যাপার,এলোমেলো
গোলমেলে লোক,কুটিল
গোলা,অশিক্ষিত
গোলাঙ্গুলন্যায়,অন্ধের দুরবস্থা
গোলাপ বিছানো শয্যা,সুখস্বাচ্ছন্দ্য
গোলাপী নেশা,অল্পমদের নেশা
গোলামখানা,গোলাম তৈরির কারখানা
গোলে হরিবোল দেওয়া,গোলমালে ফাঁকি
গোল্লায় যাওয়া,নষ্ট হওয়া
গোসাঘর,অভিমানের ঘর
গোস্তাকি,অশিষ্টতা
গোস্পদে ডুবে মরা,সামান্য বিপদে হাল ছাড়া
গোহারা,পরাজিত
গৌরচন্দ্রিকা,অনাবশ্যক ভূমিকা
গৌরবে বহুবচন,ভণ্ডামি
গৌরী দান,অষ্টমবর্ষীয়া কন্যাদান
গৌরী সেন,বেহিসাবী দাতা
গৌরী সেনের টাকা,অঢেল অর্থ
গ্যাঁজানো,হালকা গল্প
গ্যাঁট হয়ে বসা,নিশ্চল বসা
গ্যাঁড়াকল,ঠকাবার কৌশল
গ্যাঁড়া মারা,আত্মসাৎ
গ্যাঞ্জাম,ভিড়
গ্যাস ছাড়া,বাজে কথা
গ্রন্থকীট,বইয়ের পোকা
গ্রহণের চাঁদ,সকলের লক্ষ্য
গ্রহের ফের,বিপদ
গ্রাম নাই তার সীমানা,আদিখ্যেতা
গ্রাসাচ্ছাদন,খাওয়াপরা
ঘট খালি,বুদ্ধিহীন
ঘটঘটানো,উদ্দেশ্যবিহীন ঘুরে বেড়ানো
ঘটনাক্রমে,অপ্রত্যাশিতভাবে
ঘটিচোর,ছিঁচকে চোর
ঘটিবাটি,সংসারের জিনিসপত্র
ঘটিরাম,অপদার্থ কর্মচারী
ঘড়ি-ঘড়ি,ক্ষণেক্ষণে
ঘড়ি ধরে,নির্দিষ্ট সময়ে
ঘড়িয়াল,ধূর্তলোক
ঘণ্টা,কিছুই না
ঘণ্টাপথ,বড় রাস্তা
ঘনকাল,বর্ষাকাল
ঘনঘটা,মেঘের আড়ম্বর
ঘনঘোর,গাঢ় অন্ধকার
ঘর আলো-করা,ঘরের শোভা বৃদ্ধি
ঘর করা,সংসারধর্ম পালন
ঘরকুনো,গৃহাসক্ত
ঘর খোঁজা,বৈবাহিক সম্পর্ক
ঘর গোছানো,সংসার পরিচালনা
ঘর ছাড়া,গৃহত্যাগ
ঘর জোড়া,শূন্যগৃহ পূর্ণ
ঘরজোড়া,জমকালো
ঘর জ্বালানো,সংসারের শান্তি নষ্ট
ঘর জ্বালানে পর ভুলানে,ঘরের কাছে কষ্টদায়ক
ঘর তোলা,বুননের ঘর
ঘর থাকতে বাবুই ভেজা,সুযোগ ছেড়ে কষ্ট
ঘরপোড়া গরু,কষ্টদায়ক অভিজ্ঞতাসম্পন্ন
ঘরপোড়া বুদ্ধি,কুবুদ্ধি
ঘর বাঁধা,বিয়ে করে সংসার
ঘরবাড়ি,গৃহস্থালী
ঘরবার করা,আকুল প্রতীক্ষায়
ঘর বোঝা,পরিজনের মনোভাব
ঘর ভাঙ্গা,পরিবারের একতা নষ্ট
ঘর ভাঙ্গানি,গৃহবিবাদ সৃষ্টিকারী নারী
ঘরভেদী বিভীষণ,গৃহবিবাদ সৃষ্টিকারী
ঘরভেদে রাবণ নষ্ট,গৃহশত্রু সংসার নষ্ট
ঘর মজানো,কুলকলঙ্ক
ঘর মারা,বুননের শেষ ঘর
ঘরমুখো,পারিবারিক অনুরক্ত
ঘরশত্রু,আপনজনের অনিষ্টকারী
ঘরসংসার,সংসারের কাজ
ঘরসন্ধান,ঘরের দোষ অনুসন্ধান
ঘরভেদী সন্ধানী বিভীষণ,ঘরের সন্ধান শত্রু বলে
ঘরসন্ধানে রাবণ নষ্ট,ঘরসন্ধান ঘর বিনাশ
ঘর সামলানো,পরিজন বশে রাখা
ঘরকা কী মুরগী দাল বরাবর,সহজলভ্যের কদর নেই
ঘরা-ঘরি,আপোসে
ঘরে আগুন দেওয়া,সংসারের শান্তি নষ্ট
ঘরে ছুঁচোর কেত্তন বাইরে কোঁচার পত্তন,দারিদ্র্য গোপন করে বড়লোকি
ঘরে-ঘরে,সর্বত্র
ঘরে থাকা,গৃহে উপস্থিত
ঘরে-পরে,সর্বত্র
ঘরে বসে রাজা উজির মারা,ঘরে আস্ফালন
ঘরে লক্ষ্মী আনা,পুত্রবধূ আনা
ঘরের ইঁদুর বাঁশ কাটে,ঘরের লোক শত্রুতা
ঘরের কথা,অন্তরঙ্গ কথা
ঘরের কুমির,ঘরশত্রু
ঘরের খেয়ে বনের মোষ তাড়ানো,নিজের অর্থে পরের উপকার
ঘরের ঢেঁকি,অকর্মণ্য ছেলে
ঘরের ঢেঁকির কুমির হওয়া,আত্মীয়ের শত্রু
ঘরের লক্ষ্মী,গৃহবধু
ঘরের লোক,আত্মীয়-পরিজন
ঘরের ল্যাঠা,সংসারের ঝঞ্ঝাট
ঘরামির ঘর ছেঁদা,নিজের কাজে নজর নেই
ঘরোয়া,পারিবারিক
ঘর্মাক্ত কলেবর,ঘামে ভেজা শরীর
ঘষামাজা,পরিমার্জন
ঘষেমেজে সুন্দরী,নকল সুন্দরী
ঘাঁটানো,উত্তেজিত করা
ঘাঁতঘোঁত,কলকৌশল
ঘা-কতক খাওয়া,মার খাওয়া
ঘা করা,অপ্রীতিকর পরিস্থিতি
ঘা খাওয়া,কষ্ট পাওয়া
ঘা মারা,চেতনা উদ্বুদ্ধ
ঘা শুকানো,শোক বিস্মৃত
ঘাগি,পুরানো পাপী
ঘাট,দোষ
ঘাটখরচ,শবদাহের খরচ
ঘাট মানা,দোষ স্বীকার
ঘাটলা,পাকা ঘাট
ঘাটাঘাটি,বাহুল্য হস্তক্ষেপ
ঘাটে এসে তরি ডোবা,সাফল্যের প্রান্তে বিফল
ঘাটের কড়ি,শবদাহের খরচ
ঘাটের মড়া,অতিবৃদ্ধ
ঘাড় গোঁজা,নত করা
ঘাড় থেকে ভূত নামানো,আবদার থেকে বিরত
ঘাড় ধরা,বল প্রয়োগ
ঘাড় ধরে করানো,বাধ্য করা
ঘাড় ধাক্কা দেওয়া,তাড়িয়ে দেওয়া
ঘাড় নাড়া,ইঙ্গিত
ঘাড় পাতা,দায়িত্ব গ্রহণ
ঘাড় ভাঙা,জোর করে খরচ
ঘাড়ভাঙ্গা খাটুনি,প্রাণান্তকর পরিশ্রম
ঘাড়ে করা,দায় স্বীকার
ঘাড়ে গর্দানে,স্থুল
ঘাড়ে চাপা,দায়িত্ব চাপা
ঘাড়ে জোয়াল,অতিরিক্ত চাপ
ঘাড়ে দুটো মাথা থাকা,দুঃসাহসী
ঘাড়ে নেওয়া,দায় গ্রহণ
ঘাড়ে ভূত চাপা,দুষ্টবুদ্ধি
ঘাড়ে হাগা,জব্দ করা
ঘাতঘোত,কলকৌশল
ঘাতের ভাই,স্বার্থপর
ঘানি টানা,কঠিন শাস্তি
ঘানি পেষা,শ্রমসাধ্য কাজ
ঘানিতে জোড়া,দীর্ঘকাল পরিশ্রম
ঘাপটি মারা,সুযোগের অপেক্ষা
ঘাম-ছোটা,অত্যধিক পরিশ্রম
ঘাম দিয়ে জ্বর ছাড়া,স্বস্তি
ঘাস কাটা,বেকার বসা
ঘাস খাওয়া,নির্বুদ্ধি
ঘি আদুড় ঘোল ঢাকা,বিপরীত বুদ্ধি
ঘিচিঘিচি,গায়েগায়ে
ঘিনঘিন করা,ঘেন্না
ঘিয়ে ভাজা,রুগ্ন
ঘিলু নড়া,বুদ্ধিনাশ
ঘিলু শুকিয়ে যাওয়া,চিন্তাশক্তি লোপ
ঘিলুহীন খুলি,নির্বোধ
ঘুঁটি চালা,কৌশল
ঘুঁটে পোড়ে গোবর হাসে,অন্যের বিপদে খুশি
ঘুঁটেকুড়ুনি,সহায়হীন নারী
ঘুঁটেকুড়ুনির ব্যাটার নাম চন্দনবিলাস,নেই-গুণের নামকরণ
ঘুঁটের মালা,অসম্মানিক উপহার
ঘুঘু,ধূর্ত
ঘুঘু চরা,সমূহ সর্বনাশ
ঘুঘু দেখেছ ফাঁদ দেখোনি,আনন্দের পিছনে দুঃখ
ঘুঘু বাস্তু,প্রচ্ছন্ন শয়তান
ঘুঘুর ফাঁদ,মহাবিপদ
ঘুঘুর বাসা,ফন্দিবাজ আস্তানা
ঘুটঘুটে,ঘোর কালো
ঘুণ ধরা,অধঃপাত
ঘুণধরা,অন্তঃসারশূন্য
ঘুণ হওয়া,অতিকৌশলে প্রবেশ
ঘুণাক্ষর,সামান্য ইঙ্গিত
ঘুম কাতর,ঘুম ভালোবাসে
ঘুম চটে যাওয়া,ঘুমের আবেশ কাটা
ঘুমিয়ে থাকা,অজ্ঞ
ঘুমেরে ঘুম পাড়ানো,ঘুম না হওয়া
ঘুরঘুট্টি,ঘোর কালো
ঘুরঘুর করা,অভিসন্ধিমূলক আনাগোনা
ঘুরপথ,দীর্ঘতর পথ
ঘুরপ্যাঁচ,জটিলতা
ঘুরা,বেড়ানো
ঘুরাঘুরি,ক্রমাগত যাতায়াত
ঘুরানো,মিথ্যা প্রতিশ্রুতি
ঘুরেফিরে,বারংবার
ঘুর্ণিপাক,আবর্ত
ঘুষঘুষে,চাপা
ঘুসকি,গালি
ঘৃতাহুতি,উত্তেজনাবৃদ্ধি
ঘেঁচু,নিস্ফল
ঘেউঘেউ,নিস্ফল চিৎকার
ঘেন্নাপিত্তি,লজ্জা বিরাগ
ঘেরাটোপ,আবরণ
ঘোঁট পাকানো,ষড়যন্ত্র
ঘোড়দৌড় করানো,হয়রান করা
ঘোড়া ডিঙিয়ে ঘাস খাওয়া,ক্ষমতাশালী অতিক্রম
ঘোড়া দেখে খোঁড়া হওয়া,সুযোগে আলসেমি
ঘোড়ায় জিন দিয়ে আসা,অস্থির
ঘোড়ার আগে গাড়ি জুতা,বেআক্কেলী
ঘোড়ার গোয়ালে ভেড়া ঢোকা,হটকারী সিদ্ধান্ত
ঘোড়ার ঘাস কাটা,বেকার
ঘোড়ার ডাক্তার,আনাড়ী
ঘোড়ার ডিম,অসম্ভব
ঘোড়ারোগ,সাধ্যাতীত সাধ
ঘোড়েল,ধূর্ত
ঘোপঘাপ,লুকানো যায়গা
ঘোমটার আড়ালে খেমটা নাচ,সাধুত্বের আড়ালে ভণ্ডামি
ঘোরকলি,অরাজকতা
ঘোরপ্যাঁচ,জটিলতা
ঘোর সংসারী,বিষয়ানুরক্ত
ঘোরাঘুরি করা,কাজ আদায়ের যাতায়াত
ঘোরাফেরা করা,বিচরণ
ঘোল খাওয়া,জব্দ হওয়া
ঘোল খাওয়ানো,জব্দ করা
ঘোল ঢালা,অপদস্ত
ঘোলা জল,অব্যবস্থা
ঘোলা জলে মাছ ধরা,অব্যবস্থার সুযোগ
ঘ্যাঁচঘ্যাঁচ,ঘচঘচ
ঘ্যাঁচড়া,একগুঁয়ে
ঘ্যাঁট,অবাঞ্ছিত মিশ্রণ
ঘ্যানঘ্যান,বিরক্তিকর অনুযোগ
ঘ্যানরঘ্যানর,বিরক্তিকর টানা শব্দ
ঘ্যাম,উঁচু মানের
চকচক/চকমক,তীব্র ঔজ্জ্বল্য
চকবন্দী জমি,সীমানা নির্ধারিত জমি
চকবন্দী দরজা,লতাপাতা-ফুলকাটা দরজা
চকমকানো,চোখ ধাঁধানো
চকমকি ঠোকা,ঝগড়া বাধানো
চকমা দেওয়া,প্রবঞ্চনা
চকমিলানো বাড়ি,চতুষ্কোণ উঠান ঘিরে বাড়ি
চকাচকি/চখাচখি,আদর্শদম্পতি
চকোর/চকোরী,সুধা অভিলাষী
চক্কর খাওয়া,ঘুরপাক খাওয়া
চক্কর মারা,একবার ঘুরে যাওয়া
চক্রবক্র,ছল
চক্রবৃদ্ধি,সুদের সুদ
চক্ষুকর্ণের বিবাদভঞ্জন,প্রত্যক্ষজ্ঞান
চক্ষু খাওয়া,চোখের অব্যবহার
চক্ষুখাদিকা,চোখখাগি
চক্ষু খুলে যাওয়া,জ্ঞানোদয়
চক্ষু চড়কগাছ,হতবুদ্ধি
চক্ষু ছানাবড়া,বিস্ময়াপন্ন
চক্ষে সরষে ফুল দেখা,হতবুদ্ধি
চক্ষের পুত্তলি,আদরের পাত্র
চচ্চড়ি পাকানো,পরিস্থিতি জটিল
চটকা ভাঙা,তন্দ্রা দূর
চট-জলদি,অবিলম্বে
চটচট,আঠালো
চটচটে,আঠালো
চটপট,তাড়াতাড়ি
চটপটে,চালাক
চটাচট,অতিদ্রুত
চটাচটি,বাদানুবাদ
চটিতং,ক্রুদ্ধ
চড়কগাছ,অতিরিক্ত রোগা
চড়কে কাঠি পড়া,কলহের সূত্রপাত
চড়কের পিঠ,সব সহ্য করতে পারে
চড়কের বাদ্যি,শোরগোল
চড়চাপড়,চড়ের পর চড়
চড়বড়,দ্রুত কথা
চড় মেরে গড়,অসম্মান পরে সম্মান
চড়া পড়া,অরুচি
চড়াই উৎড়াই,উন্নতি-অবনতি
চড়াই পাখির প্রাণ,ক্ষীণজীবী
চড়ায় ঠেকা,সাংসারিক টানাপড়েন
চড়ুইভাতি,সংঘবদ্ধ আহার
চড়ুকে বাতিক,সন্ন্যাসীর ইচ্ছা
চড়ুকে হাসি,কৃত্রিম হাসি
চণ্ড,উগ্রপ্রকৃতি
চণ্ডচামুণ্ড,দুস্কৃতির অনুচর
চণ্ডমূর্তি,উগ্রমূর্তি
চণ্ডাল,নিষ্ঠুর
চণ্ডিকা,উগ্রা নারী
চণ্ডীপাঠ থেকে জুতা সেলাই,সবরকম কাজ
চতুরচূড়ামণি,অত্যন্ত চালাক
চতুরে চতুরে কোলাকুলি,সমান প্রতিদ্বন্দ্বিতা
চতুরের ফতুর হওয়া,অতিচালাক সর্বশান্ত
চতুর্গুণ,বহুগুণ
চতুর্দশীর চাঁদ,ভরা যৌবনা
চতুর্দশীর চাঁদ কৃষ্ণা,মুমূর্ষ
চতুর্দিক,সবদিক
চতুর্ভুজ,সর্বগুণে গুণান্বিত
চতুর্ভুজা,করিতকর্মানারী
চতুস্পদ,নির্বোধ
চতুষ্কর জন্তু,বানরজাতীয়
চনমনে,সতেজ
চন্দ্রবিন্দু হওয়া,মারা যাওয়া
চন্দ্রভেদ,চরম লক্ষ্যভেদ
চন্দ্রাহত,উন্মত্ত
চপচপানি,বাচালতা
চপচপ,আদ্রতা
চপলার হাসি,ক্ষণস্থায়ী হাসি
চব্বিশ ঘণ্টা,অবিরাম
চমক খাওয়া,স্তম্ভিত
চমক ভাঙা,হঠাৎ হুঁশ
চম্পট দেওয়া,পলায়ন
চরকায় তেল দেওয়া,নিজের কাজে মন
চরকি খাওয়া,অবিরাম কাজ
চরকি ঘোরানো,হয়রান
চরণচারণ,পায়চারি
চরণদাস,তোষামোদকারী
চরণদাসী,সেবাদাসী
চরণবাবুর জুড়ি,পদব্রজে গমন
চরণসেবা,তোষামোদ
চরা,যথেচ্ছ ঘুরে
চরাচর,জগৎ-সংসার
চরানো,পড়ানো
চর্বণ করা,চিবিয়ে কথা
চর্বিতচর্বণ,পুনরাবৃত্তি
চর্ব্য-চোষ্য,সুস্বাদু খাদ্য
চর্মচক্ষু,স্থূলদৃষ্টি
চলৎফিরৎ,ইতস্তত ভ্রমণ
চলনসই,মোটামুটি
চলচিত্ত চঞ্চরী,অস্থিরমতি নারী
চলন-বলন,আচরণ কথাবার্তা
চলাচল,যাতায়াত
চলাফেরা,আচরণ
চলার সাথি,পথের সঙ্গী
চলে আসা,স্থান পরিত্যাগ
চলে চলা,এগুনো
চলোর্মিচঞ্চল,অস্থির
চল্লিশে চল্লিশা,দৃষ্টিক্ষীণতা
চল্লিশে চল্লিশ বুদ্ধি,ভাগ্য ভালো থাকলে সফল
চশমনামাই,তিরস্কার
চশমখোর,নির্লজ্জ
চষা,তন্নতন্ন খোঁজা
চষে বেড়ানো,নানাস্থানে ঘুরে
চাঁই,নেতা
চাঁচাছোলা,ছাল উঠানো
চাঁড়াল,নিষ্ঠুর
চাঁদ,আদরের বস্তু
চাঁদ কপালে/কপালি,সৌভাগ্যবান
চাঁদবদন/বদনী,চাঁদের মতো মুখ
চাঁদমারি,আক্রমণের লক্ষ্য
চাঁদ হাতে দেওয়া/পাওয়া,দুর্লভ বস্তু
চাঁদি,রূপার টাকা
চাঁদিফাটা রৌদ্র,প্রখর রৌদ্র
চাঁদির জুতো মারা,প্রচুর অর্থ ব্যয়
চাঁদে কলঙ্ক,সামান্য দোষ
চাঁদের কণা,আদরের শিশু
চাঁদের কাছে জোনাকি,অতি নগণ্য
চাঁদের দিকে হাত বাড়ানো,ক্ষমতার বাইরে প্রত্যাশা
চাঁদের হাট,রূপসীদের সমাগম
চাঁদোয়া,শামিয়ানা
চাই কী,হয়তঃ
চাকচাক/ চাকাচাকা,গোলাকার
চাকভাঙা মধু,টাটকা মধু
চাকরি-বাকরি,জীবিকা
চাকরি মেঘের ছায়া,অনির্ভরশীল
চাক্কি পেষা,কঠোর পরিশ্রম
চাগাড় দেওয়া,উত্তেজিত
চাচা আপন প্রাণ বাঁচা,নিজেকে রক্ষা
চাট,মুখরোচক খাদ্য
চাটনি,টক ঝাল খাবার
চাটাইয়ে শুয়ে লাখ টাকা স্বপ্ন দেখা,মাত্রাতিরিক্ত আশা
চাটাচাটি,অন্তরঙ্গতা
চাটি,চড়
চাটিবাটি করা,ভিটেমাটি ছেড়ে যাওয়া
চাটুবাদ,তোষামোদ
চাট্টিখানি,অল্পপরিমাণ
চাপ পড়লে বাপ,সঙ্কটে বাপ বলা
চাপাচাপি,পিড়াপিড়ি
চাপাচুপি,গোপনতা
চাপা দেওয়া,সত্য লুকানো
চাপান-উতোর,প্রশ্ন উত্তর
চাপা পড়া,আলোচনায় না আসা
চাপাবাজি,মিথ্যা উক্তি
চাবিকাঠি,সমস্যা সমাধান
চামচা,চাটুকার
চামচিকের লাথি,নগণ্য কটূক্তি
চামার,কৃপণ
চামুণ্ডা,উগ্রস্বভাবা নারী
চায়ের পেয়ালায় তুফান,সামান্য তুলকালাম
চারচক্ষু খোলা,সতর্ক দৃষ্টি
চারচক্ষুর মিলন,শুভদৃষ্টি
চারচাকা,চারচাকার গাড়ী
চারচাখো,চশমাপড়া
চারজন,কয়েকজন
চারটিখানি,অল্প পরিমাণ
চারডবল,চারগুণ
চারদিক,চতুষ্পার্শ্ব
চারপায়া,খাটিয়া
চারপেয়ে,অবিবেকী
চারভিত,চারদিক
চারশ বিশ,জোচ্চোর
চারসন্ধ্যা,দিনের চারসময়
চারহাঁটু,স্ত্রী-পুরুষ
চারহাত এক করা,বিবাহ
চারা,উপায়
চার্জ,অভিযোগ
চার্বাক দর্শন,নাস্তিক্য
চাল কমানো,খরচ কমানো
চালচলন,আচরণ
চাল চালা,কৌশল
চাল-চিঁড়ে বেঁধে যাওয়া,সবকিছু নিয়ে যাওয়া
চালচিত্র,পরিস্থিতির রূপরেখা
চাল চিবানো,নিরস কথা
চালচুলো,আহার-বাসস্থান
চালচূলো নেই,নিঃসম্বল
চালনি বলে ছুঁচ তোর পিছন ছ্যাঁদা,নিজে দোষী হয়ে পরের দোষকীর্তন
চালবাজ,ধোঁকাবাজ
চাল বাড়ানো,খরচ বাড়ানো
চাল বিগড়ানো,অধঃপাত
চালমাত,কার্যোদ্ধার
চাল মারা,মিথ্যা বড়াই
চালবাজী,ফন্দিবাজী
চালশে কানা,দৃষ্টিহীনতা
চালাকচতুর,চোখাল
চালাচালি,আদানপ্রদান
চালুমাল,ফন্দিবাজ
চাষবাস,কৃষিকাজ
চাষা,গ্রাম্য অশিক্ষিত
চিঁ চিঁ করা,ক্ষীণ আর্তনাদ
চিঁড়ে কাঁচকলা সম্পর্ক,চিরবৈরীতা
চিঁড়ে চ্যাপ্টা,নিঃশেষে দলিত
চিঁড়ের বাইশ ফের,সহজ জটিল
চিকণকালা,শ্যামসুন্দর
চিকণ-চাকণ,সুন্দর মসৃণ
চিকুরজাল,চুলের গুচ্ছ
চিকুরঝালা,বিদ্যুতের ঝলক
চিচিং-ফাঁক,উন্মেচিত
চিজ,ধূর্ত
চিটিংবাজ,ঠগ
চিঠিচাপাটি,চিঠিসমূহ
চিড় খাওয়া,ফাটল ধরা
চিড়বিড় করা,জ্বালা
চিড়া-কাঁচকলা সম্পর্ক,চিরবৈরীতা
চিড়ার বাইশ ফের,সহজ জটিল
চিড়িয়া,চালবাজ
চিড়িয়াখানা,বিচিত্র লোকের সমাবেশ
চিৎ,পরাজিত
চিৎপটাং,চিৎ পতন
চিতচোর,প্রেমিক
চিতা,মর্মযন্ত্রণা
চিত্তশুদ্ধিবটিকা,কুৎসিতদর্শনা
চিত্তির,আশ্চর্য কাণ্ড
চিত্রকার্যে চিত্রগুপ্ত,আলপনা
চিত্রগুপ্ত,কর্মরক্ষক
চিত্রগুপ্তের খাতা,পাপপুণ্য হিসাব
চিত্রনেত্র,সুন্দর চক্ষু
চিত্রবিচিত্র,নানারঙের
চিত্রিণী,চঞ্চলা নারী
চিনচিন,ক্ষীণ বেদনা
চিনাচিনি,পরিচিতি
চিনির পুতুল,জল পড়লে গলে যায়
চিনির বলদ,ভারবাহী কিন্তু ফলভোগী নয়
চিনে জোঁক,নাছোড়বান্দা
চিন্তাভাবনা,বিবেচনা
চিন্তামণি,পরম আরাধ্য
চিপটান,জ্বালা উক্তি
চিপটান কাটা,ব্যঙ্গ
চিবিয়ে চিবিয়ে কথা বলা,পরিষ্কার কথা
চিমটি কাটা,ব্যঙ্গ
চিমড়া,অবাধ্য
চিরকুট,ছোট কাগজ
চিরস্থায়ী বন্দোবস্ত,কায়েমীস্বার্থ
চিরাচরিত,প্রাচীন প্রথা
চিরায়ুস্মতী হও,আজীবন সধবা
চিরুণি তল্লাশি,অনুসন্ধান
চিল চিৎকার,একত্র চিৎকার
চিলকে বিল দেখানো,বিপদ ডেকে আনা
চিলের ছোঁ,আচমকা লুন্ঠন
চিল্লাচিল্লি,হট্টগোল
চীজ,মুল্যবান বস্তু
চীনা জোঁক,নাছোড়বান্দা
চুঁইচুঁই,মৃদু অনুভূতি
চুঁশব্দ,সামান্যতম
চুকচুক,চা খাওয়ার শব্দ
চুকলি কাটা,নিন্দা
চুটকি,আঙুলের তুড়ি
চুটকি সাহিত্য,সরসসাহিত্য
চুনকালি,কলঙ্ক
চুনকালি দেওয়া,অপমানিত
চুনাপুঁটি,নগণ্য ব্যক্তি
চুন্নি,চুরি করে নারী
চুন্নিগরু,অবাধ্য গাই
চুন্নিবিল্লি,অসহায় অপরাধী
চুপচাপ,নীরব
চুপচাপ মারা,নীরব হওয়া
চুপিচুপি,গোপনে
চুমকুড়ি,চুমার আওয়াজ
চুমরানো,মিষ্টিকথায় ভুলানো
চুমুক দিয়ে পুকুর শুকানো,অসম্ভব
চুয়াড়,নিষ্ঠুর
চুর,মাতাল
চুরচুর,ক্ষুদ্রক্ষুদ্র অংশে
চুরমার,চূর্ণ ধ্বংস
চুরি করে শোনা,গোপনে শোনা
চুরিচামারি,চুরি অপকর্ম
চুলকানি,ব্যগ্রতা
চুলকে ঘা করা,নিজের বিপদ ডেকে
চুলচেরা,সূক্ষ্ম বিচার
চুল পাকানো,বৃদ্ধ হওয়া
চুলবুল করা,অস্থির
চুলোচুলি,ঝগড়া
চুলোভোগী,ঘাটের মড়া
চুলোয় যাওয়া,উচ্ছন্নে যাওয়া
চূড়ামণি,শ্রেষ্ঠ ব্যক্তি
চূড়ামণিযোগ,গঙ্গাস্নান
চূড়ার ওপর ময়ূরপাখা,অতিরিক্ত সাজসজ্জা
চূণকালি লাগা,কলঙ্কিত
চেঁচামেচি,গণ্ডগোল
চেঁচেপুঁছে,নিঃশেষে চেটে
চেতাবনি,বিপদসঙ্কেত
চেতনে অবচেতন,জেনেও না জানা
চেনাজানা,পরিচিত
চেপে ধরা,পীড়াপীড়ি
চেপে যাওয়া,চুপ থাকা
চেপে বসা,উঠতে না দেওয়া
চেয়েচিন্তে,বিবেচনা করে
চ্যালাচামুণ্ডা,দুষ্ট অনুগামী
চেষ্টাচরিত্র,উদ্যোগ
চৈতন,টিকি
চৈতন্যোদয়,বুদ্ধির বিকাশ
চোঁচাঁ,অতিদ্রুত
চোঁচোঁ,সাগ্রহে খাওয়া
চোখ উল্টানো,অকৃতজ্ঞতা
চোখ এড়ানো,নজর না হওয়া
চোখ কপালে ওঠা,বিস্মিত
চোখ কান খুলে রাখা,সজাগ
চোখ কান বুজে থাকা,না দেখা না শোনা
চোখ খাওয়া,মনোযোগ না থাকা
চোখ খোলা,সতর্ক
চোখ গরম করা,চোখ আরক্ত
চোখ ঘুরানো,ক্রুদ্ধ দৃষ্টি
চোখ চড়কগাছে ওঠা,চক্ষু বিস্ফোরিত
চোখ চাওয়া,ভাগ্য অনুকূল
চোখ ছানাবড়া দেখা,চোখ বিস্ফারিত
চোখ জ্বলে ওঠা,চোখ দীপ্ত
চোখ ঝলসানো,চোখ প্রায় বন্ধ
চোখ টানানো,ঈর্ষান্বিত
চোখ টেপা,ইসারা
চোখ টেরা,কটু সমালোচক
চোখ ঠারা,ইঙ্গিত
চোখ তুলে চাওয়া,প্রসন্ন
চোখ তুলে তাকানো,বিরুদ্ধাচারণ
চোখ থেকেও অন্ধ,মূর্খ
চোখ দেওয়া,লোভ
চোখ দেখানো,রাগ দেখানো
চোখ পড়া,নজরে লাগা
চোখ পাকানো,ক্রুদ্ধ
চোখ ফিরিয়ে থাকা,উদাসীন
চোখ ফোটা,জ্ঞানলাভ
চোখ বড় করা,বিস্মিত
চোখ বুজে থাকা,আমলে না আনা
চোখ বুলানো,হালকাভাবে পড়া
চোখ বোজা,প্রশ্রয়
চোখ বোলানো,অমনোযোগে পড়া
চোখ মটকানো,ইঙ্গিত
চোখ মন্দ,বিরূপ দৃষ্টি
চোখ মারা,অশ্লীল ইঙ্গিত
চোখ রাখা,তত্ত্বাবধান
চোখ রাঙানো,ক্রুদ্ধ দৃষ্টি
চোখ লাল করা,রাগ
চোখ লুকানো,সামনে না যাওয়া
চোখ সাদা,স্বাভাবিক দৃষ্টি
চোখা উত্তর,কড়া
চোখা কথা,মর্মভেদী
চোখাচোখা,তীব্র
চোখাচোখি,সামনাসামনি
চোখাবুদ্ধি,তলিয়ে বোঝা
চোখামাল,খাঁটি মাল
চোখালোক,চৌখস
চোখে অন্ধকার দেখা,দিশেহারা
চোখে আঙ্গুল দিয়ে দেখানো,প্রমাণ দিয়ে বোঝানো
চোখে চশমা ঘরময় খোঁজা,আপনভোলা
চোখে চোখ রেখে কথা বলা,মোকাবিলা
চোখে চোখে কথা,ইঙ্গিতে কথা
চোখে চোখে রাখা,নজরদারি
চোখে ছানাবড়া দেখা,বিস্ময়
চোখে ঝর্ণার জল,মায়াকান্না
চোখে ঠুলি পরা,না দেখা
চোখে ঠেকা,খারাপ লাগা
চোখে ধরা,পছন্দ
চোখে ধূলা/ধুলো দেওয়া,প্রতারণা
চোখে ধোঁয়া দেখা,দিশাহারা
চোখে পড়া,নজরে আসা
চোখে ভেলকি লাগা,মোহাচ্ছন্ন
চোখেমুখে কথা বলা,চালাকি
চোখে লঙ্কা বাটা দিয়ে কান্না,জোর করে কান্না
চোখে লাগা,পছন্দ
চোখে সরষে ফুল দেখা,দিশেহারা
চোখে সাঁতার পানি,মায়াকান্না
চোখের চামড়া,লজ্জা
চোখের জলে নাকের জলে,বিপর্যস্ত
চোখের তারা,আদরের সন্তান
চোখের দেখা,পলকের দেখা
চোখের দেখা দেখা,দর্শনসুখ
চোখের নেশা,দেখার বাতিক
চোখের পর্দা,লজ্জা
চোখের পলক,নিমেষ
চোখের পুতুল,আদরের সন্তান
চোখের বদলে চোখ,প্রতিশোধ
চোখের বালি,অপ্রিয়
চোখের ভুল,দৃষ্টিভ্রম
চোখের মণি,প্রিয়জন
চোখের মাথা খাওয়া,দৃষ্টিশক্তি হারানো
চোট,আঘাত
চোটপাট করা,ক্রোধ প্রকাশ
চৌদ্দচাকার রথ দেখানো,মুশকিলে ফেলা
চোদ্দপুরুষ,অধস্তন চোদ্দপুরুষ
চোদ্দপুরুষ তোলা,গালাগালি
চোদ্দপোয়া,শয়ন
চোদ্দপোয়া হওয়া,সটান শোয়া
চোদ্দবার,বারংবার
চোদ্দবুড়ি,প্রচুর
চোপা,কড়া জবাব
চোয়াল ভাঙ্গা শব্দ,উচ্চারণযোগ্য নয়
চোয়াল শক্ত করা,দৃঢ়প্রতিজ্ঞ
চোরচূড়ামণি,মার্কামারা চোর
চোরছ্যাঁচোড়,চোর প্রতারক
চোর ধরতে চোরকে লাগানো,সহজ কার্যসিদ্ধি
চোর পালালে বুদ্ধি বাড়ে,অভিজ্ঞতায় বুদ্ধি
চোর মচায়ে শোর,অসৎ হম্বিতম্বি
চোর মরে সাত ঘর মজায়ে,শাস্তি অনেককে জড়ায়
চোরা,শ্রীকৃষ্ণ
চোরাকারবার,বেআইনি ব্যবসায়
চোরাকুঠি,গুপ্তঘর
চোরাগলি,গোপন পথ
চোরাগর্ত,অজানা বিপদ
চোরাগোপ্তা,গোপনে
চোরাচালান,শুল্ক ফাঁকি
চোরাকটাক্ষ,আড়দৃষ্টি
চোরা না শোনে ধর্মের কাহিনি,পাপিষ্ঠকে সদুপদেশ বৃথা
চোরাপকেট,গুপ্ত পকেট
চোরাবালি,গোপন বিপদ
চোরে চোরে কুটুম্বিতা,দুষ্টদের ঘনিষ্ঠতা
চোরে চোরে খালাতো ভাই,সমমনা দুষ্ট
চোরের উপর বাটপাড়ি,ঠগকে ঠকানো
চোরের ধন বাটপাড়ে খায়,অসৎ ধন ভোগে না
চোরের মায়ের কান্না,নিস্ফল বিলাপ
চোরের মায়ের বড় গলা,অসৎ সাধুতার ভান
চোস্ত,চৌকশ
চৌকশ,চালাকচতুর
চৌকা গর্তে গোল পেরেক,অস্বস্তিকর অবস্থা
চৌকাঠ না মাড়ানো,সম্পর্ক ছিন্ন
চৌঘরি মাত দেখানো,সঙ্কটে ফেলা
চৌচির,খণ্ডবিখণ্ড
চৌপট,ধ্বংস
চৌপর,সারাদিন
চৌপল,চৌকা
চৌমাথা,চাররাস্তা
চৌরস,চৌকা
চৌহদ্দি,সীমানা
চ্যাঁচামেচি,চিৎকার
চ্যাঙদোলা,শববাহী খাটিয়া
চ্যাঙড়া,অপরিণত যুবক
চ্যাঙা-ব্যাঙা,গুরুত্বহীন
চ্যাটাং চ্যাটাং,কর্কশ
চ্যালাচামুণ্ডা,দুষ্ট অনুগামী
ছক কাটা,কাজের পরিকল্পনা
ছককাটা,পূর্বপরিকল্পিত
ছক্কাপাঞ্জা,জাঁকজমক
ছকড়া নকড়া,বিশৃঙ্খল
ছকবাঁধা,গতানুগতিক
ছকে দেওয়া,খসড়া বানানো
ছটফট,অস্থিরতা
ছটফটে,চঞ্চল
ছড়ছড়,বৃষ্টির শব্দ
ছড়াছড়ি,প্রাচুর্য
ছড়ানো-ছিটানো,বিক্ষিপ্ত
ছড়ি ঘোরানো,হম্বিতম্বি
ছত্রখান,বিক্ষিপ্ত
ছত্রছায়া,আশ্রয়
ছত্রধর,আজ্ঞাবহ
ছত্রভঙ্গ,সারিভাঙা
ছত্রাকার,বিক্ষিপ্ত
ছত্রিশজাত,নানাজাত
ছত্রিশজাতের কাণ্ড,গোলমাল
ছনছন,ঈষৎ অসুস্থতা
ছনমন,অস্বস্তি
ছন্দপতন,তালভঙ্গ
ছন্দেবন্দে,কৌশলে
ছন্নছাড়া,আশ্রয়হীন
ছপ্পর ফুঁড়ে,অপ্রত্যাশিত
ছবুড়ি ছগণ্ডা,বহুসংখ্যক
ছমছম,শিহরণ
ছয়কে নয় নয়কে ছয়,বিপরীত কাজ
ছয়লাপ,চুড়ান্ত অপচয়
ছরকট,বিশৃঙ্খল
ছরকুটে,বিশৃঙ্খল
ছল করা,কপটতা
ছলচাতুরী,ধূর্তামি
ছলছুতা,অছিলা
ছল ধরা,দোষ বার করা
ছলাকলা,শঠতা
ছলে-বলে-কৌশলে,ছল শক্তি চাতুর্য
ছাঁকা কথা,সারযুক্ত কথা
ছাঁকা জল,বিশুদ্ধ জল
ছাঁকা পয়সা,সহজলভ্য পয়সা
ছাঁচ,আদল
ছাঁদনদড়ি,দৃঢ় আলিঙ্গন
ছাঁদনাতলা,বিয়ের আসর
ছাঁদা বাঁধা,পুটুলি বাঁধা
ছাঁদা বাঁধা,বাঁধাছাঁদা
ছাই,অসার
ছাই করা,কিছু না করা
ছাই কপালে,দুর্ভাগা
ছাই চাপা আগুন,সুপ্তপ্রতিভা
ছাইপাঁশ,অসার
ছাই পেতে কাটা,নির্দয় নির্যাতন
ছাই ফেলতে ভাঙা কুলো,অকাজের জন্য অপদার্থ
ছাগল,বোকা
ছাগলদাড়ি,তোলা দাড়ি
ছাগল দিয়ে চাষ করা,অযোগ্যকে ভারী কাজ
ছাগলের তৃতীয়সন্তান,অবহেলিত
ছাটকাট,ছাঁটাই
ছাড়ছোড়,পরিপূর্ণ
ছাড়া-ছাড়া,বিচ্ছিন্ন
ছাড়াছাড়া কথা,কর্কশ কথা
ছাড়াছাড়ি,বিচ্ছিন্ন
ছাড়ানছোড়ান,মুক্তি
ছাতা দিয়ে মাথা রাখা,বিপদে সাহায্য
ছাতা ধরা,আশ্রয়
ছাতারে পাখি,ঝগড়া করে বেড়ায়
ছাতারে কীর্তন,গোলমাল
ছাতি,সাহস
ছাতি ফোলানো,গর্ব
ছাতু,কিছু না
ছাতুখোর,স্থূলবুদ্ধি
ছাতুর হাঁড়িতে বাড়ি পড়া,নিমেষে লণ্ডভণ্ড
ছানাপোনা,অল্পবয়স্ক
ছানাবড়া,বিস্ময়ে চোখ বিস্ফোরণ
ছাপাছাপি,গোপনতা
ছাপোষা,নিরীহ দরিদ্র
ছাপোষা কেরানী,পোষ্যভারাক্রান্ত মধ্যবিত্ত
ছায়া,আশ্রয়
ছায়া আর কায়া,দেহ মন
ছায়া মাড়ানো,কাছে আসা
ছায়াতে ভূত দেখা,অজানা আশঙ্কা
ছায়ার পিছনে ছোটা,অসম্ভবের পিছনে
ছায়ার সাথে যুদ্ধ,পণ্ডশ্রম
ছার কপালে,হতভাগা
ছারখার,ধ্বংস
ছারপোকা,নগণ্য
ছারপোকার বিয়ান,ক্রমাগত বংশবৃদ্ধি
ছাল ছাড়ানো,প্রচণ্ড প্রহার
ছাল নেই কুত্তা নাম তার বাঘা,নেই-গুণের নামকরণ
ছালপাতলা,অসহিষ্ণু
ছালপুরু,নির্লজ্জ
ছিঁচকে চোর,ছোটখাটো চোর
ছিঁচকাঁদুনে,কান্নাকাটি করে
ছিঁড়াখোঁড়া,ছিন্নবিচ্ছিন্ন
ছিঁড়াছিঁড়ি,বারবার ছেঁড়া
ছিছি করা,ধিক্কার
ছিকলি কাটা টিয়ে,স্বাধীন মনোভাব
ছিট,বাতিক
ছিটকে পড়া,দূরবর্তী অঞ্চলে
ছিটা,সামান্য পরিমাণ
ছিটেবেড়া,কঙ্কালসার দেহ
ছিদ্রান্বেষণ,দোষ খোঁজ
ছিদ্রদর্শী,দোষত্রুটি খোঁজে
ছিনা জোঁক,নাছোড়বান্দা
ছিনালি,ভ্রষ্টানারী চাতুরী
ছিনিমিনি খেলা,চুড়ান্ত অপচয়
ছিন্নভিন্ন,শতছিন্ন
ছিন্নমূল,উৎখাত পরিবার
ছিপছিপা,পাতলা রোগা
ছিপাছিপি,গোপনতা
ছিমছাম,শোভন সুন্দর
ছিরি,কান্তি
ছিরিছাঁদ,লাবণ্য
ছুঁচিবাই,স্পর্শদোষ
ছুঁচো,লোভী
ছুঁচো গেলা,উভয়সঙ্কট
ছুঁচো মেরে হাত গন্ধ,দুর্নাম কুড়ানো
ছুঁচোর কচাকচি,বিরক্তিকর চেঁচামেচি
ছুঁচোর গলায় চন্দ্রহার,অযোগ্যের উৎকৃষ্ট
ছুঁতমার্গ,অস্পৃশ্যতা
ছুট,মুক্তি
ছুটকা,হঠাৎ প্রাপ্তি
ছুটকারা,মুক্তি
ছুটকি,শিশু-বালিকা
ছুটকো,নগণ্য
ছুটকো-ছাটকা,টুকিটাকি
ছুটমুখ,শক্ত কথা
ছুতোনাতা,অছিলা
ছুপা রুস্তম,সুপ্তপ্রতিভা
ছুরি দেওয়া,বিশাল ঠকানো
ছেঁকে ধরা,ঘিরে ধরা
ছেঁচড়,নির্লজ্জ
ছেঁড়া কচু,অপদার্থ
ছেঁড়া কাঁথায় লাখ টাকার স্বপ্ন,উচ্চাশা
ছেঁড়া চুলে খোঁপা বাঁধা,বৃথাচেষ্টা
ছেঁড়া কথা,অসার কথা
ছেঁড়াছিঁড়ি,বারবার ছেঁড়া
ছেঁড়াবস্তায় খাসাচাল,নির্গুণের গুণবান সন্তান
ছেঁড়ামামলা,ঝঞ্ঝাট
ছেঁদামালা,অপব্যয়ী
ছেঁদোকথা,কপট কথা
ছেঁদোলোক,তুচ্ছ লোক
ছেড়ে দিয়ে তেড়ে ধরা,ঢিলে দিয়ে টেনে
ছেড়ে মা কেঁদে বাঁচি,মুক্তির আকুতি
ছেলেখেলা,সহজসাধ্য
ছেলে-ছোকরা,অপক্ব যুবক
ছেলেপিলে,সন্তান
ছেলে-ভুলানো,শিশুভুলানো
ছেলেমানুষ,অপরিণতবুদ্ধি
ছেলের হাতের মোয়া,সহজলভ্য
ছোঁ দেওয়া,আমল দেওয়া
ছোঁ মারা,কেড়ে নেওয়া
ছোঁকছোঁক,লোভসূচক ব্যগ্রতা
ছোঁচা,খাদ্যলোভী
ছোঁয়াছুঁয়ি,স্পর্শদোষ
ছোকরা,নব্যযুবক
ছোটখাটো,ক্ষুদ্রায়তন
ছোটছেলে,কনিষ্ঠ পুত্র
ছোটজাত,অপাঙক্তেয়
ছোটনজর,কৃপণতা
ছোটবাইরে,প্রস্রাব
ছোটমন,হীন মন
ছোটমুখ,শিশু
ছোটমুখে বড় কথা,অবস্থার অতীত উক্তি
ছোটমোট,ক্ষুদ্র
ছোটলোক,অভদ্র
ছোটসাহেব,নিম্নতর পদ
ছোটহাজারি,নাশতা
ছোটাছুটি,ব্যস্ততা
ছোবল মারা,বিদ্ধ করা
ছোলেনামা,আপোস
ছ্যাঁচড়,প্রতারক
ছ্যাঁচড়া,নীচপ্রকৃতি
ছ্যাঁৎ করা,শিউরে ওঠা
ছ্যা ছ্যা করা,ধিক্কার
জগৎ,সমাজ
জগৎ-সংসার,মর্ত্যলোকের বৈষয়িক জীবন
জগদ্দল,গুরুভার পাথর
জগন্নাথযাত্রা,পুরীর তীর্থে গমন
জগন্নাথের আটকে বাঁধা,প্রসাদের জন্য বরাদ্ধ অর্থ
জগাই-মাধাই,অন্তরঙ্গ বন্ধুদ্বয়
জগাখিচুড়ি,অবাঞ্ছিত জিনিসের সংমিশ্রণ
জগাখিচুড়ি পাকানো,জটিলতা সৃষ্টি
জঙ্‌লা,সুন্দরবনের বাঘ
জঞ্জাল,অবাঞ্ছিত বস্তু
জট পাকানো,জটিলতা সৃষ্টি
জটিলা-কুটিলা,বধুগঞ্জনাকারী শাশুড়ী-ননদ
জটেবুড়ি,জটাধারণী পিশাচী
জঠরজ্বালা,প্রবল ক্ষুধা
জঠরযন্ত্রণা,গর্ভধারণের ক্লেশ
জঠরাগ্নি,ক্ষুধার জ্বালা
জড়পদার্থ,নিশ্চেষ্ট ব্যক্তি
জড়পুত্তলি,জড়মনোভাবাপন্ন
জড়ভরত,অকর্মণ্য
জড়সড়,ভীত আড়ষ্ট
জড়িপটি খাওয়া,পা জড়ানো
জড়িবুটি,টোটকা ওষুধ
জতুগৃহ,সহজদাহ্য ঘর
জনক-জননী-জননী,জন্মভূমি
জন খাটানো,ঠিকা মজুর
জনগণেশ,জনগণের অধিদেবতা
জনপদ,জনবসতি
জনপ্রাণি,একজন মানুষ
জনমজুর,ঠিকা শ্রমিক
জনমত,অধিকাংশের মত
জনমানব,একজন মানুষ
জনরব,কিংবদন্তি
জনসমক্ষে নোংরা কাপড় কাচা,অন্তরঙ্গ বিষয় জনসমক্ষে
জনাকতক,কয়েকজন
জনা-জনা,প্রত্যেকে
জনান্তিকে,জনসমক্ষে আড়ালে
জনে-জনে,প্রত্যেককে
জনৈক,একজন
জন্ম-এয়োতি,চিরসধবা
জন্মকুণ্ডলী,রাশিচক্র
জন্মের মত,চিরদিনের
জপ করা,নিত্য স্মরণ
জপ করানো,ফুসলানো
জপতপ,ঈশ্বরের নাম উচ্চারণ
জপমালা,নিত্যস্মরণীয়
জবরজং,জমকালো
জবরদস্ত,বলবান
জবরদস্তি,জুলুম
জবাই,ধ্বংস
জবুথবু,আড়ষ্ট
জমকালো,আড়ম্বরপূর্ণ
জমজমাট,উপভোগ্য
জমাখরচ,আয়ব্যয় হিসাব
জমিজমা,ভূসম্পত্তি
জমিজিরাত,কৃষিজমি
জমিদারী,কর্তৃত্ব
জমি নেওয়া,পরাস্ত
জম্পতি,মিথুনযুগল
জম্পেশ,উপভোগ্য
জম্বুক,ধূর্ত
জয়কেতু,খোসামুদে
জয়জয়কার,জয়ধ্বনি
জরদ্গব,অকর্মণ্য বৃদ্ধ
জলউঁচু জলনিচু,তোষামুদ
জল খাওয়া (ডুবে ডুবে),গোপনে অন্যায়
জল খাওয়া (সাতঘাটের),জব্দ
জলখাবার,হালকা খাবার
জল গলে না,কৃপণতা
জলগ্রহণ না করা,সম্পর্ক না রাখা
জল ঘোলা করা,অস্বস্তিকর অবস্থা
জলচল,স্পর্শদোষমুক্ত
জলছাড়া কুমির,অসহায়
জলজীয়ন্ত,তরতাজা
জলজ্যান্ত প্রমাণ,স্পষ্ট প্রমাণ
জলজ্যান্ত মিথ্যা,ডাহা মিথ্যা
জলঝড়,বৃষ্টি ঝড়
জলটল,জলখাবার
জলদ-গম্ভীর,গম্ভীর
জলদান,তর্পণ
জল দিয়ে জল বার করা,শত্রুর সাহায্যে শত্রুনিধন
জল দেওয়া,চিতায় জল
জলধর,মেঘ
জলপটি,জলসিক্ত কাপড়
জলপড়া,মন্ত্রপূত জল
জলপান,হালকা খাবার
জলপানি,ছাত্রবৃত্তি
জলবৎতরলং,সহজ
জলবসন্ত,গুটিকারোগ
জলবাতাস,আবহাওয়া
জলবায়ু,আবহাওয়ার গড়
জলবিয়োগ,মুত্রত্যাগ
জলবিষুব,বিষুবরেখা অতিক্রম
জলযাত্রা,জলপথে যাত্রা
জলযোগ,হালকা খাবার
জলসত্র,জল বিতরণ
জল সহা,জল সংগ্রহ
জল হওয়া,গলে যাওয়া
জলহাওয়া,আবহাওয়া
জলহীন জলাশয়,শুস্কহৃদয়
জলাঞ্জলি,অপচয়
জলে কুমির ডাঙায় বাঘ,উভয়সংকট
জলে জল বাঁধে,পয়সাতে পয়সা
জলে জল মেশে,সমপ্রকৃতির মিল
জলে দেওয়া,অপচয়
জলে পড়া,বিপদে পড়া
জলে ফেলা,অপচয়
জলের আলপনা,ক্ষণস্থায়ী
জলের কুমির ডেকে আনা,বিপদ ডেকে
জলের ছিটে দিয়ে লগির গুঁতো খাওয়া,বিপদ ডেকে
জলের দর,সস্তাদর
জলের মত,সহজ
জলের মাছ ভাঙায়,অনভ্যস্ত অবস্থা
জল্পনা-কল্পনা,পরামর্শ অনুমান
জল্লাদ,নির্মম
জহুরি,গুণগ্রাহী
জাঁক,অহঙ্কার
জাঁকজমক,আড়ম্বর
জাঁতা পড়া,লোভের ফাঁদ
জাঁহাবাজ,ধূর্ত
জাহাজ,বিশাল আধার
জাহাজের কাছে জালিবোট,ছোটর তুলনা
জাহাজের পাছে নোঙ্গর,নিত্যসঙ্গী
জাহান্নামে দেওয়া,সর্বনাশ
জাহান্নমে যাওয়া,অধঃপাতে
জাহির,প্রচার
জাহিল,অজ্ঞ
জিকর,উপদেশ
জিকির,আল্লার নাম স্মরণ
জিগর,হৃদয়
জিগরপস্তানী,হৃদয়বিদারক
জিগরি দোস্ত,প্রাণের বন্ধু
জিগির তোলা,জোরে আওয়াজ
জিতাক্ষর,হস্তাক্ষর পাঠে দক্ষ
জিব কাটা,অপ্রতিভ
জিভ বন্ধ রাখা,নিশ্চুপ
জিভ বার করা,ভেংচি
জিভ বার হওয়া,ক্লান্ত
জিভ সেলাই করা,নিশ্চুপ
জিভ সেলাই করে দেওয়া,ভয় দেখানো
জিভে গজা,মিষ্টি খাবার
জিভে জল আসা,প্রলুব্ধ
জিভে দাঁতে সম্বন্ধ,অবন্ধুত্বপূর্ণ
জিমখানা,খেলাধুলার স্থান
জিলিপির পাক,কুটিলতা
জিহ্বাকণ্ডুয়ন,চুলকানি
জীবদ্দশা,আয়ুষ্কাল
জীবনমরণ সমস্যা,কঠিন সমস্যা
জীবন্মৃত,মৃতপ্রায়
জীবিকার্জন,অর্থোপার্জন
জীয়নকাঠি,প্রেরণা
জীয়ন্তমাছে পোকা পড়ানো,অসম্ভবকে সম্ভব
জীয়ন্তে মরা,জীবন্মৃত
জুজুবুড়ি,পিশাচীমূর্তি
জুজুর ভয়,কাল্পনিক ভীতি
জুতসই,উপযুক্ত
জুতা খাওয়া,অপমানিত
জুতা মেরে গরু দান,অপমান পর সান্ত্বনা
জুতা সেলাই থেকে চণ্ডীপাঠ,সবরকম কাজ
জুয়াচোর,ধোঁকাবাজ
জুলজুল,চকচকেভাব
জেগে থাকা,সজাগ
জেগে স্বপ্ন দেখা,অবাস্তব আশা
জেঠা,অকালপক্ব
জেঠামি,অকালপক্বতা
জেনেশুনে,সচেতনভাবে
জেরটানা,কৃতকর্মের ফল
জেরবার,পরিশ্রান্ত
জেহাদ,সৎ প্রতিবাদ
জৈসা কা তৈসা,যেমন তার তেমন
জোঁকের মুখে চূন,উচিত কথা
জো,উপায়
জোগাড়যন্ত্র,আয়োজন
জোট পাকানো,ষড়যন্ত্র
জোট বাঁধা,সঙ্ঘবদ্ধ
জোটেবুড়ি,জটাধারণী বৃদ্ধা
জোড়কলম,কলমের গাছ
জোড়াতাড়া,কোনরকমে চালানো
জোড়াতালি,সেলাই জোড়া
জোড়া,অন্তরঙ্গ বন্ধু
জোড়ে যাওয়া,শ্বশুরবাড়ি যাওয়া
জোমাগোদা,অতিস্থুল
জোরকদম,দ্রুতগতি
জোরকলম,শক্তিশালী লেখা
জোরগলায়,উচ্চস্বরে
জোরজবর,অত্যাচার
জোরতলব,কড়া ডাক
জোর যার মুল্লুক তার,শক্তির অধিকার
জোরাজুরি,পিড়াপিড়ি
জোলা,নির্বোধ
জোলো,অন্তসারশূন্য
জোশ,উৎসাহ
জো-হুকুম,আজ্ঞাবহ
জো-হুকুমের দল,চামচা দল
জ্ঞানগম্যি,কাণ্ডজ্ঞান
জ্ঞানচক্ষু,অন্তর্দৃষ্টি
জ্ঞানদা,অযাচিত উপদেশকারী
জ্ঞান দেওয়া,অবাঞ্ছিত উপদেশ
জ্ঞানপাপী,জেনেশুনে মিথ্যা
জ্ঞানবৃদ্ধ,জ্ঞানসম্পন্ন
জ্ঞানশূন্য,অজ্ঞান
জ্যালজ্যালে,নিষ্প্রভ
জ্যাঠা,ফাজিল
জ্বরজারি,জ্বর উপসর্গ
জ্বলজ্বল করা,উজ্জ্বল
জ্বলদর্চি রেখা,বিদ্যুৎ
জ্বলন্ত অক্ষর,জ্যোতির্ময় লেখা
জ্বলন্ত উদাহরণ,স্পষ্ট প্রমাণ
জ্বলন্ত ভাষা,তেজোময় ভাষা
জ্বলা,বিধ্বস্ত
জ্বলেপুড়ে,দগ্ধ
জ্বালা,বিরক্তিকর
জ্বালানি,দাহ্যবস্তু
জ্বালানী,তক্তবিরক্তকারী
জ্বালানে,আগুন লাগানো
জ্বালানো,তক্তবিরক্ত
জ্বালাযন্ত্রণা,দাহ
ঝকঝক,চাকচিক্য
ঝকঝকানি,দীপ্তি
ঝকঝকি,অকারণ কলহ
ঝকঝকে তকতকে,উজ্জ্বল ও স্বচ্ছ
ঝক মারা,বোকামি করা
ঝকমারি,বোকামি
ঝকমারির মাশুল,ভুলের দণ্ড
ঝক্কিঝামেলা,ঝঞ্ঝাটপূর্ণ দায়িত্ব
ঝগড়াঝাঁটি,ক্ষুদ্র কলহ
ঝটপট,খুব তাড়াতাড়ি
ঝটাপটি,হাতাহাতি
ঝড়ঝাপটা,বিপদের তাড়না
ঝড়তিপড়তি,যৎসামান্য ক্ষতি
ঝড় বয়ে যাওয়া,ঝড়ের মত বকা
ঝড়ো কাক,বিপদগ্রস্ত ব্যক্তি
ঝপাঝপ,খুব তাড়াতাড়ি
ঝরঝর,অবিরল পতন
ঝরঝরে,পরিচ্ছন্ন
ঝরাপাতা,জীর্ণশীর্ণ লোক
ঝলক,ফ্লিটিং দৃশ্য
ঝলকানি,আলোর স্ফুরণ
ঝলসাকানা,আধেক চোখ হারানো
ঝাঁ করে,অবিলম্বে
ঝাঁক বাঁধা,দল পাকানো
ঝাঁকি দর্শন,অল্প সময়ের দৃশ্য
ঝাঁকের কই,একদলভুক্ত
ঝাঁঝরাচোখ,জল আসা চোখ
ঝাঁ ঝাঁ,তীব্রতার ভাব
ঝাঁটাখেকো,হীনব্যক্তি
ঝাঁপ খোলা/বন্ধ,দোকান খোলা/বন্ধ
ঝাড় দেওয়া,তিরস্কার করা
ঝাড়পোঁছ,ঘর পরিষ্কার করা
ঝাড়ফুঁক,মন্ত্র পড়ে রোগ সারানো
ঝাড়াই-বাছাই,পরিষ্কার ও নির্বাচন
ঝাড়েবংশে,নির্মূল করা
ঝাড়ের দোষ,বংশের দোষ
ঝাড়ের বাঁশ,সমপ্রকৃতির লোক
ঝাল,ক্রোধ
ঝাল খাওয়া,পরের কথা মেনে নেওয়া
ঝাল ঝাড়া,ক্রোধ উপশম করা
ঝালানো,নতুন করে প্রয়োগ করা
ঝালাপালা,তীব্র শব্দ
ঝালে ঝোলে অম্বলে,সব ব্যাপারে
ঝালে ঝোলে এক করা,ভুল করে এক করা
ঝালের ঝোল,নিরামিষ ঝোল
ঝিঁকে মারা,হেঁচকে চলা
ঝিকে মেরে বৌকে বোঝানো,আভাসে শিক্ষা দেওয়া
ঝিকুর নড়া,পাগল হওয়া
ঝিঙে ফুল ফোটা,আয়ু শেষ
ঝিনুক দিয়ে পুকুরসেচা,অসম্ভব কাজ
ঝি-বউ,কুলকন্যাগণ
ঝিরকুটে,বেঁটে ও রোগা
ঝুঁকি সামলানো,দায়িত্ব সম্পাদন করা
ঝুঁকে পড়া,আকৃষ্ট হওয়া
ঝুটঝামেলা,অবাঞ্ছিত ঝগড়া
ঝুটমুট,অনর্থক
ঝুড়িঝুড়ি,প্রচুর পরিমাণে
ঝুলাঝুলি,সনির্বন্ধ অনুরোধ
ঝুলি ঝাড়া,যৎসামান্য
ঝুলি নেওয়া,ভিক্ষা করতে বার হওয়া
ঝেঁটিয়ে বিদায় করা,তাড়িয়ে দেওয়া
ঝেড়ে কাপড় পড়ানো,নাজেহাল করা
ঝেড়ে কাশা,সব খুলে বলা
ঝেড়ে ফেলা,দূর করা
ঝোপ বুঝে কোপ মারা,সুযোগমতো আঘাত করা
ঝোল ঝোল,ঈষৎ জলীয়
ঝোল টানা,স্বার্থপরের মত আচরণ করা
ঝোলভাত খাওয়া,রোগভোগের পর পথ্য করা
ঝোলভাত খাওয়ানো,গুরুতর জখম করা
ঝোলে অম্বলে এক করা,অনুচিতভাবে এক করা
ঝোলের কদু,স্বার্থপর ব্যক্তি
টইটম্বুর,কানায় কানায় পূর্ণ
টং,অতি ক্রুদ্ধ
টক করে,নিমেষের মধ্যে
টকটকে,তীব্র উজ্জ্বল
টকাটক করে,ক্রমাগত দ্রুত
টকো হাড়,স্পষ্টবাদী
টক্কর খাওয়া,হোঁচট খাওয়া
টক্কর দেওয়া,পাল্লা দেওয়া
টক্করাটক্করি করা,প্রতিদ্বন্দ্বিতা করা
টগবগিয়ে,উৎসাহের সঙ্গে
টগরবোষ্টমী,জাত-না-খোয়ানো নারী
টগরা,চটপটে
টগেটগে চলা,সতর্কভাবে চলা
টঙটঙ করা,লক্ষ্যহীনভাবে ঘোরা
টঙ্ক,ক্রোধ
টনক নড়া,হুঁশ হওয়া
টনটনানি,বেদনার ভাব
টনটনে,কঠোর
টনিক,উদ্দীপক
টপাটপ,ক্রমাগত দ্রুত
টপ্পা মারা,গল্প করে সময় কাটানো
টরটরে,চটপটে
টলটলে,পরিষ্কার স্বচ্ছ
টয়ে বাঁধা,অতি দরিদ্র
টসটস,রসে পরিপূর্ণ
ট্যাঁ ফোঁ,উচ্চবাচ্য
টাঁক করা,প্রতীক্ষা করা
টাঁশটাঁশ,কঠোর
টাঁশা,মারা যাওয়া
টাইট দেওয়া,জব্দ করা
টাইপ,ধরন
টাইম,সময়
টাইম-বাঁধা,নির্দিষ্ট সময়ে
টাকা ওড়ানো,অপব্যয় করা
টাকা কামানো,উপার্জন করা
টাকা খাওয়া,ঘুষ নেওয়া
টাকা খাটানো,বিনিয়োগ করা
টাকা জমানো,সঞ্চয় করা
টাকা মারা,আত্মসাৎ করা
টাকাওয়ালা,ধনী ব্যক্তি
টাকাকড়ি,নগদ অর্থ
টাকাটা সিকিটা,যৎসামান্য অর্থ
টাকার আণ্ডিল,ধনী ব্যক্তি
টাকার গরম,ধনগর্ব
টাকার ভাঙানি,ছোট নোট
টাকার মুখ দেখা,অর্থলাভ করা
টাকার শ্রাদ্ধ,অর্থের অপব্যয়
টাটানো,ঈর্ষান্বিত হওয়া
টান ওঠা,হাঁপানি
টান করা,সোজা করা
টান পড়া,অভাব হওয়া
টান মেরে ফেলা,ছুঁড়ে ফেলা
টানটান,আঁটসাঁট ভাব
টানা একঘণ্টা,বিরামবিহীন সময়
টানাকাড়া,অনবরত আসাযাওয়া
টানা জাল,বড় জাল
টানাটানা চোখ,আয়তনেত্র
টানাটানা কথা,তির্যক কথা
টানাটানা লেখা,বক্র হাতের লেখা
টানাটানি,অভাব
টানাপোড়েন,বিরক্তিকর আসাযাওয়া
টানাবুনা,ব্যয়সঙ্কোচ
টানা মাল,চোরাই জিনিস
টানা রাস্তা,সোজা রাস্তা
টানাহেঁছা,জোরাজুরি করা
টায়টায়,ঠিকঠিক
টাল খাওয়া,হেলে চলা
টালাটালি,নাড়ানাড়ি
টালবাহানা,দেরি করা
টালমাটাল,অস্থিরতা
টাল সামলানো,বিপদমুক্ত হওয়া
টিউশনি,গৃহশিক্ষকতা
টিকটিক করা,খুঁত ধরা
টিকটিকি,গুপ্ত পুলিশ
টিকি,চৈতন্য
টিকি দেখতে পাওয়া,নিদর্শন পাওয়া
টিকির দেখা নেই,মোটেই দেখা না পাওয়া
টিকি-বাঁধা,স্বার্থের জন্য আবদ্ধ
টিকে থাকা,বেঁচে থাকা
টিকে যাওয়া,স্থায়ী হওয়া
টিঙটিঙে,অতি কৃশ
টিপটিপ,মৃদু স্পন্দন
টিপিটিপি,ধীরে ধীরে
টিপ্পনী কাটা,বিদ্রুপাত্মক মন্তব্য করা
টিফিন,অপরাহ্নের জলযোগ
টিমটিম করা,ক্ষীণভাবে জ্বলা
টুঁটি চাপা,বাকস্বাধীনতা হরণ
টুকটাক,সামান্য
টুকটুক,ঘোর লাল
টুকটুকি,খোকা-খুকি
টুকটুকে,ফর্সা ও সুন্দর
টুকনি হাতে করা,ভিক্ষুক হওয়া
টুগবুগুনি,ব্যকুলতা
টু দেখানো,ফাঁকি দেওয়া
টুপভুজঙ্গ,নেশায় চুর
টুপি পড়ানো,বোকা বানানো
টুপি খোলা,সম্মান জানানো
টুমটাম,সামান্য
টুলো পণ্ডিত,পুঁথিগত বিদ্যাসাগর
টু শব্দ না করা,চুপ করে থাকা
টুস্কির মাল,ক্ষণভঙ্গুর জিনিস
টেঁক,টাকা রাখার জায়গা
টেঁক ভারী করা,অতিরিক্ত উপার্জন
টেকটেকে,কর্কশ
টেকসই,দীর্ঘস্থায়ী
টেঁকা,স্থায়ী হওয়া
টেঁকে গোঁজা,আত্মসাৎ করা
টেক্কা দেওয়া,প্রতিযোগিতা করা
টেক্কা মারা,ছাড়িয়ে যাওয়া
টেড়িমেড়ি করা,ক্রুদ্ধ হওয়া
টেণ্ডাইমেণ্ডাই করা,গরম মেজাজ দেখানো
টেনে টেনে,কষ্টে চলা
টেনে বলা কথা,পক্ষ নিয়ে কথা বলা
টেনেটুনে,কষ্টে চলা
টেপা গোঁজা,কার্পণ্য করা
টেপাটেপি করা,ইঙ্গিতে কথা বলা
টের পাওয়া,জব্দ হওয়া
টের পাওয়ানো,জব্দ করা
টেরিয়ে যাওয়া,হতবাক হওয়া
টোকাটুকি,নকল করা
টোটকা ওষুধ,গাছ-গাছড়ার ওষুধ
টো টো,লক্ষ্যহীন ঘোরা
টো টো কোম্পানি,ভবঘুরের দল
টোপ ফেলা,প্রলোভন দেখানো
টোপ গেলা,ফাঁদে পড়া
ট্যাঁকট্যাঁক করা,পিছনে লেগে থাকা
ট্যাঁকট্যাঁকে,কর্কশ
ট্যাঁঙ্‌ ট্যাঁঙ্‌,লক্ষ্যহীনভাবে চলা
ট্যাঁফোঁ,ক্ষীণ প্রতিবাদ
ট্যাঁস,দো-আঁশলা জাতি
ট্যারা বনে যাওয়া,হতবাক হওয়া
ঠকঠকানো,অভাব প্রকাশ করা
ঠগ বাছতে গাঁ উজাড়,মন্দের প্রাচুর্য
ঠনঠন,শূন্যতা
ঠনঠনে,খুব শক্ত
ঠাঁই,আশ্রয়
ঠাঁইঠাঁই,পৃথক বাসস্থান
ঠাঁট বজায় রাখা,অভাব চাপা দেওয়া
ঠাওর করা,নির্ধারণ করা
ঠাকরুণ দিদি,ভগ্নীতুল্য ব্রাহ্মণকন্যা
ঠাকুর কাত,দেবতা বিমুখ
ঠাকুর ঘরে কে,দোষ অস্বীকার করা
ঠাকুরচাকর,ব্রাহ্মণ রাঁধুনী
ঠাকুরঠাকুর খেলা,শিশুদের পুতুলপূজা
ঠাকুরদালান,পূজামণ্ডপ
ঠাকুরপূজা,নিত্য পূজা
ঠাকুরবাড়ী,দেবালয়
ঠাকুরমশাই,পুরোহিত ব্রাহ্মণ
ঠাকুরালি,ছলনা
ঠাটঠমক,আড়ম্বরপূর্ণ
ঠাণ্ডা কথা,মিষ্টি কথা
ঠাণ্ডা করা,শায়েস্তা করা
ঠাণ্ডা লড়াই,চাপা রেষারেষি
ঠাণ্ডা লাগা,শৈত্যাক্রান্ত হওয়া
ঠাণ্ডা হওয়া,শান্ত হওয়া
ঠাণ্ডার দিন,শীতকাল
ঠায়,অলসভাবে
ঠারে-ঠারে,ইঙ্গিতে কথা বলা
ঠাসাঠাসি,ঘনসন্নিবিষ্ট
ঠিকঠাক,যথার্থ
ঠিকঠিকানা,নির্দিষ্ট বাসস্থান
ঠিকে কাজ,চুক্তিভিত্তিক কাজ
ঠিকে ভুল,অল্প ভুল
ঠুঁটো,অকর্মণ্য
ঠুঁটো জগন্নাথ,কর্মহীন ব্যক্তি
ঠুনকো,মূল্যহীন
ঠেকাঠেকি,স্পর্শদোষ
ঠেকা-বেঠেকা,বাধাবিপত্তি
ঠেকা মেয়ে,চিরকুমারী
ঠেকায় পড়লে ঠাকুরদাদা,সঙ্কটে ত্রাণকর্তার স্মরণ
ঠেকে শেখা,বিপদে শেখা
ঠেঙ্গা মেরে কথা বলা,কঠোর কথা বলা
ঠেঙ্গাঠেঙ্গি,মারামারি
ঠেঙ্গানি খাওয়া,মার খাওয়া
ঠেঙ্গানো,প্রহার করা
ঠেঙ্গাবাজী,লাঠি মারামারি
ঠেলা,ঝঞ্ঝাট
ঠেলাগাড়ী,অলস ব্যক্তি
ঠেলাঠেলি,ধাক্কাধাক্কি
ঠেলামারা কথা,বক্রোক্তি
ঠেলার নাম বাবাজি,চাপে কাবু
ঠেলে ফেলা,অবহেলায় পরিত্যাগ করা
ঠেস,কটাক্ষ
ঠোঁট ওল্টানো,অবজ্ঞা প্রকাশ করা
ঠোঁটকাটা,স্পষ্টবাদী
ঠোঁট টেপা,মুখ বন্ধ করা
ঠোঁট ফোলানো,অভিমান করা
ঠোঁট বন্ধ রাখা,নিশ্চুপ থাকা
ঠোক কাটা কাক,খুঁত ধরা লোক
ঠোক খাওয়া,বাধা পাওয়া
ঠোক্কর দেওয়া,বিদ্রুপ করা
ঠোকাঠুকি,ঝগড়া
ঠোনকা মারা,খোঁচা মারা
ঠ্যাঁটা,একগুঁয়ে
ঠ্যাংগা ঠ্যাংগি,মারামারি
ঠ্যালা,উৎপাত
ডকে ওঠা,নষ্ট হওয়া
ডগমগ,আত্মহারা
ডগলা,লোভনীয় শাকের ডগা
ডগিডগি,নধর
ডঙ্কা বাজানো,আস্ফালন করা
ডঙ্কা বাজিয়ে চলে যাওয়া,গর্বে ইহলোক ত্যাগ করা
ডডনং,আকাট মূর্খ
ডবকা ছুঁড়ি,উদ্ভিন্নযৌবনা মেয়ে
ডবডবানি,বড়াই
ডবল,বহুগুণ
ডলাই মলাই,অঙ্গ মর্দন
ডলাডলি,অন্তরঙ্গতা
ডাঁটা,বকাবকি করা
ডাঁটো,শক্তসমর্থ
ডাইনা হাত কা খেল,কঠিন কাজ
ডাইনে আনতে বাঁয়ে কুলায় না,আয়ের চেয়ে ব্যয় বেশি
ডাইনী,শিশুর অনিষ্টকারিণী
ডাইনী খোঁজা,না-দোষে দোষ খুঁজে বেড়ানো
ডাইনীর কোলে শিশু সঁপা,ভক্ষকের কাছে ভক্ষ্য রাখা
ডাক ছাড়া,চিৎকার করে বলা
ডাক ছেঁড়ে কাঁদা,উচ্চস্বরে কাঁদা
ডাকসাইটে,প্রতিপত্তিশালী
ডাকাডাকি,চেঁচিয়ে ডাকা
ডাকাবুকো,নির্ভিক
ডাকের কথা,প্রবাদ
ডাকের সাজ,প্রতিমার সাজ
ডাকের সুন্দরী,সর্বজনখ্যাত সুন্দরী
ডাগর-ডোগর,বয়সে কিঞ্চিৎ বড়
ডাঙ করা,জমা করা
ডাঙায় বাঘ জলে কুমির,উভয়সঙ্কট
ডাঙার মাছ,অস্বস্তিকর অবস্থা
ডাণ্ডা ঘোরানো,শাসন করা
ডাণ্ডা মেরে ঠাণ্ডা,কঠোর অনুশাসন
ডানপিটে,দুরন্ত
ডানহাত,প্রধান সহায়
ডানহাত বাঁহাত,আদান-প্রদান
ডানহাতের কাজ,কঠিন কাজ
ডানা কাটা,ক্ষমতা হ্রাস করা
ডানাকাটা পরী,পরমাসুন্দরী
ডানা গজানো,সাবালক হওয়া
ডানাভাঙা,দোসরবিহীন
ডানায় ভর দিয়ে চলা,আত্মহারা
ডানে বাঁয়ে না তাকিয়ে,বেপরোয়াভাবে
ডামাডোল,বিশৃঙ্খলা
ডায়েরি করা,নালিশ লিপিবদ্ধ করা
ডায়েরি লেখা,দিনপঞ্জী লেখা
ডালছাড়া বাঁদর,ক্ষমতাহীন হলে বিক্রম শেষ
ডালপালা,অতিরঞ্জিত বর্ণনা
ডালভাত,সহজ ও সরল
ডালভাঙা ক্রোশ,অতি দীর্ঘপথ
ডালভাঙা বাঁদর,অনিষ্টকারী
ডালি দেওয়া,ভেট দেওয়া
ডাহা নকল,অবিকল আসল
ডাহা মিথ্যা,নির্ভেজাল মিথ্যা
ডিগডিগে,অতি কৃশ
ডিগবাজী খাওয়া,আদর্শ পরিবর্তন
ডিঙা মারা,অবজ্ঞা করা
ডি জুরে,আইন অনুসারে অনুমোদিত
ডিনারপার্টি,ভোজন উৎসব
ডিপো,ঘাঁটি
ডি ফ্যাক্টো,বাস্তবে সত্য
ডিমকি ডিমকি,নুনগুঁড়ির মত
ডিমে তা দেওয়া,অলসভাবে বসে থাকা
ডিমে রোগা,চিররোগা
ডিম্বিকা,কামুক নারী
ডিসমিস,বরখাস্ত
ডুগডুগি বাজানো,উল্লাস প্রকাশ করা
ডুব মারা,আত্মগোপন করা
ডুবা,সঙ্কটে পড়া
ডুবানো,ধ্বংস করা
ডুবুডুবু,নষ্ট হওয়ার উপক্রম
ডুবে ডুবে জল খাওয়া,গোপনে অন্যায় করা
ডুবে থাকা,মগ্ন থাকা
ডুমুরফুল,দুর্লভ বস্তু
ডুমুরফুল হওয়া,অদৃশ্য হওয়া
ডুমো,ঘনকাকৃতির টুকরা
ডেঁপো,অকালপক্ব
ডেকরা,অভদ্র
ডেকে শাল নেওয়া,ইচ্ছায় বিপদ ডেকে আনা
ডেকো,খ্যাতিসম্পন্ন
ডেয়ারডেভিল,দুঃসাহসী
ডেরা গাড়া,অস্থায়ী বাসা করা
ডেলা-মারা,আনাড়ি
ডোবা,বিনষ্ট হওয়া
ডোর,বন্ধন
ড্যাংড্যাং,জয়ধ্বনি
ড্যাবড্যাব,বিস্ফারিত চোখ
ড্যামেজ কন্ট্রোল,বিপদ থেকে বাঁচার চেষ্টা
ড্রিঙ্ক করা,মদ খাওয়া
ঢং,ন্যাকামি
ঢক্ঢক্,দ্রুত জল পান করা
ঢক্কানিনাদ,সাড়ম্বরে প্রচার
ঢনঢন করে বেড়ানো,বৃথা ভ্রমণ
ঢলঢলে,শিথিল বা লাবণ্যময়
ঢলতা,বাড়তি পরিমাণ
ঢলানে,কেলেঙ্কারি করে এমন নারী
ঢলানো,কেলেঙ্কারি করা
ঢাউস,বৃহৎ আকার
ঢাকঢাক গুড়গুড়,গোপন রাখার চেষ্টা
ঢাক পড়ে যাওয়া,রাষ্ট্র হওয়া
ঢাক পেটানো,উচ্চগ্রামে প্রচার করা
ঢাক বাজিয়ে ইঁদুর ধরা,সাড়ম্বরে সামান্য কাজ
ঢাক বাজিয়ে ঢেকে রাখা,দোষ ঢাকার চেষ্টা
ঢাকাঢাকি,গোপন করা
ঢাকা দেওয়া,চাপা দেওয়া
ঢাকা পড়া,বিস্মৃত হওয়া
ঢাকাইয়া,অতি স্থূল
ঢাকীশুদ্ধ বিসর্জন,সমূলে বিনাশ
ঢাকে কাঠি দেওয়া,হইচই করা
ঢাকে কাঠি পড়া,অনুষ্ঠানের সূচনা
ঢাকের কাঠি,চাটুকার
ঢাকের কাছে ট্যামটেমি,খুবই ক্ষুদ্র
ঢাকের কড়িতে মনসা বিকানো,আড়ম্বরে আসল হারানো
ঢাকের পিঠে বাঁশ,অনাবশ্যক বস্তু
ঢাকের বাঁয়া,অপ্রয়োজনীয় সঙ্গী
ঢাল হওয়া,রক্ষাকর্তা হওয়া
ঢালাঢালি,বারংবার ঢালা
ঢিট করা,শায়েস্তা করা
ঢিটপনা,চাতুরী
ঢিঢি পড়া,দুর্নাম রটা
ঢিমাতাল,অকর্মণ্য
ঢিল ছোঁড়া,আন্দাজে কাজ করা
ঢিল দূরত্ব,খুব কাছে
ঢিল দিয়ে ঢিল টানা,আঘাত করে প্রত্যাঘাত খাওয়া
ঢিল দিয়ে ঢিল ভাঙা,শত্রু দিয়ে শত্রুনিধন
ঢিল ছোঁড়া দূরত্ব,খুব কাছে
ঢিলে দেওয়া,শৈথিল্য দেখানো
ঢিলেঢালা,অলস
ঢিলেরবদলে পাটকেল,আঘাতের উত্তরে প্রত্যাঘাত
ঢুঁ দেওয়া,খোঁজ নেওয়া
ঢুঁঢুঁ,অন্তঃসারশূন্য
ঢুলুঢুলু,তন্দ্রাজড়িত
ঢুসাঢুসি,অবনিবনা
ঢেঁকি,অত্যন্ত বোকা
ঢেঁকি অবতার,নির্বোধ
ঢেঁকিকল,ব্যক্তিত্বহীন পুরুষ
ঢেঁকি গেলা,কঠিন কাজের দায়িত্ব নেওয়া
"ঢেঁকি না, কুলো না",অন্নসংস্থানের উপায় নেই
ঢেঁকি স্বর্গে গেলেও ধান ভানে,স্বভাব পরিবর্তন না হওয়া
ঢেঁকির কচকচি,বিরক্তিকর ঝগড়া
ঢেঁকির কুমির হওয়া,আত্মীয়ের শত্রু হওয়া
ঢেঁকির তসুলি,দুদিকের মন রাখা
ঢেঁকির পাড় পড়া,হিংসায় ছটফট করা
ঢেঁকিরাম,মুর্খ
ঢেঁড়স,অপদার্থ
ঢেঁড়া পড়া,রাষ্ট্র হওয়া
ঢেঁড়া পেটানো,ঘোষণা করা
ঢেউ গোণা,সময় নষ্ট করা
ঢেউ দেওয়া,আবেগ সৃষ্টি করা
ঢেপঢেপে,প্রচণ্ড ভিজা
ঢেপসি,অকর্মণ্য মেয়ে
ঢেমনা,লম্পট
ঢেরা সই,নিরক্ষরের ক্রসচিহ্ন সই
ঢেলা মারা,আন্দাজে কাজ করা
ঢেলামারা কাজ,অবহেলায় করা কাজ
ঢেলে সাজানো,নতুন করে আরম্ভ করা
ঢোঁক গেলা,ইতস্ততঃ করা
ঢোঁক গিলে কথা বলা,ইতস্তত করে কথা বলা
ঢোঁড়া,অনুসন্ধান করা
ঢোঁড়াসাপ,অপদার্থ ব্যক্তি
ঢোল,ফোলা অবস্থা
ঢোল সমুদ্র,বিশাল জলাশয়
ঢোলে কাঠি পড়া,ক্রিয়ার সূচনা
ঢোলের পাশে কাসি,অপরিহার্য সঙ্গী
ঢ্যাকার আগে চলা,ধাক্কার আগে চলা
ঢ্যাংঢ্যাং,বিনা কারণে নাচা
ঢ্যাঙা,বেমানান লম্বা
ঢ্যাপঢ্যাপে,অতিস্ফীত
ঢ্যামনা,অসৎচরিত্র
ঢ্যারা,ক্রসচিহ্ন
ঢ্যারা সই,নিরক্ষরের দস্তখত
গাঢ় লেখা,স্পষ্ট ও জোরালো লেখা
তকরার করা,বাকবিতণ্ডা করা
তকরারী জমাখরচ,ব্যবসায়ের হিসাব রাখার পদ্ধতি
তক্কেতক্কে,সতর্কভাবে সুযোগের অপেক্ষায় থাকা
তক্ত,গদি
তক্তা বানানো,প্রচণ্ড প্রহার করা
তক্তি হাতে দেওয়া,হাতেখড়ি দেওয়া
তখত-ই-তায়ুশ,দিল্লির মসনদ
তখরচ,বাজে খরচ
তচনচ,বিশৃঙ্খলা
তড়তড়,অতি দ্রুত
তড়পানো,আস্ফালন করা
তড়ফদারি,পক্ষপাতমূলক আচরণ
তড়বড়,অতিব্যস্ততা
তড়িঘড়ি,অতিশীঘ্র
তৎকাল,তৎক্ষণাৎ
ততঃকিম,কিংকর্তব্যবিমূঢ় অবস্থা
তত্ত্বতালাশ,সন্ধান নেওয়া
তত্ত্বাবধান,রক্ষণাবেক্ষণ
তদবির,কার্যসিদ্ধির চেষ্টা
তথৈবচ,পূর্ববৎ
তন্নতন্ন,পুঙ্খানুপুঙ্খভাবে
তপ্তখোলা,পীড়াদায়ক অবস্থা
তবলা-বাঁয়া,আবশ্যক সঙ্গী
তবিলদারি,কোষাধ্যক্ষের কাজ
তমোজ্যোতি,জোনাকিপোকা
তয়নাত করা,নিয়োগ করা
তর না সওয়া,দেরি করতে অনিচ্ছা
তরতর,দ্রুতগতি
তর-তাজা,সজীব
তরি-তরকারি,নানাবিধ শাকসবজি
তর্জনগর্জন,প্রবল তিরস্কার
তলতল,অত্যন্ত নরম
তলশূন্য,অপরিমিত দুর্গতি
তলাতল,নরক
তলায় তলায়,গোপনে
তলিয়ে দেখা,গভীরভাবে বিবেচনা করা
তল্পিতল্পা,বিছানাপত্র
তল্পিতল্পা গুটানো,চিরদিনের জন্য পরিত্যাগ
তল্পিবাহক,আজ্ঞানুসারী
তল্লাট,অঞ্চল
তল্লাশ,অনুসন্ধান
তশরিফ রাখুন,বসতে আজ্ঞা হোক
তহখরচ,বাজে খরচ
তাঁতের মাকু,দিক পরিবর্তনকারী
তাঁতীকুলও গেল বৈষ্ণবকুলও গেল,সবদিক হারানো
তাঁবেদার,খুবই অনুগত
তা দেওয়া,গোপনে উৎসাহ দেওয়া
তাই তো,কিংকর্তব্যবিমূঢ় অবস্থা
তাইরে নাইরে,উদ্দেশ্যহীনভাবে সময় নষ্ট
তাক করা,লক্ষ্য স্থির করা
তাক লাগা,বিস্মিত হওয়া
তাকেতাকে,সতর্ক প্রতীক্ষায়
তাকেপাকে,বিশেষ সতর্কতায়
তাড়াহুড়া,অত্যধিক ব্যস্ততা
তাণ্ডবনৃত্য,প্রলঙ্কর কাণ্ড
তাত সয় তো বাত সয় না,কথার গরম সহ্য না হওয়া
তা-না-না,বাজে কাজে সময় নষ্ট
তাপ্পি মারা,কোনরকমে কাজ সারা
তাবড় তাবড়,বড় বড়
তা-বৈ-কি,নিশ্চিতে বা সন্দেহে
তামা তুলসী করা,শপথ করে সত্য বলা
তামাদি,দাবীর সময় অতিক্রান্ত
তামার বিষ,অর্থের কু-প্রভাব
তারকাটা,বুদ্ধিহীন
তারস্বর,উচ্চ স্বর
তারিয়ে তারিয়ে,ধীরে ধীরে উপভোগ করা
তাল করা,সুযোগ খোঁজা
তাল কাটা,সামঞ্জস্যহীন হওয়া
তালকানা,অসাবধান
তালগাছ দিয়ে দাঁতন করা,অসম্ভব ব্যাপার
তালগাছের আড়াই হাত,কাজের শেষ কঠিন অংশ
তালগোল পাকানো,বিশৃঙ্খল করা
তালজ্ঞান,ভালোমন্দ বোধ
তাল ঠুকে লাগা,সাহসের সাথে কাজে নামা
তাল ঠোকা,দ্বন্দ্বে আহ্বান করা
তাল তোলা,বায়না করা
তাল দেওয়া,সমর্থন করা
তাল পড়া,পিঠে কিল পড়া
তালপাতার খাঁড়া,অপদার্থ ব্যক্তি
তালপাতার ছায়া,ক্ষণস্থায়ী বিষয়
তালপাতার সেপাই,অত্যন্ত রোগা ব্যক্তি
তালবাহানা,আপত্তি
তালমিল,কাজে সঙ্গতি
তাল রাখা,সঙ্গতি রাখা
তাল সামলানো,ঝামেলা সামলানো
তালে তাল দেওয়া,অন্যায় সমর্থন করা
তালেগোলে,বিশৃঙ্খলার মধ্যে
তালেবর,চৌকশ বা ওস্তাদ
তাসের ঘর,ভঙ্গুর অবস্থা
তা হলে ঐ কথাই রইলো,আলোচনার ইতি টানা
তিক্ত,অপ্রীতিকর
তিড়বিড়,চঞ্চলতা
তিড়িংবিড়িং,লাফিয়ে চলা
তিতবিরক্ত,অত্যন্ত বিরক্ত
তিনঠেঙে,লাঠিযুক্ত বৃদ্ধ
তিনকাল,"শৈশব, যৌবন, প্রৌঢ়ত্ব"
তিনকুল,"পিতৃকুল, মাতৃকুল, শ্বশুরকুল"
তিনখানা,খণ্ড বিখণ্ড
তিন তালাক,চিরবিচ্ছেদ
তিনমাথা,অতিবৃদ্ধ
তিন লাফে,অতি দ্রুতপদে
তিনশত্রু,শত্রুকে দ্রব্য না দেওয়া
তিনসত্য,নিঃসন্দেহ সত্য
তিনসন্ধ্যা,সন্ধ্যা ঘনিয়ে আসার সময়
তিনাঞ্জলি,চিরবিদায়
তিমিঙ্গিল,অজেয় নয়
তিরস্করণী,বাধা
তিরিক্ষি,রগচটা
তিরোধান,মহাপুরুষের মৃত্যু
তিল,অতিসামান্য পরিমাণ
তিল কুড়িয়ে তাল,একটু করে সঞ্চয়
তিল তিল করে,ক্রমে ক্রমে
তিল ধারণের জায়গা না থাকা,অত্যন্ত ভিড়
তিলককাটা বামুন,ভণ্ড ধার্মিক
তিলকা,গায়ে তিলের মত চিহ্ন
তিলকাঞ্চন,কম খরচে শ্রাদ্ধ
তিলকে তাল করা,অতিরঞ্জিত করা
তিলাঞ্জলি,চিরবিচ্ছেদ
তিলে খচ্চর,দুষ্টচরিত্রের লোক
তিলে তাল,অল্পে বিশাল আড়ম্বর
তিলে তিলে তিলোত্তমা,সৃষ্ট সৌন্দর্য
তিলেক,ক্ষণমাত্র
তিলোত্তমা,অতি সুন্দরী নারী
তীরগলায় ঘণ্টা,বেমানান সাজ
তীরে এসে তরী ডোবা,শেষে বিফল হওয়া
তীর্থের কাক,লোভী প্রতীক্ষাকারী
তুইতোকারি করা,অপমান করা
তুচ্ছতাচ্ছিল্য করা,অবজ্ঞা করা
তুঘলকি কাণ্ড,উদ্ভট কাণ্ড
তুঙ্গী,উঁচুতে অবস্থিত
তুঙ্গে বৃহস্পতি,মহাসৌভাগ্য
তুড়ি দেওয়া,অগ্রাহ্য করা
তুড়িলাফ,স্ফূর্তিতে লাফিয়ে ওঠা
তুড়ুম ঠোকা,কড়াভাবে তিরস্কার করা
তুফান তোলা,প্রবল বিতর্ক সৃষ্টি করা
তুবড়ি ছোটানো,অনর্গল কথা বলা
তুম-তানা-নানা,অসার্থক আয়োজন
তুমতুমি,গর্ব
তুরীয়ানন্দ,চরম আনন্দ
তুরুপের তাস,অমোঘ অস্ত্র
তুর্কিনাচ,উদ্দাম নৃত্য
তুলকালাম কাণ্ড,তুমুল গোলমাল
তুলতুল,অত্যন্ত কোমল
তুলসীবনের বাঘ,ভণ্ড ব্যক্তি
তুলোধুনা করা,চূড়ান্ত ভর্ৎসনা করা
তুল্যমূল্য,সমান মর্যাদা
তুষানল,দীর্ঘস্থায়ী মর্মযন্ত্রণা
তৃণজ্ঞান করা,তুচ্ছ জ্ঞান করা
তৃপ্রান্তর,বিস্তৃত মাঠ
তেঁতুলে,দুষ্ট
তেঁদড়,বেহায়া
তে এঁটে,কুৎসিত বা ধূর্ত
তেজ,অহঙ্কার
তেজারতি,সুদের বিনিময়ে টাকা ধার দেওয়া
তেঠঙ্গা,লাঠিযুক্ত বৃদ্ধ
তেড়িবেড়ি,উৎপাত
তেড়েফুঁড়ে,তর্জন সহকারে তাড়া করা
তেতেপুড়ে,রোদে গরম হওয়া
তেরিয়া,উদ্ধত
তেরি-মেরি,কটুবাক্যে বিবাদ
তেরে-কেটে-তা,তুচ্ছতাচ্ছিল্য
তেরোস্পর্শ,অশুভ যোগ
তেল,অহঙ্কার
তেল কুচকুচে,চকচকে
তেল দেওয়া,তোষামোদ করা
তেলাপোকার পাখি হওয়া,অক্ষমের উচ্চাশা
তেলামাথায় তেল দেওয়া,তোষামোদ করা
তেলেবেগুনে জ্বলে ওঠা,প্রচণ্ড রেগে যাওয়া
তেলে ভাজা,তামাটে বর্ণ
তেলেনা ভাঁজা,বাজে ভণিতা
তেশন্নির দশা,অবলম্বনহীন অবস্থা
তৈরী ছেলে,অকালপক্ব
তৈরী ছেলের বাপ,ঘরজামাইয়ের বাপ
তৈলবট,বিধান দেওয়ার জন্য অর্থ
তৈলদান,তোষামোদ
তৈলাধার পাত্র কি পাত্রাধার তৈল,চুলচেরা বিচার
তোড়জোড়,উদ্যোগ
তোতাপাখি,অনুকরণকারী
তোতাবুলি,মুখস্থ কথা
তোতাবৃত্তি,অনুকরণের স্বভাব
তোপ দাগা,আক্রমণ করা
তোমার একদিন কি আমার একদিন,হেস্তনেস্ত করা
তোয়াক্কা,সমীহ
তোয়াজ,খাতির
তোলপাড়,প্রবল আলোড়ন
তোলা,স্মরণ রাখা বা জোর-জবরদস্তি অর্থ
তোলোহাঁড়ি,গোমড়ামুখো
ত্যাঁদড়,নির্লজ্জ
ত্যক্ত বিরক্ত,উত্ত্যক্ত
ত্যাজ্যপুত্র,বিতাড়িত পুত্র
ত্রাতা মধুদূদন,বিপদে উদ্ধারকারী
ত্রাহি মধুসুদন,বিপদ থেকে পরিত্রাণের প্রার্থনা
ত্রাহি ত্রাহি ডাক ছাড়া,পরিত্রাণের জন্য চিৎকার
ত্রিকুল,তিন কুল
ত্রিকোণ প্রেম,তিনজনের রসলীলা
ত্রিপাপ,তিন প্রকার পাপ
ত্রিফলা,তিনটি ফল
ত্রিবলি,উদর বা কণ্ঠের রেখাত্রয়
ত্রিবিদ্যা,বেদত্রয়ী
ত্রিবেণী,তিন নদীর মিলন
ত্রিভঙ্গমুরারি,বাঁকা চেহারার বৃদ্ধ
ত্রিভুবন,"স্বর্গ, মর্ত, পাতাল"
ত্রিমূর্তি,"ব্রহ্মা, বিষ্ণু, মহেশ্বর"
ত্রিযামা,রাত্রি
ত্রিরাত্র,তিন রাতের সময়
ত্রিলোক,"স্বর্গ, মর্ত, পাতাল"
ত্রিশঙ্কু অবস্থা,অনিশ্চিত অবস্থা
ত্রিশূল,তিন ফলকযুক্ত অস্ত্র
ত্রিসীমানা,সান্নিধ্য
ত্রুটি বিচ্যুতি,নানা স্খলন
ত্র্যহস্পর্শ,অশুভ যোগ
থ,হতবুদ্ধি বা নির্বাক
থ খেয়ে যাওয়া,বিস্ময়ে স্তম্ভিত হওয়া
থই পাওয়া,তলভূমি বা সীমা পাওয়া
থইথই,প্রাচুর্য
থওকা দর,আন্দাজী হিসাব
থকা,ক্লান্ত হওয়া
থতমত খাওয়া,কিংকর্তব্যবিমূঢ় হওয়া
থপথপ,ভারী পদক্ষেপ
থপথপে,কোমল স্থূল শরীর বা মন্থর গতি
থমথম,নিস্তব্ধতা বা ভয়াবহতা
থরথর,প্রবল কম্পন
থরহরি কম্প,ভীতিতে কাঁপা
থলথল,শিথিল মাংসের স্পন্দন
থলির মধ্যে হাতি পোরা,অসম্ভব কাজ
থাউকা,আন্দাজে কেনা
থাকা-খাওয়া,খোরপোশ
থাকাথাকি,অবস্থান
থাকা-না-থাকা,বাঁচা-মরা
থানা করা,বীজ বুনতে মাটি তৈরি করা
থানা-পুলিশ করা,মামলায় জড়ানো
থাবা দেওয়া,ভাগ বসানো বা হস্তক্ষেপ করা
থাবাথুবি দিয়ে রাখা,ভুলিয়ে চাপা রাখা
থাবড়ানো,চড় মারা বা শাসন করা
থিকথিক করা,পোকামাকড়ের প্রাচুর্য
থিতানো,মন্দীভূত হওয়া
থিতু হওয়া,স্থির হয়ে বসা
থির-থিরানি,মৃদু কম্পন
থুড়থুড়ে,বার্ধক্যজনিত কম্পন
থুড়া,জর্জরিত করা
থুত্কার,ধিক্কার জানানো
থুতু দিয়ে ছাতু গোলা,অসম্ভব কাজের চেষ্টা
থুম মেরে যাওয়া,বিস্ময়ে নির্বাক হওয়া
থেকে থেকে,মাঝে মাঝে
থেবড়া মারা,মাটিতে চেপ্টে বসা
থোঁতা মুখ,ভারী মুখ বা অহঙ্কার
থোঁতা মুখ ভোঁতা করা,দর্পচূর্ণ করা
থোকে থোকে,কিস্তিতে
থোড়,অতি সামান্য
থোড়কুচি করা,টুকরা টুকরা করা
থোড়-বড়ি-খাড়া,একঘেঁয়ে জীবন
থোড়াই কেয়ার করা,মোটেই গ্রাহ্য না করা
দকে পড়া,ভীষণ বিপদে পড়া
দক্ষযজ্ঞ,চূড়ান্ত হট্টগোল বা বিপর্যস্ত অবস্থা
দক্ষিণ নায়ক,একাধিক নায়িকার প্রতি অনুরক্ত
দক্ষিণ রায়,সুন্দরবনের বাঘ
দক্ষিণহস্ত,প্রধান সহায়
দক্ষিণহস্তের কাজ,আহার বা কঠিন কাজ
দক্ষিণা,সম্মাননীয় পারিশ্রমিক বা প্রাকপ্রেমিকের প্রতি অনুরাগ
দক্ষিণাপথ,ভারতের দক্ষিণাংশ
দক্ষিণার জোর,উৎকোচের জোর
দগদগে,জ্বালাময় ও লালচে ক্ষত
দগ্ধ,বেদনার্ত বা সন্তপ্ত
দগ্ধ কপাল,হতভাগ্য
দগ্ধপত্রন্যায়,পুড়ে গেলেও অবয়ব থাকা কিন্তু গ্রাহ্য না হওয়া
দগ্ধ প্রাণ,সন্তপ্ত চিত্ত
দড়কচা,আধপাকা-আধকাঁচা
দড়িকলসি,আত্মহত্যার উপায়
দড়ি ছিঁড়ে পালানো,মায়ার বন্ধন কাটিয়ে মৃত্যু
দড়িছেঁড়া,শাসন বহির্ভূত
দড়িদড়ি,কৃশ বা সরু
দণ্ডপাণি,শাসনকর্তা
দণ্ডপূপন্যায়,দুঃসাধ্য কাজের সিদ্ধি দেখে তৃপ্তি
দণ্ডপ্রণাম,মাটিতে শুয়ে প্রণাম
দণ্ডমুণ্ডের কর্তা,শাস্তিদানের অধিকারী
দণ্ডে দণ্ডে,প্রতি মুহূর্তে
দত্তপূর্বা,বিয়ের প্রতিশ্রুতি দেওয়া কন্যা
দধিকর্ম,মাঙলিক কাজের জন্য প্রস্তুত ভাগ
দধিমঙ্গল,বিয়ের পূর্বরাত্রে দইমিশ্রিত মিষ্টান্ন খাওয়ার আচার
দধীচি,আত্মবলিদানকারী মহাপুরুষ
দধীচির হাড়,শক্ত সমর্থ
দন্ত কচকচি,ঝগড়া
দন্তবিকাশ,দাঁত খিঁচুনি বা হাসাহাসি
দন্তরুচিকৌমুদী,হাসির সময়ে দাঁতের শোভা
দন্তস্ফুট,কঠিন বিষয় উপলব্ধি
দন্তে কুটা ধরা,ঘাট মানা
দপদপ,অতি আলো বা তীব্র জ্বালা
দফা,কিস্তি বা অবস্থা
দফারফা,ধ্বংস বা সর্বনাশ
দফা শেষ,সর্বনাশ বা জীবনান্ত
দবদব,অতি আলো প্রকাশ
দবদবা-রবরবা,প্রতাপ বা জাঁকজমক
দমকা খরচ,হঠাৎ ব্যয়বৃদ্ধি
দম খাওয়া,চুপ করে থাকা
দম টানা,শ্বাস গ্রহণ বা ধোঁয়া টানা
দম দেওয়া,শক্তি সঞ্চার বা প্রতারণা
দম দেওয়া পুতুল,একনাগাড়ে বকে যাওয়া বা শিখানো বুলি আওড়ানো
দম নেওয়া,বিশ্রাম করা
দম ফাটা,আবেগে অস্থির বা হিংসায় জ্বলা
দমফাটা হাসি,প্রবল হাসি
দম ফুরানো,ক্লান্ত হওয়া
দমবাজী,প্রতারণা
দম বার হওয়া,অত্যধিক ক্লান্তি বা মৃত্যু
দম রাখা,শ্বাস বন্ধ করে থাকা
দম লাগানো,ধোঁয়া গলাধঃকরণ করা
দমসম,অতি ভোজনে নাজেহাল
দমে ভারী,প্রাণবন্ত বা সিদ্ধ হতে বেশি সময় লাগে
দয়ার লেশ নেই,নির্দয়
দয়ে পড়া,গভীর সংকটে পড়া
দয়ে ফেলা,সর্বনাশ করা
দর-কচা,আধপাকা-আধকাঁচা
দর-কচা মারা,আধপাকা বা কৃশ হওয়া
দর-কষাকষি,দাম নিয়ে কথা কাটাকাটি
দরদস্তুর,দর-কষাকষি
দরকসুরি,দামে ছাড়
দরদর,অবিরাম প্রবাহ
দরদাম,ন্যায্য মূল্য
দরদাম করা,দর-কষাকষি করা
দরজায় কড়া নাড়া,সমাসন্ন হওয়া
দরাজ গলা,উঁচু-নিচু সুরের গলা
দরাজ হস্ত,মুক্তহস্ত দানশীল
দরের লোক,খুব কাজের লোক
দর্পণে মুখ দেখা,অবিকল প্রতিবিম্ব
দর্শনী,দেবদর্শনের প্রণামি বা ঘুষ
দলছুট,দল থেকে বিচ্ছিন্ন
দল,অসৎ সংসর্গ
দল পাকানো,শত্রুতার জন্য দলবদ্ধ হওয়া
দলবল,অনুবর্তীগণ
দল বাঁধা,জোটবদ্ধ হওয়া
দলা,নিপীড়ণ করা
দলাদলি,দুই দলের বিবাদ
দলিল-দস্তাবেজ,লিখিত প্রমাণপত্র
দলে দলে,প্রচুর সংখ্যায়
দলে ভারী,বহুসংখ্যক লোক
দশ,জনসাধারণ
দশ আনা-ছয় আনা,চুল ছাঁটার পদ্ধতি
দশকথা,অনেক কথা বা নিন্দাসূচক কথা
দশকর্ম,হিন্দুর দশ সংস্কার
দশগুণ,বহুগুণ
দশচক্র,বহুলোকের চক্রান্ত
দশচক্রে ভগবান ভূত,ষড়যন্ত্রে অসম্ভব সম্ভব
দশজনের একজন,শ্রেষ্ঠ ব্যক্তি
দশবাই চণ্ডী,দশভুজা দুর্গা বা কোপনস্বভাবা নারী
দশবার,বহুবার
দশভুজা,করিতকর্মা নারী
দশমুখে দশকথা,নানালোকের নানা কথা
দশমী দশা,জীবনের শেষ অবস্থা
দশাসই,বিরাট ও স্থূলকায়
দস্তানা পড়া বিড়াল,আয়েসী লোক
দস্তুর,দর বা প্রথা
দস্তুর মত,নিয়মমাফিক
দহ,কঠিন সঙ্কট
দহন,যন্ত্রণা
দহরম মহরম,ঘনিষ্ঠ সম্পর্ক
দহলা-নহলা করা,ইতঃস্তত করা
দাঁও মারা,সুযোগে লাভ করা
দাঁড়কাকের ময়ূরপুচ্ছ,ভণ্ডামির চিহ্ন
দাঁড়ি টানা,থামা বা বিরত হওয়া
দাঁত কপাটি লাভাল,চোয়াল আটকে যাওয়া
দাঁত-ক্যালানে,অকারণে দাঁত বিকশিত করা
দাঁত খিচানো,বিকৃত মুখভঙ্গী করে তিরস্কার
দাঁত থাকতে দাঁতের মর্যাদা বোঝা,সময়ে সুযোগের সদব্যবহার
দাঁত ফোটানো,কঠিন বিষয় বোধগম্য হওয়া
দাঁত বার করা,অপ্রতিভ ভাব বা নির্লজ্জতা
দাঁত ভাঙা,দর্পচূর্ণ বা উচ্চারণে কষ্ট
দাঁতে কাঠি দিয়ে পড়ে থাকা,না খেয়ে শুয়ে থাকা
দাঁতে কুটো করা,বিনীত বা বশ্যতা স্বীকার করা
দাঁতে জিভে সম্পর্ক,মন্দ-ভালোর সম্পর্ক
দাঁতে দড়ি দিয়ে পড়ে থাকা,খাওয়াদাওয়া বন্ধ করে শুয়ে থাকা
দাঁতের বদলে দাঁত,প্রতিশোধ নেওয়া
দাঁতের বাদ্যি,ঝগড়া
দাউদাউ,প্রবল শিখায় আগুন জ্বলা
দা-কুমড়াসম্পর্ক,চিরশত্রুতা
দাগ,অভিমান বা মালিন্য
দাগ কাটা,মনে রেখাপাত বা কার্যকর প্রভাব বিস্তার
দাগ লাগা,দোষ বা কলঙ্ক স্পর্শ করা
দাগা,আঘাত বা মর্মবেদনা
দাগাবাজ,বিশ্বাসঘাতক
দাগাবাজি,বিশ্বাসঘাতকতা
দাগা বুলানো,হুবহু অনুকরণ করা
দাগি,পুরানো চোর বা সাজাপ্রাপ্ত
দাঙ্গাহাঙ্গামা,মারামারি কাটাকাটি
দাণ্ডা-খাণ্ডা,পতিপুত্রহীনা নারী
দাতাকর্ণ,অতিশয় দানশীল বা ব্যঙ্গে অতিরিক্ত বদান্যতা
দাদ তোলা,প্রতিশোধ নেওয়া
দাদা হজম,গাঁজাখুরি গল্প
দাদাগিরি,অবাঞ্ছিত মাতব্বরি
দাদার দাদা,অতিরিক্ত চালাক বা শক্তিধর
দান-খয়রাত,স্বত্ব ত্যাগ করে দেওয়া
দানসামগ্রী,বিয়ে বা শ্রাদ্ধে দানের সামগ্রী
দানাপানি,অন্নজল
দাপাদাপি,আস্ফালন
দাবীদাওয়া,স্বত্বাধিকার বা অভাব-অভিযোগ
দাম/দামী,মর্যাদা বা মর্যাদাবান
দায়ঠেলা,অনিচ্ছায় বাধ্য হয়ে কিছু করা
দায়দায়িত্ব,কর্তব্য বা দায়িত্ব
দায় পড়া,প্রয়োজন অনুভব করা
দায়সারা,অবহেলাপূর্ণ কাজ
দায়ে ঠেকা,প্রয়োজনের চাপে বাধ্য হওয়া
দায়ে পড়ে ঢেলায় প্রণাম,প্রয়োজনের তাগিদে পূণ্যকর্ম
দারুভূত জগন্নাথ,নানাচিন্তায় কাষ্ঠবৎ
দার্শনিকতা,ব্যঙ্গে অত্যধিক চিন্তাশীলতা
দালাল,অযৌক্তিকভাবে পক্ষসমর্থনকারী
দালালি,গায়ে পড়ে মধ্যস্থ সাজা
দাসখৎ,দাসত্বের স্বীকারপত্র
দাসানুদাস,একান্ত অনুগত ব্যক্তি
দিকপাল,অতিপ্রভাবশালী ব্যক্তি
দিকদারি,বিরক্তিকর অবস্থা
দিগগজ,মহামূর্খ বা অষ্টহস্তী
দিগঙ্গনা,দিকের অধিষ্ঠাত্রী দেবী
দিগদিগন্ত,চারিদিক বা সর্বত্র
দিগবসনা,বিবস্ত্রা কালী
দিগবিদিক,সর্বদিক বা জ্ঞানহীনতা
দিগ্ভ্রান্ত,দিশাহারা
দিন আনা দিন খাওয়া,দিনমজুরি করে জীবন নির্বাহ
দিন আসা,সুদিন আসা
দিন কাটা,সময় অতিবাহিত করা
দিন কাটে তো রাত কাটে না,রাতের কষ্ট বুকে চেপে বসা
দিনকাল,সময় ও অবস্থা
দিন কেনা,কাজ গুছিয়ে নেওয়া
দিনকে দিন,প্রতিদিন
দিনকে রাত করা,সত্যকে মিথ্যা প্রতিপন্ন করা
দিনক্ষণ,শুভ-অশুভ সময়
দিনগত পাপক্ষয়,একঘেয়ে কর্তব্যপালন
দিন গোণা,দীর্ঘকাল অপেক্ষা করা
দিন ঘনিয়ে আসা,মৃত্যু আসন্ন
দিন চলা,জীবনযাত্রা নির্বাহ
দিন চালানো,জীবনযাত্রার খরচ জোগাড়
দিন দিন,ক্রমশ
দিন-দুনিয়া,ইহকাল ও পরকাল
দিনদুনিয়ার মালিক,সর্বশক্তিমান ঈশ্বর
দিনদুপুর,প্রকাশ্য দিবালোক
দিন ফুরানো,আয়ু শেষ হওয়া
দিনভর,সারাদিন
দিনমান,দিনের বেলা
দিনলিপি,দিনের ঘটনাবলীর বর্ণনা
দিনে ডাকাতি,প্রকাশ্যে প্রতারণা
দিনে তারা দেখা,অসম্ভব সম্ভব করে গর্ব
দিনে দিনে,ক্রমশ বা দিনের বেলায়
দিনের দিন,প্রতিদিন বা সেইদিনই
দিবাস্বপ্ন,অবাস্তব সুখকল্পনা
দিব্বি,চমৎকার বা প্রতিজ্ঞা
দিল খোলসা,অকপট মনের
দিলখুশ,প্রফুল্লচিত্ত বা মনোরম
দিল দরিয়া,উদার হৃদয়
দিলরুবা,দয়িতা
দিল্লি দূর অস্ত,লক্ষ্য বহুদূর
দিল্লি হিল্লি,নানা অনির্দিষ্ট জায়গা
দিল্লিকা লাড্ডু,লোভনীয় বস্তুতে নিরাশা
দিশপাশ,কূলকিনারা
দিশাহারা,কিংকর্তব্যবিমূঢ়
দীন দুনিয়ার মালিক,ধর্ম ও জগতের প্রভু
দীর্ঘনিশ্বাস,শোক-দুঃখসূচক গভীর শ্বাস
দীর্ঘসূত্রতা,কাজে অযথা দেরি
দীর্ঘসূত্রী,অলস বা বিলম্বে কাজ করা
দুইয়ে দুইয়ে চার,আপাত সম্পর্কহীন বিষয়ে কার্য-কারণ সম্পর্ক
দুইয়ের বার,উভয় উদ্দেশ্যে অযোগ্য
দু-এক কথা,অল্প কয়টি কথা
দু কথা,সামান্য বা কড়া কথা
দুঃখের উপর টনকের ঘা,কষ্টের উপর কষ্ট
দু কথা হওয়া,কথা কাটাকাটি বা মতভেদ
দু’কাঠি বাজানো,ঝগড়া বাঁধিয়ে দেওয়া
দু’কান কাটা,নির্লজ্জ বেহায়া
দু’কুল,পিতৃকুল-মাতৃকুল বা ইহকাল-পরকাল
দুখচাটা,দুঃখভোগে অভ্যস্ত
দুখীরাম,দুঃখকষ্টে দিন কাটায়
দুখের দুখী,সমবেদনশীল
দুঘড়ি,দুই ঘণ্টা বা দ্বিপ্রহর
দু-চার কথা,অল্প কড়া কথা
দু-চুচকো,দুই পক্ষকে খুশি করে কথা বলা
দুচোখের দেখা,কিছুক্ষণের দেখা
দু-চোখের বিষ,অত্যন্ত অপ্রিয় বিষয়
দুড়দাড়,দ্রুত ও জোর শব্দ
দুড়দুড়,ভয়জনিত মৃদু কম্পন
দুধ কলা দিয়ে সাপ পোষা,শত্রুকে পালন করা
দুধ ঘির শ্রাদ্ধ,দুধ ও ঘির অপচয়
দুধ মরে ক্ষীরটুকু,বিষয়ের সারাংশ
দুধে আলতা রঙ,উজ্জ্বল গৌরবর্ণ
দুধে গরুর চোনা,সামান্য ত্রুটিতে মূল্যবান নষ্ট
দুধে জলে মেশা,একাত্ম হওয়া
দুধে ভাতে থাকা,সচ্ছল অবস্থায় থাকা
দুধের ছেলে,কচি শিশু
দুধের মাছি,সুসময়ের সঙ্গী
দুধের সাধ ঘোলে মেটানো,নিকৃষ্ট বস্তুতে সন্তুষ্ট থাকা
দুনিয়াদার,সংসারী বা স্বার্থপরায়ণ
দুনিয়ার বার,সৃষ্টিছাড়া
দুনুমু করা,ইতঃস্তত করা
দু’নৌকায় পা,দুই বিপরীত পক্ষে সম্পর্ক বজায় রাখা
দুপায়ে দণ্ডবৎ,সশ্রদ্ধ প্রণাম বা ক্ষমা প্রার্থনা
দুমুখো লোক,দুই রকম কথা বলা বা কপটাচারী
দুমুখো সাপ,শত্রুতা সৃষ্টিকারী ব্যক্তি
দুমুঠো,সামান্য পরিমাণ
দুমেটে,দ্বিতীয়বার সংস্কার করা
দুয়ারে হাতীবাঁধা,প্রচুর ধনসম্পদের মালিক
দুর-দুর,ভয় বা উদ্বেগে বুকের কম্পন
দুরদৃষ্ট,দুর্ভাগ্য
দুরমুশ করা,প্রচণ্ড প্রহার করা
দুর্বাসা,কোপণস্বভাব ব্যক্তি
দুর্মুখ,কটুভাষী
দুলাল,আদরে প্রতিপালিত পুত্র
দুঃশাসন,নিপিড়ণমূলক শাসন বা ব্যক্তি
দুষ্টের আটারোগাছি পথ,দুষ্টের উপায়ের অভাব নেই
দু’হাত এক করা,বিয়ে দেওয়া বা বিবাহিত হওয়া
দূর ছাই,ঘৃণা বা বিরক্তি প্রকাশ
দূর ছাই করা,তুচ্ছতাচ্ছিল্য করা
দূরদর্শী,ভবিষ্যৎ অনুধাবনকারী
দূর দূর,ঘৃণা বা অসম্মতি প্রকাশ
দূর দূর করা,তাড়িয়ে দেওয়া
দূরদৃষ্টি,পরিণাম সম্পর্কে সচেতনতা
দূর্বা গজানো,খুব পুরাতন হওয়া
দৃঢ়মুষ্ঠি,কৃপণ
দৃঢ়মূল,গভীরভাবে প্রোথিত
দৃষ্টান্ত,প্রমাণের জন্য উদাহরণ
দৃষ্টির ব্যামো,কামুক দৃষ্টি
দেঁতো হাসি,কৃত্রিম হাসি
দেওয়াল তুলে দেওয়া,দেখা-সাক্ষাৎ বন্ধ বা ব্যবধান সৃষ্টি
দেওয়ালে পিঠ ঠেকা,উপায়হীন অবস্থা
দেওয়ালে মাথা ঠোকা,নিস্ফল চেষ্টা বা আক্ষেপ
দেওয়ালের কান থাকা,কিছু গোপন নয়
দেওয়ালের লিখন,পতনের আভাস
দেখতে দেখতে,অতি দ্রুত
দেখ্‌ তো তোর না দেখ্‌ তো মোরে,চুরির আচরণ
দেখন হাসি,দেখা হলেই হাসে এমন
দেখনাই,বাহ্য চালচলন
দেখ-ভালো করা,অনুসন্ধান করা
দেখ্‌ সিঁদুরে,বাহ্য সৌন্দর্যিশিষ্ট
দেখাদেখি,অনুকরণ বা পরস্পর সাক্ষাৎ
দেখা যাক,ফলের আশায় বসে থাকা
দেখাশুনা,অনুসন্ধান বা তত্ত্বাবধান
দেখাসাক্ষাৎ,পরস্পর সাক্ষাৎ ও আলাপ
দেখিয়ে দেওয়া,শেখানো বা জব্দ করা
দেখে নেওয়া,প্রতিশোধ নেওয়ার ভয় দেখানো
দেখেশুনে,সাবধানে বা সতর্কভাবে বিচার করে
দেদোর মর্ম দেদোয় জানে,ভুক্তভোগীই ব্যথা বোঝে
দেনমোহর,মুসলমানদের বিবাহে স্ত্রীকে দেওয়া যৌতুক
দেনাপাওনা,দেয় পরিশোধ ও প্রাপ্যের প্রাপ্তি
দেবপুরী,অতি সুন্দর ভবন
দেবর লক্ষণ,আদর্শবান অনুগত দেবর
দেবা,তুচ্ছার্থে পুরুষ বা স্বামী
দেমাগ,অহঙ্কার বা মস্তিষ্ক
দেয়াল তুলে দেওয়া,দেখা-সাক্ষাৎ বন্ধ বা ব্যবধান সৃষ্টি
দেয়ালে পিঠ ঠেকে যাওয়া,উপায়হীন অবস্থা
দেয়ালে মাথা ঠোকা,অনুশোচনায় কষ্ট বা নিস্ফল চেষ্টা
দেয়ালেরও কান আছে,কোন কথা গোপন নয়
দেরপোদি,অসতী নারী বা কৌতুকচ্ছলে নাতিনী
দেশ-কাল-পাত্র,"স্থান, সময় ও পরিবেশ"
দেহ মাটি করা,কঠোর পরিশ্রম করা
দেহাত,গ্রাম্য বা গেঁয়ো
দেহি দেহি রব,তীব্র আকাঙ্ক্ষা ও লোভ
দৈত্যকুলে প্রহ্লাদ,কুবংশে সুসন্তান
দৈত্য-দানো,অনিষ্টকারী শক্তি
দৈনন্দিন,প্রতিদিনের কাজ
দৈবাৎ,হঠাৎ
দো-আঁশলা,অকুলীন বা নীতিভ্রষ্ট
দোজোবর,দ্বিতীয়বার বিবাহপ্রার্থী পুরুষ
দোটানা,দ্বিধা
দোনোমনা,বিচারে অস্থিরতা
দোরগোড়া,দরজার সামনে বা খুব কাছে
দোর ধরা,ধর্ণা দেওয়া
দোলাচল,অনিশ্চয়তা বা দ্বিধা
দোষত্রুটি,খুঁত বা ভুল
দোষৈকদর্শী,কেবল দোষ দেখে বেড়ায়
দোসর লক্ষ্মণ,আদর্শ সঙ্গী
দোহন করা,শোষণ করা
দোহার,সহকারী বা ধুয়া ধরে গানকারী
দোহারা,মাঝারি গড়নবিশিষ্ট
দৌড়,ব্যঙ্গে ক্ষমতা
দৌড়ঝাঁপ,ছূটোছুটি বা ব্যস্ততা
দৌড় মারা,বেগে পলায়ন করা
দৌলত,প্রভাব প্রতিপত্তি
দ্বিচারিণী,কুলটা
দ্বিজজিহ্ব,পরস্পরবিরোধী উক্তিকারী
দ্বিমত,পরস্পরবিরোধী দুই মত
দ্বিরুক্তি,আপত্তিজ্ঞাপন
দ্বীপান্তর,দূরবর্তী দ্বীপে নির্বাসন
দ্বৈপায়নতা,দ্বীপে বসতি
দ্ব্যর্থহীন,স্পষ্টভাষায়
ধড়াচূড়া,ভারী সাজপোষাক
ধড়ে প্রাণ আসা,বিপদমুক্ত হয়ে স্বস্তির নিশ্বাস ফেলা
ধনঞ্জয়ের পালা,বিলক্ষণ প্রহারের পালা
ধনদাস,ধনলাভের জন্য হীনতা স্বীকারকারী
ধনপিশাচ,অত্যন্ত ধনলোভী ও কৃপণ
ধনপ্রিয়া,অর্থ ভালবাসে এমন নারী
ধনুক ভাঙা/ধনুর্ভঙ্গ পণ,অতি কঠিন ও দৃঢ় প্রতিজ্ঞা
ধনুর্ধর,ব্যঙ্গে বাহাদুর বা কেরামতি দেখানো ব্যক্তি
ধনেশ্বর,কুবের
ধন্বন্তরি,অদ্বিতীয় চিকিৎসক
ধর তক্তা মার পেরেক,দায়সারাভাবে দ্রুত কাজ শেষ করা
ধরতাই বুলি,প্রচলিত নতুনত্বহীন কথা
ধরতে ছুঁতে নেই,নির্লিপ্তভাব
ধরণা দেওয়া,অভীষ্টলাভের জন্য দ্বারে বসে থাকা
ধরপাকড়,অনুগ্রহ লাভের জন্য সনির্বন্ধ অনুরোধ
ধর লক্ষণ,নির্দ্বিধায় আদেশ পালন
ধরাকে সরা জ্ঞান করা,অহংকারে অন্ধ হওয়া
ধরাছোঁয়া,কাছে আসা বা ঘেঁষা
ধরাছোঁয়া না দেওয়া,দায়িত্ব না নেওয়া
ধরাছোঁয়ার বাইরে,নাগালের বাইরে
ধরা দেওয়া,আত্মসমর্পণ করা
ধরাধরি,গ্রেপ্তারকরণ
ধরাবাঁধা,নির্দিষ্ট বা নির্ধারিত
ধরাশায়ী,মাটিতে পতিত
ধরিত্রীপুত্র,কাণ্ডজ্ঞানসম্পন্ন সাধারণ মানুষ
ধরি মাছ না ছুঁই পানি,চতুরতায় কার্যোদ্ধার
ধরে বেঁধে,পীড়াপীড়ি করে রাজি করানো
ধর্ণা দেওয়া,কার্যসিদ্ধির জন্য পড়ে থাকা
ধর্মকর্ম,শাস্ত্রবিধি অনুযায়ী পূণ্যকর্ম
ধর্মপত্নী,বিবাহিতা স্ত্রী
ধর্মপিতা,ধর্মতঃ পিতা বা পুত্র স্বীকৃত
ধর্মপুত্র যুধিষ্ঠির,আদর্শ সত্যবাদী
ধর্মভাই,গুরুভাই
ধর্মের কল,সত্য
ধর্মের কল বাতাসে নড়ে,সত্য গোপন থাকে না
ধর্মের ষাঁড়,স্বেচ্ছাচারী অনিষ্টকারী
ধস্তাধস্তি,পরস্পর বলপ্রয়োগ বা মারামারি
ধাঁ করে,বিবেচনা না করে হঠাৎ
ধাঁধা,দৃষ্টিভ্রম বা চোখের ভুল
ধাক্কা সামলানো,বিপদ বা সংকট থেকে রক্ষা পাওয়া
ধাড়ি,বয়স্ক
ধাত,মানসিক প্রকৃতি বা স্বভাব
ধাতস্থ,শান্ত বা সুস্থ
ধানকাঠের কড়ি,অপদার্থ বা নির্বোধ
ধান দিয়ে লেখাপড়া শেখা,স্বল্প খরচে লেখাপড়া শেখা
ধানদূর্বা দিয়ে আশীর্বাদ করা,সুলভভাবে আশীর্বাদ করা
ধানদূর্বা দিয়ে পূজা করা,বিদ্রুপে সম্মান করা
ধান ভানতে শীবের গীত,অপ্রাসঙ্গিক বিষয়ের অবতারণা
ধানাইপানাই,অর্থহীন বাজে কথা
ধানীলঙ্কা,কড়া বা মুখরা মেয়ে
ধান্ধা,কাজের সন্ধান
ধান্ধা,অসৎ উদ্দেশ্য
ধান্ধাবাজ,সুযোগসন্ধানী
ধান্ধাবাজ,অসৎ উদ্দেশ্যে ঘোরাফেরা করা
ধান্যেশ্বরী,ব্যঙ্গে ধান থেকে তৈরি মদ
ধাপধাড়া গোবিন্দপুর,অজ্ঞাত ও বহুদূরবর্তী স্থান
ধাপ্পা দেওয়া,প্রতারণা করা
ধামসাধামসি,উদ্দাম নাচানাচি
ধামাচাপা দেওয়া,অন্যায়ভাবে গোপন করা
ধামা ধরা,খোশামোদ করা
ধামাধরা,চাটুকার বা তোষামোদকারী
ধার-কর্জ/দেনা,ঋণ
ধার ধারা,খাতির বা গ্রাহ্য করা
ধার না ধারা,উপেক্ষা করা
ধারাপাতের বাইরে,নিয়মকানুনের বাইরে
ধারে কাটা,দক্ষতায় কার্যোদ্ধার
ধারে ডোবা,প্রচুর দেনায় জড়িয়ে পড়া
ধাষ্টামি,ধৃষ্টতা বা নির্লজ্জ আচরণ
ধিকধিক,মৃদু জ্বলনের ভাব
ধিঙ্গি,প্রগল্ভ বা বেহায়া
ধিঙ্গিপনা,বেহায়া মেয়ের উদ্দাম নাচ
ধিন-তা-ধিনা,নাচনকোদন
ধিনধিন,নাচের ভঙ্গি
ধিনিকেষ্ট,বিদ্রুপে দায়িত্বজ্ঞানহীন ফুর্তিবাজ
ধীরে সুস্থে,আস্তেআস্তে
ধুকপুক,মৃদু হৃদস্পন্দন
ধুকধুকানি,মানসিক উদ্বেগ
ধুৎতোর,বিরক্তিসূচক অভিব্যক্তি
ধু ধু,বিশাল ব্যাপ্তির অভিব্যক্তি
ধুনা,ধমক দেওয়া বা শায়েস্তা করা
ধুনি,আশায় অপেক্ষারত
ধুন্ধুমারকাণ্ড,প্রচণ্ড গোলমাল
ধুমধাড়াক্কা,প্রচুর আড়ম্বর
ধুমধাড়াক্কা,হাত চালিয়ে মারা
ধুমধাম,জাঁকজমক
ধুমসা,কালো মোটাসোটা লোক
ধুমসি,কালো ও মোটা মেয়ে
ধূম্রলোচন,কালো ও কুৎসিত মোটাসোটা লোক
ধুয়া তোলা,ছল করে বারবার এক কথা বলা
ধুরন্ধর,কর্মকুশল বা ধূর্ত
ধুলো দেওয়া (গায়ে),ঘৃণা প্রকাশ করা
ধুলো দেওয়া (চোখে),ফাঁকি দেওয়া
ধুলোমুঠি ধরলে সোনামুঠি,স্বল্প চেষ্টায় সাফল্য
ধূনা দেওয়া,ইন্ধন যোগানো বা উত্তেজনা ছড়ানো
ধূমকেতু,অশুভলক্ষণ বা হঠাৎ উদয় ব্যক্তি
ধূমধড়াক্কা,মহাসমারোহ
ধূমায়মান,অল্প প্রকাশিত হওয়া
ধূয়া,বারবার বলা উক্তি
ধূয়া তোলা/ধরা,আবদার বা ছল করা
ধূয়া তোলা/ধরা,দৃঢ়ভাবে প্রার্থনা করা
ধূলাবালি,অকিঞ্চিৎকর পদার্থ
ধূলিসাৎ,সম্পূর্ণ ব্যর্থ
ধেই-ধেই,উদ্দাম নাচের ভঙ্গি
ধেই-ধেই,নির্লজ্জভাবে ঘুরে বেড়ানো
ধেড়ে ইঁদুর,পাকা শয়তান বা দুষ্টচক্রের নেতা
ধেড়ে খোকা,যুবক বা কিশোরের চেয়ে বেশি বয়স্ক
ধেড়ে রোগ,বৃদ্ধ বয়সে যুবকের মতো সন্তান উৎপাদনের ইচ্ছা
ধেনো,ধান চাষের জমি বা মূর্খ
ধোঁকা খাওয়া/দেওয়া,প্রতারিত হওয়া বা প্রতারণা করা
ধোঁকাবাজ,প্রতারক
ধোঁকায় পড়া,প্রভাবিত বা প্রতারিত হওয়া
ধোঁকার টাটি,প্রতারণার আবরণ
ধোঁকার টাটি,কুহক বা মায়াজাল
ধোঁয়াটে,অস্পষ্টভাব
ধোকড়,ফাঁকি বা কিছু না
ধোপদুরস্ত,পরিপাটি বা পরিষ্কার
ধোপদুরস্ত,ধোলাই করা পোশাকপরিহিত ব্যক্তি
ধোপা-নাপিত বন্ধ করা,সমাজচ্যুত করা
ধোপা-ভাঁড়ারী,অনেক কাপড় কিন্তু নিজের কিছু নেই
ধোপা-ভাঁড়ারী,পরের কাপড়ে বাবুগিরি
ধোপার গাধা,পরের জন্য খেটে মরা
ধোপার পাট ঘরেরও না ঘাটেরও না,সর্বত্র অনাদৃত
ধোপার বোঝা,অপরের দায়িত্ব
ধোপে টেকা,যুক্তিগ্রাহ্য হওয়া বা টিকে যাওয়া
ধোপে টিকবে না,পরীক্ষায় উত্তীর্ণ না হওয়া
ধোয়া তুলসীপাতা,নিস্পাপ বলে জাহির করা
ধোলাই দেওয়া,প্রচণ্ড প্রহার করা
ধ্যাড়া/ধ্যাড়ানো,অপটুতায় কাজ পণ্ড করা
ধ্বজভঙ্গ,পুরুষত্বহীনতা
ধ্বজা উড়ানো,উগ্রভাবে সমর্থন করা
ধ্বজাধরা,বংশে গর্বিত
ধ্রুব,নিশ্চিত
ধ্রুব৩,অপরিবর্তনীয় বা স্থির
ধ্রুবতারা,জীবনের আদর্শ বা লক্ষ্য
ধ্রুবসত্য,চরম সত্য
নওরোজ,উৎসববিশেষ; বছরের প্রথম দিনের উদযাপন
নকড়া-ছকড়া করা,তুচ্ছতাচ্ছিল্য বা অবজ্ঞা করা
নকলনবিশ,বিদ্রুপে- অনুকরণে ওস্তাদ বা অকর্মণ্য ব্যক্তি
নকশা,তামাশা বা কৃত্রিম আচরণ
নক্ষত্রপতন,বিখ্যাত ব্যক্তির মৃত্যু
নখদন্তহীন শার্দূল,ক্ষমতাহীন প্রবল ব্যক্তিত্ব
নখদর্পণ,নিখুঁত ও স্পষ্ট জ্ঞান
নগদ নারায়ণ,নগদ টাকা বা কাঁচাপয়সা
নগদ বিদায়,কাজ শেষ হওয়ামাত্র মূল্য প্রদান
নগ্ন সত্য,খাঁটি ও অকপট সত্য
নজরকাড়া,আকর্ষণীয় বা দর্শনীয়
নজরে রাখা,তত্ত্বাবধান বা বিশেষ লক্ষ্য রাখা
নজর লাগা,কুদৃষ্টিতে পড়া
নজরানা,উপহার বা ভেট; বিদ্রুপে- ঘুষ
নজরে পড়া,কৃপাদৃষ্টিতে পড়া বা পছন্দ হওয়া
নটঘটে নটবর,বিদ্রুপে- লম্পট বা কলঙ্কজনক কাজের শ্রেষ্ঠ ব্যক্তি
নড়াচড়া,স্পন্দন বা স্থান পরিবর্তন
নড়বড়ে,অস্থিতিশীল বা ঢিলেঢালা
নড়েভোলা,সাদাসিধে বা বেখেয়ালি লোক
নতুন কুটুম্ব,সম্প্রতি বৈবাহিক সম্পর্কে আবদ্ধ ব্যক্তি
নথ নাড়া,গর্ব বা বিরক্তি প্রকাশ করা
নদীর মুখে বালির বাঁধ,ক্ষণস্থায়ী প্রতিরোধ বা নিষ্ফল প্রচেষ্টা
নদের চাঁদ,আদরের সন্তান; বিদ্রুপে- অকর্মণ্য বা অসৎ ব্যক্তি
ননস্টপ,একনাগাড়ে বা বিরতিহীনভাবে
ননীর পুতুল,অপদার্থ বা শ্রমবিমুখ ব্যক্তি
নন্দী-ভৃঙ্গী,বিদ্রুপে- অবাঞ্ছিত সর্বক্ষণের অনুচর
নন্নড়িয়া,অত্যন্ত দুর্বল বা শিথিল
নবকার্তিক,বিদ্রুপে- গুণহীন সুপুরুষ বা কালো কদাকার ব্যক্তি
নবজীবন,দুঃখের পর সুখের অবস্থা
নবডঙ্কা,কিছুই না বা ফাঁকি
নবমীর পাঁঠা,ভীত বা আতঙ্কিত ব্যক্তি
নবাব,বিদ্রুপে- অহঙ্কারী বা ভোগবিলাসী ব্যক্তি
নবাবী চাল,নবাবের মতো আচরণ বা বড়মানুষি
নবিশ,আনাড়ি বা অদক্ষ ব্যক্তি
নমাসে ছমাসে,কদাচিৎ বা বহুদিন পর
নয়কে হয় করা,মিথ্যাকে সত্য বলে প্রতিপন্ন করা
নয়ছয়,বিশৃঙ্খলতা বা অপচয়
নয়নমণি,পরম আদরের সন্তান
ন যযৌ ন তস্থৌ,কিংকর্তব্যবিমূঢ় অবস্থা
নরককুণ্ড,জঘন্য বা নিকৃষ্ট স্থান
নরক গুলজার,অসংযত স্ফূর্তিবাজদের আড্ডা
নরকযন্ত্রণা,তীব্র মানসিক যন্ত্রণা
নরপশু,পশুর মতো আচরণকারী মানুষ
নরম-গরম,মৃদু ও উগ্র মিশ্রিত আচরণ
নরম মাটি,দুর্বল প্রকৃতির ব্যক্তি
নরমে গরমে,মৃদু ও কড়া কথা মিশিয়ে কথা বলা
নরাধম,অতিনীচ প্রকৃতির মানুষ
নরুণে তালগাছ কাটা,অল্প পরিশ্রমে বিরাট কাজ
নষ্টচন্দ্র,কলঙ্কী ব্যক্তি
নষ্টামি,কুকর্ম বা দুশ্চরিত্র
নসিব,অদৃষ্ট বা ভাগ্য
নস্যাৎ করা,তুচ্ছজ্ঞানে উপেক্ষা করা বা বাতিল করা
"না ঘাটকা, না ঘরকা",সর্বত্র অনাদৃত বা সিদ্ধান্তহীন অবস্থা
না রাম না গঙ্গা,নির্বাক থাকা বা ধর্মের ধার না ধারা
নাই আঁকড়া,একগুঁয়ে বা নাছোড়বান্দা ব্যক্তি
নাক উঁচানো,অহঙ্কার বা অবজ্ঞা প্রকাশ করা
নাক কাটা,অপমানিত বা লজ্জিত হওয়া
নাক গলানো,অনধিকার হস্তক্ষেপ করা
নাক বাঁকানো,তুচ্ছতাচ্ছিল্য বা ঘৃণা প্রকাশ করা
নাকানিচোবানি খাওয়া,ক্রমাগত লাঞ্ছনা বা কষ্ট ভোগ করা
নাকাল,জব্দ বা অত্যন্ত পরিশ্রান্ত
নাকে কাঁদা,কৃত্রিম ক্রন্দন বা আবদার
নাকে তেল দিয়ে ঘুমানো,পরম নিশ্চিন্তে থাকা
নাকের জলে চোখের জলে,বিপর্যস্ত বা কষ্টকর অবস্থা
নাকের ডগায়,অতি সন্নিকটে
নাখুশ,অসন্তুষ্ট
নাগপাশ,অতি দৃঢ় বন্ধন
নাচনকোঁদন,আমোদ-আহ্লাদ বা রঙতামাশা
নাচতে নেমে ঘোমটা টানা,কপট বা বৃথা লজ্জা প্রকাশ
নাছোড়বান্দা,জেদী বা উদ্দেশ্য পূরণে লেগে থাকা ব্যক্তি
নাজেহাল,অতিশয় লাঞ্ছিত বা পরিশ্রান্ত
নাটের গুরু,কোনো ঘটনার মূল প্ররোচক
নাড়িটেপা ডাক্তার,হাতুড়ে বা আয়ুর্বেদিক বৈদ্য
নাড়িনক্ষত্র,পুঙ্খানুপুঙ্খ তথ্য বা সম্পূর্ণ বিবরণ
নাড়ির টান,জন্মসূত্রে প্রাপ্ত মনের আকর্ষণ
নাদুসনুদুস,মোটাসোটা বা হৃষ্টপুষ্ট
নানাকেলে,অতি পুরনো বা ঠাকুরদার আমলের
নাম করা,বিখ্যাত হওয়া
নাম ডোবানো,সুনাম নষ্ট করা
নামগন্ধ,আভাসমাত্র বা লেশমাত্র
নামজাদা,প্রথিতযশা বা বিখ্যাত
নারদ,কলহপ্রিয় বা বিবাদ সৃষ্টিকারী ব্যক্তি
নাস্তানাবুদ,বিপর্যস্ত বা নাকালের অবস্থা
নিজের পায়ে কুড়ুল মারা,নিজেই নিজের সর্বনাশ করা
নিজের পায়ে দাঁড়ানো,স্বাবলম্বী বা নিজের শক্তিতে প্রতিষ্ঠিত হওয়া
নিদানকালে হরিনাম,শেষ মুহূর্তে উঠেপড়ে লাগা
নিপাট,সরল বা কুটিলতামুক্ত
নিমকহারাম,অকৃতজ্ঞ বা উপকার অস্বীকারকারী
নিমকহালাল,কৃতজ্ঞ বা উপকার স্বীকারকারী
নির্জলা,খাঁটি বা মিশ্রণহীন
নির্মক্ষিক,জনশূন্য বা নির্জন স্থান
নিশপিশ,অস্থিরতা বা উত্তেজনা
নিশ্চিন্দিপুর যাওয়া,মারা যাওয়া
নুন আনতে পান্তা ফুরায়,অতি দারিদ্রতা বা এক অভাব পূরণের আগে আরেক অভাব
নুন খেয়ে গুণ গাওয়া,উপকারীর প্রতি কৃতজ্ঞ থাকা
নেড়া বেলতলায় একবার যায়,একবার ঠকে অভিজ্ঞতা থেকে সতর্ক হওয়া
নেপথ্যে,গোপনে বা আড়ালে
নেপো মারে দই,ধূর্ত ব্যক্তির দ্বারা পরের সম্পত্তি ভোগ
ন্যাকা সাজা,অবুঝের ভান করা
ন্যালাভোলা,সাদাসিধে বা নিতান্ত ভালোমানুষ
পইপই,পুনঃপুনঃ সতর্কীকরণ বা প্রতিপদে সাবধান
পকেট খালি,টাকাপয়সার অভাব
পকেট গরম,অনেক টাকাপয়সা থাকা
পকেটস্থ করা,আত্মসাৎ করা বা নিজের করে নেওয়া
পকেটে হাত পড়া,অর্থের টানাটানি বা স্বার্থে আঘাত পড়া
পক্বকেশ,প্রবীণ বা বয়স্ক ব্যক্তি
পক্ষচ্ছেদ করা,ক্ষমতাশূন্য করা
পক্ষপাত,একপক্ষের প্রতি পক্ষপাতিত্ব বা অনুরাগ
পক্ষপুট,আশ্রয় বা সাহায্য
পক্ষাঘাত,শারীরিক বা মানসিক অক্ষমতা
পক্ষোদ্গম,পরিণত বা পূর্ণ বিকাশ লাভ
পগার পার হওয়া,নাগালের বাইরে চলে যাওয়া বা পলায়ন
পঙ্কোদ্ধার,আবিলতা বা অশুদ্ধি থেকে মুক্ত করা
পঙ্গপাল,অসংখ্য অবাঞ্ছিত লোকের সমাবেশ
পচা আদা,অকেজো বা তুচ্ছ জিনিস
পটপরিবর্তন,পরিস্থিতির দ্রুত পরিবর্তন
পঞ্চত্বপ্রাপ্তি,মৃত্যু
পঞ্চমবাহিনী,বিশ্বাসঘাতক বা গুপ্তচরের দল
পঞ্চমুখ,অত্যন্ত প্রশংসা বা নিন্দায় মুখর
পট,হঠাৎ বা আচমকা
পটপট করে,অতি দ্রুত
পটল চেরা চোখ,দীর্ঘ ও মনোহর চোখ
পটল তোলা,মারা যাওয়া বা ব্যবসা বন্ধ হওয়া
পটের বিবি,বিলাসী ও নিষ্কর্মা নারী
পট্টি মারা,প্রতারণা করা বা মিথ্যা কথা বলা
পড়তা,সৌভাগ্য বা ভাগ্য
পড়পড়,প্রায় পড়ে যাওয়ার অবস্থা
পড়তে না পড়া,বাজারে অত্যধিক চাহিদা
পড়াশুনা,বিদ্যালয়ে অধ্যয়ন বা পাঠাভ্যাস
পড়ি-মরি,অতি দ্রুত বা ব্যস্ততার সাথে
পড়ে পড়ে মার খাওয়া,নীরবে বা বিনা প্রতিবাদে অপমান সহ্য করা
পড়ে পাওয়া,বিনা পরিশ্রমে প্রাপ্তি
পড়ো জমি,অব্যবহৃত বা ফেলে রাখা জমি
পণ্যাঙ্গনা,দেহব্যবসায়িনী বা গণিকা
পণ্ডশ্রম,বৃথা পরিশ্রম বা নিষ্ফল খাটুনি
পণ্ডিতমুর্খ,পুঁথিগত জ্ঞান আছে কিন্তু ব্যবহারিক বুদ্ধিহীন
পতঙ্গবৃত্তি,বিপদ জেনেও লোভে পড়ে আত্মনাশ
পত্রপাঠ,তৎক্ষণাৎ বা সঙ্গে সঙ্গে
পথ করা,উপায় বার করা বা সমাধান করা
পথকষ্ট,দুর্গম পথে চলার পরিশ্রম
পথ চাওয়া,কারো আগমনের অপেক্ষায় থাকা
পথ ছাড়া,যাওয়ার সুযোগ করে দেওয়া
পথ দেখানো,উপায় বাতলানো বা বিদ্রুপে প্রস্থান করানো
পথ মাড়ানো,নিকটে আসা বা যোগাযোগ রাখা
পথ ভোলা,বিপথে যাওয়া বা ভুল পথে চলা
পথে আসা,সহমত হওয়া বা সংশোধন করা
পথেঘাটে,যত্রতত্র বা সর্বত্র
পথে দাঁড়ানো,নিঃস্ব বা সর্বস্বান্ত হওয়া
পথের কাঁটা,সুখের বা অগ্রগতির প্রতিবন্ধক
পথের কুকুর,অবহেলিত ও আশ্রয়হীন ব্যক্তি
পথের পথিক,অনুসরণকারী বা পথপ্রদর্শকের অনুগামী
পদলেহন,হীনভাবে তোষামোদ করা
পদস্খলন,নৈতিক অধঃপতন
পদাঙ্ক অনুসরণ,গুণী ব্যক্তির পথ অনুসরণ
পদার্পণ,শ্রদ্ধার সাথে উপস্থিতি
পদে পদে,প্রতি পদক্ষেপে বা সবসময়
পদোন্নতি,চাকরিতে উন্নতি
পদ্মপাতার জল,ক্ষণস্থায়ী বা অস্থায়ী
পদ্মিনী,সর্বাঙ্গসুন্দরী ও মধুরভাষিণী নারী
পয়গম্বর,ঈশ্বরের দূত বা বিপদে সাহায্যকারী
পয়মন্ত,ভাগ্যবান বা সৌভাগ্যশালী
পয়মাল,নষ্ট বা ধ্বংসপ্রাপ্ত
পয়সাওয়ালা,ধনবান বা টাকাওয়ালা
পয়সাকড়ি,অর্থ বা আর্থিক সম্বল
পয়সার কুটকুটানি,টাকা থাকার কারণে খরচের ব্যগ্রতা
পয়সার ফুটফুটানি,অর্থের অহঙ্কার বা জাঁকজমক
পরকাল,মৃত্যুর পরবর্তী অবস্থা বা ভবিষ্যৎ
পরকীয়া,বিবাহবহির্ভূত প্রেম বা সম্পর্ক
পরগাছা,পরাশ্রিত বা হীন ব্যক্তি
পরচর্চা,পরের দোষ নিয়ে নিন্দাসূচক আলোচনা
পরছিদ্রান্বেষণ,পরের দোষ সন্ধান করা
পরমুখাপেক্ষী,পরের উপর নির্ভরশীল
পরলোক গমন,মৃত্যু বা লোকান্তরে যাওয়া
পরশ্রীকাতরতা,পরের ঐশ্বর্যে ঈর্ষান্বিত হওয়া
পরাকাষ্ঠা,চরম সীমা বা চূড়ান্ত অবস্থা
পরিণামদর্শী,কর্মফল বুঝে কাজ করা ব্যক্তি
পরের ঘর,মেয়েদের শ্বশুরবাড়ি
পরের ঘাড়ে বন্দুক রেখে শিকার করা,পরের সাহায্যে কাজ সাধন
পরের মাথায় কাঁঠাল ভাঙা,পরকে দিয়ে কাজ উদ্ধার বা প্রতারণা
পর্দা ফাঁস,গোপন বিষয় প্রকাশিত হওয়া
পর্বতের মূষিকপ্রসব,বিপুল উদ্যোগে তুচ্ছ ফল
পলকে প্রলয়,মুহূর্তে ভীষণ কাণ্ড
পলাশ ফুল,গুণহীন সুদর্শন ব্যক্তি
পল্লবগ্রাহী,নানা বিষয়ে অল্প জ্ঞানসম্পন্ন
পাঁকাল মাছ,ধরাছোঁয়ার বাইরে থাকা ব্যক্তি
পাঁকে পড়া,আকস্মিক বিপদে পড়া
পাঁচকথা,কড়া কথা বা তিরস্কার
পাঁচকান করা,গোপন কথা প্রকাশ করা
পাঁচমিশালী,নানা প্রকারের মিশ্রণ
পাঁচসাত ভাবা,অগ্রপশ্চাৎ চিন্তা করা
পাঁচিল তোলা,ব্যবধান সৃষ্টি বা আড়াল করা
পাওনা-গণ্ডা,প্রাপ্য টাকাকড়ি
পাকচক্র,ষড়যন্ত্র বা জটিল পরিস্থিতি
পাকা কথা,চূড়ান্ত বা অপরিবর্তনীয় কথা
পাকা কাজ,নিখুঁত বা চূড়ান্ত কাজ
পাকা ধানে মই দেওয়া,প্রায় সম্পন্ন কাজ পণ্ড করা
পাকা হাড্ডি,অভিজ্ঞ বা পরিণত ব্যক্তি
পাকাহাত,দক্ষ বা নিপুণ হাত
পাকেপ্রকারে,যেকোনো উপায়ে বা বাধ্য হয়ে
পাখির চোখ,নির্দিষ্ট ও স্থির লক্ষ্য
পাগল-ছাগল,কাণ্ডজ্ঞানহীন বা অবুঝ
পা চাটা,হীনভাবে তোষামোদ করা
পা টিপে চলা,সাবধানে বা শব্দ না করে চলা
পা ধরা,নতি স্বীকার বা ক্ষমা প্রার্থনা
পা ফেলা,পদার্পণ বা উপস্থিত হওয়া
পা ভারি হওয়া,হাঁটতে কষ্ট হওয়া
পায়ে ঠেলা,তুচ্ছতাচ্ছিল্য বা উপেক্ষা করা
পায়ে পড়া,কাতরভাবে অনুরোধ করা
পায়ে পায়ে,প্রতি পদক্ষেপে বা সর্বত্র
পায়ের তলায় মাটি সরে যাওয়া,নিরাশ্রয় বা সমর্থনহীন হওয়া
পার করা,উদ্ধার বা মেয়ের বিয়ে দেওয়া
পার পাওয়া,পরিত্রাণ বা রক্ষা পাওয়া
পালটি খাওয়া,সম্পূর্ণ বিপরীত আচরণ করা
পাল্লা দেওয়া,প্রতিযোগিতা করা
পাশ কাটানো,এড়িয়ে যাওয়া বা উপেক্ষা করা
পাষাণ,নির্দয় বা হৃদয়হীন
পিটপিট করা,বিরক্তি প্রকাশ বা পলক ফেলা
পিঠ চাপড়ানো,উৎসাহ বা প্রশংসা জানানো
পিঠটান দেওয়া,পলায়ন করা
পিঠের চামড়া তোলা,বেদম প্রহার করা
পিড়িং মারা,কথার মাঝে খোঁচা দেওয়া
পিতলের কাটারি,সুদর্শন কিন্তু অপদার্থ ব্যক্তি
পিত্তি চটা,অত্যন্ত বিরক্ত বা ক্রুদ্ধ হওয়া
পিন-পতন-নীরবতা,চরম নিস্তব্ধতা
পিপুফিশু,অত্যন্ত অলস ব্যক্তি
পিলে চমকানো,ভয়ানক ভয় পাওয়া
পুঁটিমাছের প্রাণ,ক্ষীণপ্রাণ বা দুর্বল ব্যক্তি
পুকুর চুরি,বিরাট আকারের আত্মসাৎ
পুতুলখেলা,ছেলেখেলা বা অকিঞ্চিৎকর ব্যাপার
পুতুল নাচানো,আড়াল থেকে পরিচালনা করা
পুরাণো কাসুন্দি,পুরনো অপ্রীতিকর কাহিনি
পুরাণো পাপী,বহু অভিজ্ঞ ও ধূর্ত ব্যক্তি
পুরোদস্তুর,সম্পূর্ণ বা পুরোপুরি
পৃষ্ঠপোষক,মুরুব্বি বা সহায়ক
পেট চলা,জীবিকা নির্বাহ করা
পেট পাতলা,গোপন কথা রাখতে অক্ষম
পেটে কথা,মনের গোপন কথা
পেটে খেলে পিঠে সয়,লাভের জন্য কষ্ট সহ্য করা
পেটে বিদ্যে থাকা,লেখাপড়া জানা বা বিদ্যা থাকা
পেটে মারা,জীবিকার পথ বন্ধ করা বা দুর্বল করা
পেটোয়া,অনুগত বা বশংবদ ব্যক্তি
পোঁ পাঁ দৌড়,অতি দ্রুত পলায়ন
পোঁ ধরা,অন্ধভাবে অনুসরণ বা মোসাহেবি করা
পোয়াবারো,পরম সৌভাগ্য বা বিশেষ প্রাপ্তি
ফই-জত,কথা কাটাকাটি
ফকফক,উজ্জ্বলতা
ফকির,নিঃস্ব ব্যক্তি
ফক্কড়,ধড়িবাজ ব্যক্তি
ফক্কা,ধোঁকা
ফক্কিকারি,ফাঁকি দেওয়ার প্রবৃত্তি
ফচকে,চপলমতি যুবক
ফটফট,বড়াই
ফটাফট,অতি দ্রুত
ফটিকচাঁদ,শুভ্রবেশধারী ফুলবাবু
ফড়ফড়,নড়াচড়ার শব্দ
ফতুর,সর্বশান্ত
ফতে,কার্যসিদ্ধ
ফতো কাপ্তান,দায়িত্বজ্ঞানহীন ব্যক্তি
ফতো নবাব,অন্তঃসারশূন্য বাবু
ফতোয়া,লিখিত নির্দেশ
ফন্দিফিকির,গোপন কৌশল
ফপর দালাল,অযাচিত মধ্যস্থতাকারী
ফপর দালালি,অনর্থক মাতব্বরি
ফয়সালা,মীমাংসা
ফরফর,পাতলা বস্তুর সঞ্চালন শব্দ
ফরফরানি,অতি চঞ্চলতা
ফরমাইশ,আদেশ
ফর্দাফাই,ছিন্নভিন্ন অবস্থা
ফর্সা,পরিষ্কার
ফলপাকড়,নানাবিধ ফল ও মূল
ফলশ্রুতি,শেষ পরিণাম
ফলাও,অতিরঞ্জন
ফলানো,জাহির করা
ফলাফল,শেষ ফল
ফলার,ফল আহার
ফল্গুধারা,অদৃশ্য স্নেহ
ফল্গুবল্গন,বৃথা আড়ম্বর
ফষ্টিনষ্টি,লঘু হাস্যরস
ফস করে,আকস্মিকভাবে
ফাঁক ধরা,ত্রুটি খুঁজে পাওয়া
ফাঁক পাওয়া,সুযোগ পাওয়া
ফাঁকতাল,অগোচরে সুযোগ
ফাঁকফোকর,গোপন ত্রুটি
ফাঁকা আওয়াজ,বৃথা আস্ফালন
ফাঁকা ফাঁকা,জনশূন্য ভাব
ফাঁকা ময়দান,প্রতিদ্বন্দ্বিতাহীন ক্ষেত্র
ফাঁকিজুঁকি,প্রবঞ্চনা
ফাঁকি দেওয়া,কর্তব্যে অবহেলা
ফাঁকিতে পড়া,প্রবঞ্চিত হওয়া
ফাঁকে ফাঁকে,মাঝে মাঝে
ফাঁটবাজ,অহঙ্কারী
ফাঁড়া,আকস্মিক বিপদ
ফাঁড়া কেটে যাওয়া,বিপদ কেটে যাওয়া
ফাঁদ পাতা,চক্রান্ত করা
ফাঁদা,আরম্ভ করা
ফাঁদে পা দেওয়া,ষড়যন্ত্রে পড়া
ফাঁপা কলসির শব্দ,অন্তঃসারশূন্য বাগাড়ম্বর
ফাঁস করা,গোপন কথা প্রকাশ করা
ফাঁস হওয়া,গোপন কথা প্রকাশ হওয়া
ফাঁসনো,বিপদে ফেলা
ফাইফরমাশ,খুচরা কাজের আদেশ
ফাকতা পায়রা ওড়ানো,ফুর্তিতে দিন কাটানো
ফাজিল,বাচাল ব্যক্তি
ফাটা কপাল,দুর্ভাগ্য
ফাটা কপাল জোড়া লাগা,সৌভাগ্যের পুনরাবির্ভাব
ফাটাফাটি,অসাধারণ
ফাটা রেকর্ড বাজানো,একই কথার পুনরাবৃত্তি
ফাণ্ডা,বিষয়ে দখল
ফানটুস,শূন্যগর্ভ ব্যক্তি
ফায়দা তোলা,সুযোগ নেওয়া
ফালতু,অপ্রয়োজনীয়
ফালা-ফালা করা,লম্বা টুকরা করা
ফাসফুস,চুপিচুপি কথা বলা
ফাসাফুসা,শূন্য
ফিকির,গোপন উদ্দেশ্য
ফিকিরে ফকির,চালাকিতে সর্বনাশকারী
ফিচেল,বাচাল লম্পট
ফি-রোজ,প্রতিদিন
ফিরিস্তি,তালিকা
ফিলহাল,বর্তমানে
ফিসফিস,চুপিচুপি কথা বলা
ফিসফিসানি,গোপন কানেকানে কথা
ফুকো মস্তান,বাকসর্বস্ব ব্যক্তি
ফুকফুকে,গোপন কথা প্রকাশে আগ্রহী
ফুটকড়াই,চড়বড়ে কথাবলা
ফুট কাটা,টিপ্পনি কাটা
ফুটফুটে,উজ্জ্বল
ফুটানি,অশোভন বাবুগিরি
ফুটানিরাম,অতিশয় গর্বিত ব্যক্তি
ফুটিফাটা,চৌচির
ফুটে যাওয়া,চলে যাওয়া
ফুটো কলসি,মূল্যহীন বস্তু
ফুটো পয়সা,তুচ্ছ পরিমাণ
ফুড়ুক ফাঁই,চকিতে উধাও
ফুরফুরে,মনোরম
ফুরসত,অবকাশ
ফুর্তি করা,অশিষ্ট আমোদপ্রমোদ
ফুল চড়ানো,দেবতার থানে ফুলস্থাপন
ফুলচন্দন,সাদর সংবর্ধনা
ফুলটুসী,অল্পে কাতর নারী
ফুল না ঝরা,শৈশবকাল অতিবাহিত না হওয়া
ফুল ফোটা,বিয়ের উপক্রম
ফুলবাবু,অতি শৌখিন ব্যক্তি
ফুলানো,গর্বিত করা
ফুলে ফেঁপে ওঠা,ধনবান হওয়া
ফুলের আঘাত,সামান্য দুঃখকষ্ট
ফুলের ঘায়ে মুর্চ্ছা যাওয়া,অল্পে কাতর হওয়া
ফুসফুস করা,আস্তে কথা বলা
ফুসমন্তর,গোপন উপদেশ
ফুসুরফুসুর করা,কানাকানি করা
ফেঁকড়া,আনুসঙ্গিক ঝামেলা
ফেঁপে ওঠা,হঠাৎ বিত্তবান হওয়া
ফেউ,পিছনে লেগে থাকা ব্যক্তি
ফেউ লাগা,বিরক্তিকরভাবে অনুসরণ করা
ফেকলু পার্টি,কপর্দকশূন্য
ফেনানো,অতিরঞ্জিত করা
ফেরফার,উল্টাপাল্টা কৌশল
ফেরাফিরি,বারবার পরিবর্তন
ফেরেফবাজ,প্রবঞ্চক
ফেরেফবাজি,প্রবঞ্চনার আচরণ
ফেরেশতা,দ্বর্গের দূত
ফেলাছড়া,ইতস্তত নিক্ষেপ
ফেলারাম,নিঃস্ব ব্যক্তি
ফেলো কড়ি মাখো তেল,নগদে দ্রব্য গ্রহণ
ফোঁপর দালালি,অনর্থক মধ্যস্থতা
ফোঁস করা,প্রতিবাদ করা
ফোড় গোণা,হিসাব করে চলা
ফোড়ন কাটা,বিদ্রুপাত্মক মন্তব্য
ফোকলারাম,দন্তহীন বুড়ো
ফোস্কা পড়া,ঈর্ষায় কাতর হওয়া
ফ্যাঁকড়া,ঝামেলা সৃষ্টি
ফ্যা ফ্যা করা,নিস্কর্মা ঘোরাফেরা
ফ্যাকফ্যাক,কান্তিহীন সাদা
ফ্যাচফ্যাচ করা,বিরক্তিকর বকবক
ফ্যাচাং,ঝঞ্ঝাট
ফ্যালফ্যাল করা,হতবুদ্ধি ভাবে তাকানো
ফ্যাশন,শৌখিন রীতি
ফ্ল্যাট,অতিক্লান্ত
বইয়ের পোকা,খুব পড়ুয়া
বউকাঁটকি,দজ্জাল শাশুড়ি
বউভাত,বিবাহের অংশ
বউভেড়ুয়া,চুড়ান্ত স্ত্রৈণ
বংশলোচন,বাঁশের সাদা দ্রব্য
বংশে বাতি দেওয়া,বংশ বাঁচানো
বংশের বাতি,বংশের নাম উজ্জ্বলকারী
বক দেখানো,বিদ্রুপ করা
বকধার্মিক,কপট ধার্মিক
বকধ্যানং,কপট ধ্যান
বকবক করা,অবিরাম কথা বলা
বকবকানি,বাজে বাচালতা
বকলম,পরিবর্তে লেখক
বকাণ্ডপ্রত্যাশা,দুর্লভ বস্তুর আশা
বকেয়া বাকি,পাওনা বাকি
বক্রোক্তি,বিদ্রুপাত্মক কথা
বগলদাবা করা,আত্মসাৎ করা
বগল বাজানো,আনন্দ প্রকাশ
বগলে পুঁথি ঘরময় খোঁজা,আপনভোলা লোক
বগা,নগণ্য লোক
বঙ্কুবিহারী,বাঁকা চরিত্রের লোক
বচনবাগীশ,কথার পণ্ডিত
বছরকার দিন,শুভদিন
বজ্জাতের ধাড়ি,দুষ্টের সর্দার
বজ্রাঘাত,আকস্মিক আঘাত
বজ্রাহত,মানসিক আঘাতে বিমূঢ়
বটতলার উপন্যাস,নিম্নমানের উপন্যাস
বড় একটা,কদাচিৎ
বড়কথা,অহঙ্কারপূর্ণ কথা
বড়কর্তা,সর্বোচ্চ কর্তৃত্বশীল
বড়কুটুম,শ্যালক
বড়গলা,অহঙ্কার
বড়ঘর,সম্ভ্রান্ত বংশ
বড়ঘাটে নৌকা বাঁধা,বেশি লাভের প্রত্যাশা
বড় চাল,বড়লোকের চালচলন
বড়জোর,খুব বেশি হলে
বড়ঠাকুর,স্বামীর জ্যেষ্ঠ ভ্রাতা
বড় তরফ,বর্ষীয়ান পরিবার
বড় তামাক,গাঁজা
বড়দিন,যীশুখৃষ্টের জন্মদিন
বড়পেট,অত্যন্ত পেটুক
বড়ফট্টাই,বৃথা আত্মশ্লাঘা
বড়বড় কথা,লম্বাচওড়া কথা
বড়বড়ানি,অর্থহীন প্রলাপ
বড়বাবু,অফিসের প্রধান কেরানী
বড়মন,উদার মনোভাব
বড়মানুষ,ধনী ব্যক্তি
বড়মানুষি,ধনীর মতো আচরণ
বড়মিঞা,বয়স্ক সম্মানিত ব্যক্তি
বড়মুখ,অত্যন্ত উৎসাহ
বড়মুখ ছোট হওয়া,অপমানিত হওয়া
বড়লাট,গণ্যমান্য ব্যক্তি
বড়লোক,ধনী ব্যক্তি
বড়শি গাঁথা,কায়দায় পাওয়া
বড়সড়,বৃহদায়তন
বড় হওয়া,ধনী বা প্রসিদ্ধ হওয়া
বড়হাজারি,মধ্যাহ্নের ভরপেট আহার
বড়াইবুড়ি,অতিবৃদ্ধ নারী
বড়ে টেপা,কৌশল প্রয়োগ
বত্রিশ দিনে মাস,দীর্ঘসূত্রতা
বত্রিশ নাড়ির টান,প্রিয় সন্তান
বত্রিশভাজা,পাঁচমিশেলি খাবার
বদলাবদলি,পরস্পর বিনিময়
বদের হাঁড়ি,চুড়ান্ত দুষ্ট
বদ্ধমূল,দৃঢ় ধারণা
বনগরু,গোঁয়ার ব্যক্তি
বনভোজন,প্রাকৃতিক পরিবেশে আহার
বন্ধ্যাসূত,অসম্ভব বস্তু
বমভোলা,উদাসীন ব্যক্তি
বয়ঃসন্ধি,কৈশোর ও যৌবনের মিলনকাল
বয়স হওয়া,সাবালক হওয়া
বয়সের গাছ পাথর নাই,অতিবৃদ্ধ
বয়সোচিত,বয়সের উপযুক্ত
বয়ে যাওয়া,চরিত্র নষ্ট হওয়া
বরখেলাপ,বিরুদ্ধাচরণ
বরগা গোনা,বৃথা সময় নষ্ট করা
বরনারী,সর্বগুণান্বিতা নারী
বরন্তী,বিয়ের প্রশিক্ষিতা নারী
বরপুত্র,দেবতার অনুগৃহীত ব্যক্তি
বরফট্টাই,বৃথা অহঙ্কার
বরবর্ণিনী,সুন্দরী ভার্যা
বর্বর,পশুবৎ আচরণকারী
বরবাদ,সম্পূর্ণ পণ্ড
বরমাল্য,বিজয়জ্ঞাপক মালা
বরাখুরে,কু-লক্ষণাক্রান্ত
বরাঙ্গনা,শ্রেষ্ঠা নারী
বরাতজোর,ভাগ্যের আনুকূল্য
বরাহতনয়,শুয়োরের বাচ্চা
বরের ঘরের পিসি কনের ঘরের মাসি,দুপক্ষের স্বার্থ রক্ষাকারী
বর্ণচোরা,কপট ব্যক্তি
বর্ণচোরা আম,আসল পরিচয় গোপনকারী
বর্ণচোরা ঠাকুর,শ্রীকৃষ্ণ
বর্ণনাপত্র,লিখিত বিবরণ
বর্ণপরিচয়,প্রাথমিক জ্ঞান
বর্ণজ্ঞানহীন,নিরক্ষর
বর্ণবিদ্বেষ,জাতিগত ঘৃণা
বর্ণসঙ্কর,অকুলীন ব্যক্তি
বর্ণহিন্দু,উচ্চবর্ণের হিন্দু
বর্ণাশ্রম,চার বর্ণের শ্রেণিবিন্যাস
বর্ণে বর্ণে,পুরোপুরি
বর্ষার ছাতি,অতি প্রয়োজনীয় জিনিস
বলই-না-ছাই,যেকোনো কথা বলা
বলদ,বুদ্ধিহীন
বলভরসা,সহায় ও সম্বল
বলা-কওয়া,পূর্বস্থির জ্ঞাপন
বলাবলি,আলাপ আলোচনা
বলিদান,মহৎ কাজে উৎসর্গ
বলিরেখা,বৃদ্ধ বয়সের কুঞ্চন
বলির পাঁঠা,শোচনীয় অবস্থায় পতিত
বলিয়ে কইয়ে,বাকপটু ব্যক্তি
বলিহারি যাওয়া,উৎকৃষ্টতায় হেরে যাওয়া
বলে আসা,সংবাদ দিয়ে আসা
বলে কয়ে,অনুরোধ করে বলা
বলে রাখা,আগে থেকে অনুমতি নেওয়া
বল্লালী বালাই,কৌলীন্য প্রথা
বশংবদ,একান্ত অনুগত
বসন্তের কোকিল,সুদিনের বন্ধু
বসন্তের সখা,কোকিল
বসতে পেলে শুতে চাওয়া,আবদার বাড়ানো
বসবাস,স্থায়ী বাস
বসা,কাজ শুরু হওয়া
বসিয়ে দেওয়া,সর্বনাশ করা
বসুকীট,কৃপণ ব্যক্তি
বসুধারা,অনুষ্ঠানে সিঁদুরবিন্দু
বসুধৈব কুটুম্বকম,জগতজোড়া পরিবার
বসুন্ধরা,পৃথিবী
বসে খাওয়া,সঞ্চিত অর্থ ভেঙে খাওয়া
বসে থাকা,বেকার থাকা
বসে পড়া,হতাশ হওয়া
বসে বসে,নিষ্কর্মা থাকা
বসে বসে লেজ নাড়া,অলসভাবে সময় কাটানো
বসে যাওয়া,শুকিয়ে যাওয়া
বস্তাপচা,জীর্ণ পুরানো
বস্তুনিষ্ঠ,বাস্তবের প্রতি বিশ্বস্ত
বহাল তবিয়ত,প্রফুল্ল মেজাজ
বহুদর্শী,অত্যন্ত অভিজ্ঞ
বহুবল্লভ,বহুরমণীর প্রিয়
বহুভাগ্য,প্রসন্ন অদৃষ্ট
বহুরূপী,বর্ণচোরা ব্যক্তি
বহ্বারম্ভে লঘুক্রিয়া,আড়ম্বরে সামান্য ফল
বাঁইবাঁই,জোরে ঘোরার ভাব
বাঁকা,অসম্মত হওয়া
বাঁকা কথা,কুটিল কথা
বাঁকাচক্ষু,ঈর্ষাপরায়ণ দৃষ্টি
বাঁকাচোরা,বাঁকানো পথ
বাঁকাপথ,কুটিল উপায়
বাঁকাবুদ্ধি,কুটিল বুদ্ধি
বাঁকামুখে সরলকথা,অবিশ্বাসযোগ্য কথা
বাঁচন-মরণ,অস্তিত্ব রক্ষা
বাঁচার মতো বাঁচা,যোগ্য জীবন ধারণ
বাঁচোয়া,বিপদ থেকে রক্ষা
বাঁটকুল,খর্বকায় ব্যক্তি
বাঁদর,অশোভন আচরণকারী
বাঁদর নাচ,তিতিবিরক্ত করা
বাঁদুরে বুদ্ধি,কুবুদ্ধি
বাঁধাগৎ,একঘেয়ে কাজ
বাঁধাছাঁদা,ভালো বাঁধার কাজ
বাঁধা ধরা,নিয়মবদ্ধ
বাঁধাবুলি,অপরিবর্তিত বক্তব্য
বাঁশ ডলা,যন্ত্রণা দেওয়া
বাঁশ দেওয়া,ক্ষতি করা
বাঁশবনে ডোম কানা,বেছে নিতে অপারগ
বাঁশের চেয়ে কঞ্চি দড়,অনুচরের অতিরিক্ত লাফানি
বাঁ হাতের খেল,অতি সহজ কাজ
বাইরে কোঁচার পত্তন ভিতরে ছুঁচোর কেত্তন,বাইরে বাবুগিরি ঘরে অভাব
বাউণ্ডুলে,অকর্মণ্য ব্যক্তি
বাউলের গরু,বাউলের গৃহিণী
বাওয়া ডিম,অবাচনীয় ডিম
বাকতাল্লা,অসার দম্ভোক্তি
বাকপটু,কথা বলতে দক্ষ
বাকপারুষ্য,কটূক্তি
বাকপ্রণালী,কথা বলার রীতি
বাকপ্রপঞ্চ,কথার হেঁয়ালি
বাকবিতণ্ডা,কথা কাটাকাটি
বাকরোধ,কথা বলার শক্তি লোপ
বাকসর্বস্ব,কথায় ওস্তাদ কাজে অপদার্থ
বাকসিদ্ধ,কথা সত্য হওয়া
বাকস্ফূর্তি,কথা বার হওয়া
বাক্যনবাব,বাচাল ব্যক্তি
বাক্যবাণ,মর্মভেদী কথা
বাক্যব্যয়,শব্দ উচ্চারণ
বাক্যালাপ,আলাপ আলোচনা
বাগ্জাল,কথার ফাঁদ
বাগড়া,কাজে বাধা
বাগ্দত্তা,বিবাহের প্রতিশ্রুতি পাত্রী
বাগযুদ্ধ,কথার তর্ক
বাগাড়ম্বর,ফাঁকা কথার ঘটা
বাগানো,কৌশলে আত্মসাৎ
বাগে পাওয়া,আয়ত্তে আনা
বাঘ,প্রভাবশালী ব্যক্তি
বাঘথাবা,বিস্তৃত করতল
বাঘা-বাঘা,প্রবল পরাক্রান্ত
বাঘাহামা,বড় হামাগুড়ি
বাঘিনী,উগ্রা নারী
বাঘে গরুতে এক ঘাটে জল খাওয়া,শান্তি বিরাজ করা
বাঘে-গরুতে সম্পর্ক,চিরশত্রুতা
বাঘে ছুঁলে আঠারো ঘা,বিপজ্জনক সংস্রব
বাঘের আড়ি,প্রবল জেদ
বাঘের আবার গোবধ,দোষনীয় নয়
বাঘের গায়ে নামাবলী,কপট ধার্মিক
বাঘের ঘরে ঘোগের বাসা,শক্তিশালীর গৃহে গোপন অবস্থান
বাঘের চক্ষুলজ্জা,কপট লজ্জা
বাঘের দুধ,দুস্প্রাপ্য বস্তু
বাঘের দৃষ্টি,তীক্ষ্ণ দৃষ্টি
বাঘের পাছায় ঘা,নিজ দোষে বিপদ বাড়ানো
বাঘের পিছনে ফেউ লাগা,উত্ত্যক্ত করা
বাঘের পিঠে চড়া,বিপজ্জনক কাজে জড়ানো
বাঘের বাচ্চা,সাহসী ছেলে
বাঘের মাসি,আরামপ্রিয় ব্যক্তি
বাঙলা করে বলা,সরল ভাষায় বলা
বাংলার পাঁচ,গম্ভীর মুখো
বাঙালের গোঁ,মাত্রাতিরিক্ত জেদ
বাচস্পতি,বাকপটু ব্যক্তি
বাচ্চা-কাচ্চা,ছোট ছেলেমেয়ে
বাছবিচার,গুণ-দোষ নির্বাচন
বাছাবাছা,সেরা নির্বাচিত
বাছের বাছ,উত্তমোত্তম
বাজখাঁই গলা,কর্কশ কণ্ঠস্বর
বাজার বসা,হট্টগোল হওয়া
বাজার গরম,উত্তেজনামূলক পরিস্থিতি
বাজার চড়া,মূল্যবৃদ্ধি
বাজার নরম,চাহিদা কমা
বাজারি মেয়েছেলে,মন্দচরিত্রের নারী
বাজারে পড়তে পায় না,ব্যাপক চাহিদা
বাজি,জীবনের খেলা
বাজিকর,যাদুকর
বাজিভোর,খেলার নিষ্পত্তি
বাজিমাত,প্রতিযোগিতায় জয়
বাজি মারা,ঝুঁকি নিয়ে সাফল্য
বাজিয়ে দেখা,পরখ করা
বাজে কথা,অপ্রাসঙ্গিক কথা
বাজে খরচ,অনাবশ্যক খরচ
বাজে জিনিস,অকেজো জিনিস
বাজেলোক,সম্পর্কহীন লোক
বাঞ্ছাকল্পতরু,ইচ্ছা পূর্ণকারী
বাঞ্ছারাম,কামনা সিদ্ধকারী
বাটপাড়,প্রতারক লুটেরা
বাড় বাড়া,স্পর্ধা দেখানো
বাড়ন্ত,বৃদ্ধিশীল
বাড়ববহ্নি,সমুদ্রগর্ভের অগ্নি
বাড়বাড়ন্ত,অত্যন্ত শ্রীবৃদ্ধি
বাড়াবাড়ি,প্রকোপ বৃদ্ধি
বাড়াভাতে কুটুম্ব,ভোগের সময় আত্মীয়
বাড়াভাতে ছাই,ফলপ্রাপ্তিতে বাধা
বাড়া ভাতে নেড়া গিন্নী,সিদ্ধকাজের ভাগীদার
বাত মারা,গালভরা কথা বলা
বাতাস,প্রভাব
বাতাস কাড়া,প্রভাব খর্ব করা
বাতাস খাওয়া,মুক্তবায়ু উপভোগ করা
বাতাস দেওয়া,উত্তেজনা বাড়ানো
বাতাস লাগা,অপদেবতার প্রভাব পড়া
বাতাসকে আঘাত করা,নিষ্ফল প্রচেষ্টা
বাতাসী,ছিপছিপে নারী
বাতাসে ওড়া,প্রচণ্ড উৎফুল্ল হওয়া
বাতাসের সাথে ঝগড়া করা,অকারণে বিবাদ করা
বাতেলা,বড় বড় কথা
বাদবাকি,অবশিষ্ট
বাদসাদ,কিছু পরিমাণে বাদ
বাদ সাধা,বিঘ্ন সৃষ্টি করা
বাদবিসম্বাদ,প্রবল তর্কাতর্কি
বাদুড়চোষা,নীরস করে ফেলা
বাদুড়ঝোলা,ঝুলন্ত অবস্থা
বাদুড়ের মতো অন্ধ,স্পষ্ট দেখতে না পাওয়া
বাধানিষেধ,নানা অন্তরায়
বাধাবিপত্তি,নানা ঝামেলা
বাধোবাধো,কুণ্ঠাযুক্ত
বানচাল,সম্পূর্ণ নষ্ট
বানপ্রস্থ,প্রৌঢ় বয়সে সংসার ত্যাগ
বানর,কদাকার ব্যক্তি
বানরকে কলা দেখানো,লোভ দেখিয়ে কাজ করানো
বানরনাচ,উৎকট দুর্ভোগ
বানরের গলায় মুক্তার হার,অযোগ্যের হাতে মূল্যবান জিনিস
বানরের সম্পত্তি গালে,অর্জিত আয় খরচ করা
বানিয়া,মাত্রাতিরিক্ত সতর্ক ব্যবসায়ী
বানুরে বুদ্ধি,কুবুদ্ধি
বানের জলে ভেসে আসা,অযাচিত প্রাপ্তি
বানের জলে ভেসে যাওয়া,সর্বনাশ হওয়া
বান্দা,অনুগত ব্যক্তি
বাপকেলে,পৈত্রিক
বাপ খেদানো মায়ে তাড়ানো ছেলে,সম্পূর্ণ অনাদৃত
বাপ-চোদ্দপুরুষ তোলা,পূর্বপুরুষের নামে গালিগালাজ
বাপ-ঠাকুর,ব্রাহ্মণের প্রতি সম্ভ্রম
বাপ-দাদার আমল,প্রাচীনকাল
বাপ তোলা,বাপের নামে গালিগালাজ
বাপ বলা,বশ্যতা স্বীকার করা
বাপ-বাপান্ত,বাপের নামে গালিগালাজ
বাপ-মা মরা দায়,বিশেষ দায়
বাপকা বেটা,যোগ্য পিতার যোগ্য পুত্র
বাপরে বাপ,আর্তনাদ
বাপান্ত,চরম গালিগালাজ
বাপের কালে,কখনো না
বাপের বেটা,সাহসী ছেলে
বাপের সাধ্য নেই,অসম্ভব
বাপেরও বাপ আছে,কেউ অজেয় নয়
বাবুমশাই,সম্ভ্রমসূচক সম্বোধন
বাবু হয়ে বসা,আরামে বসা
বামণ গেল ঘর তো লাঙল তুলে ধর,মালিকের অনুপস্থিতিতে ফাঁকি
বামণাই,ব্রাহ্মণত্বের গর্ব
বামণের গরু,কম খরচে বেশি ফল
বামন হয়ে চাঁদে হাত,অযোগ্যের অসম্ভব চেষ্টা
বামপক্ষ,বিরোধীপক্ষ
বামপন্থা,প্রগতিবাদী মত
বামাল,অপহৃত দ্রব্য
বামুন ঠাকুর,পুরোহিত ব্রাহ্মণ
বায়নাক্কা,খুঁটিনাটি বিবরণ
বায়ুপরিবর্তন,স্বাস্থ্য উদ্ধারের জন্য স্থান পরিবর্তন
বায়ুরোগ,উন্মাদ রোগ
বারফটকা,পতিতালয়ে যাওয়া পুরুষ
বারফট্টাই,বৃথা আস্ফালন
বারবণিতা,গণিকা
বারমুখো,পতিতালয়ে যাওয়া পুরুষ
বার সতেরো,নানা খুঁটিনাটি
বারোটা বাজা,বিকল হওয়া
বারোভাতারি,চরিত্রহীনা নারী
বারোভূত,চোর বদমাইশের দল
বারোভূতের কারবার,চরম বিশৃঙ্খলা
বারোমাস,সর্বক্ষণ
বারোমাসে তেরোপার্বণ,উৎসবের আধিক্য
বারোয়ারী,অনেকের সহযোগিতায় অনুষ্ঠিত
বারোহাত কাঁকুড়ের তেরোহাত বীচি,মাত্রাতিরিক্ত দীর্ঘ
বালক,অনভিজ্ঞ ব্যক্তি
বালখিল্য,নিতান্ত শিশু
বালবাচ্চা,সন্তানসন্ততি
বালাই,ঝামেলা
বালাই নিয়ে মরা,প্রিয়জনের বিপদ নিজে বহন
বালাই ষাট,অমঙ্গল খণ্ডন
বালিহীন বালিয়াড়ী,অসম্ভব ব্যাপার
বালির বাঁধ,ক্ষণস্থায়ী প্রতিরোধ
বাসরঘরে বিড়াল মারা,সঙ্কট অঙ্কুরে বিনষ্ট করা
বাসরজাগানি,বাসরে জাগরণের প্রাপ্য
বাসাবাড়ি,ভাড়াটে বাড়ি
বাস্তুঘুঘু,ধূর্ত ক্ষতিকারী
বাস্তুভিটা,পৈত্রিক বাসভূমি
বাহন,অনুচর
বাহাত্তুরিয়া,বলবুদ্ধিহীন বৃদ্ধ
বাহাত্তুরে দশা,বুদ্ধিলোপ
বিঁধিয়ে বিঁধিয়ে কথা বলা,মর্মভেদী কথা বলা
বিকারীরোগীর জলপান,অতৃপ্ত বাসনা
বিক্রমপুর পাঠানো,বিক্রয় বা নষ্ট করা
বিগলিত চিত্তে,আবেগে গদগদ
বিচারে এড়া আচারে বাড়া,যুক্তিরহিত আচার
বিচিবিচি,অত্যন্ত কঠিন
বিচিকিচ্চি,চিকিৎসার বাইরে
বিচুটির জ্বালা,তীব্র যন্ত্রণা
বিচ্ছু,ধূর্ত ক্ষতিকারী
বিছার কামড়ের জ্বালা,তীব্র অনুতাপ
বিটকাল,কদাকার
বিড়বিড় করা,অস্পষ্ট কথা বলা
বিড়াল ডাকা,বিদ্রুপাত্মক ধ্বনি
বিড়ালতপস্বী,কপট ধার্মিক
বিড়াল থলির বাইরে,গোপন তথ্য ফাঁস
বিড়াল বৈরাগ্য,ক্ষণস্থায়ী বাসনা
বিড়াল লাড়ালাড়ি,বারবার স্থানান্তর
বিড়ালের আড়াই পা,ক্ষণিক রাগ
বিড়ালের গলায় ঘণ্টা বাঁধা,বিপজ্জনক কাজের ঝুঁকি
বিড়ালের পেচ্ছাবে আছাড় খাওয়া,বিশ্রীভাবে বিপদগ্রস্ত
বিড়ালের ভাগ্যে শিকে ছেঁড়া,ভাগ্যক্রমে সুযোগ
বিতিকিচ্ছিরি,উৎকট বিশ্রী
বিদুরের শাকান্ন,শ্রদ্ধাপূর্ণ নিকৃষ্ট আহার
বিদ্যাদিগ্‌গজ,মহামূর্খ
বিদ্যা ফলানো,বিদ্যা জাহির করা
বিদ্যায় বৃহস্পতি,অল্পজ্ঞানী
বিদ্যার জাহাজ,মহামূর্খ
বিদ্যাশূন্য ভট্টাচার্য,অশিক্ষিত ব্রাহ্মণ
বিদ্যুৎগতি,অতি দ্রুতগতি
বিধবার একাদশী,কাজে প্রশংসাহীন অবস্থা
বিধি,ঈশ্বর
বিধিনিষেধ,নিয়মের বন্ধন
বিধি বাম,ভাগ্য প্রতিকূল
বিধির বিড়ম্বনা,ভাগ্যের ছলনা
বিধিলিপি,ভাগ্যের লিখন
বিধির বিপাক,দৈবদুর্ঘটনা
বিনা বাক্যব্যয়ে,কথা না বলে
বিনামেঘে বজ্রপাত,আকস্মিক বিপদ
বিনামেঘে বর্ষণ,অপ্রত্যাশিত লাভ
বিনাশকালে বুদ্ধিনাশ,বৃদ্ধবয়সে হতবুদ্ধি
বিনাশকালে হরিনাম,বিপদে ঈশ্বরের আকুতি
বিন্দুবিসর্গ,অতি সামান্য
বিন্দুতে সিন্ধুজ্ঞান,সামান্যকে বিশাল কল্পনা
বিন্দেদূতী,গুপ্তপ্রেমের দূতী
বিপদআপদ,নানা ঝামেলা
বিপদকালে বুদ্ধিনাশ,সঙ্কটে দিশেহারা
বিপদকালে হরিনাম,সঙ্কটে ঈশ্বরের নির্ভর
বিবিয়ানা,বিলাসী অনুকরণ
বিবিজান,প্রেয়সী নারী
বিভীষণ,ঘরের শত্রু
বিমাতৃ-সুলভ,উপেক্ষাযুক্ত
বিমুখ,প্রতিকূল
বিয়ে-পাগলা,বিয়েতে ব্যাকুল
বিয়ে-শাদি,বিবাহ
বিয়ের আগে বাজনা,কারণের আগে কাজ
বিয়ের ফুল ফোটা,বিয়ের সম্ভাবনা
বিরাট সুড়ঙ্গের শেষে আলো দেখতে পাওয়া,বিপদমুক্তি
বিরাশি সিক্কার ওজন,বিপুল ভার
বিরাশি সিক্কা ওজনের চড়,প্রচণ্ড চপেটাঘাত
বিলকুল,সম্পূর্ণ
বিশবাঁও জলে,চরম বিপাক
বিষ,বিরক্তিকর ব্যক্তি
বিষকুম্ভ,হিংসাভরা মন
বিষচক্ষু,কুনজর
বিষদাঁত,ক্ষতির শক্তি
বিষদৃষ্টি,বিদ্বেষপূর্ণ দৃষ্টি
বিষনজরে পড়া,বিরাগভাজন হওয়া
বিষ নেই কুলোপানা চক্কর,অক্ষমের বৃথা আস্ফালন
বিষবৃক্ষ,অনিষ্টকারী ব্যক্তি
বিষম খাওয়া,শ্বাসবন্ধ হওয়ার উপক্রম
বিষয়-আশয়,ধনসম্পদ
বিষয়বুদ্ধি,সাংসারিক জ্ঞান
বিষে বিষে বিষক্ষয়,শত্রু দিয়ে শত্রু নাশ
বিষের পুঁটুলি,হিংসুঁটে মন
বিসমিল্লায় গলদ,শুরুতেই ভুল
বিস্বাদ,আকর্ষণশূন্য
বীর বক্কেশ্বর,মুখে বীরত্ব প্রকাশ
বীরাঙ্গনা,বীর্যবতী নারী
বুক কাঁপা,ভয় পাওয়া
বুক চড়চড় করা,হিংসায় বুক ফাটা
বুক চাপড়ানো,হাহুতাশ করা
বুক চিতানো,সাহস প্রকাশ
বুক চিতিয়ে চলা,সাহসে অগ্রসর হওয়া
বুক ঢিপঢিপ করা,হৃৎকম্প বাড়া
বুক দশহাত হওয়া,গর্বিত হওয়া
বুক দিয়ে পড়া,সর্বান্তঃকরণে সাহায্য
বুক ধড়ফড় করা,ভয়ে হৃৎকম্প বাড়া
বুক পাতা,কষ্ট সহ্যের প্রস্তুতি
বুক ফাটা,প্রচণ্ড দুঃখ
বুক ফাটে তো মুখ ফোটে না,গোপন কথা বলতে না পারা
বুক ফুলানো,গর্ব প্রকাশ
বুক বাঁধা,সাহসে ভরা
বুক বাড়া,সাহস বৃদ্ধি
বুক ভাঙা,মর্মান্তিক কষ্ট
বুক শুকানো,নিরুৎসাহ বোধ
বুকে চড়া,আক্রমণ করা
বুকে ঢেঁকির পাড় পড়া,তীব্র আতঙ্ক
বুকে পিঠে করা,অত্যন্ত যত্নে লালন
বুকে বসে দাড়ি ওপড়ানো,আশ্রয়দাতার ক্ষতি
বুকে বাঁশ ডলা,কঠিন শাস্তি দেওয়া
বুকে হাত দিয়ে বলা,আন্তরিকভাবে বলা
বুকের পাটা,সাহস
বুকের রক্ত চুষে খাওয়া,চরম নির্যাতন
বুকের রক্ত দেওয়া,প্রাণ দেওয়া
বুজরুক,ভণ্ড ব্যক্তি
বুঝাপড়া,সমঝোতা
বুঝাবুঝি,পরস্পরের মনোভাব জানা
বুঝাসুঝা,বুদ্ধি দিয়ে বিচার
বুড়বাক,নিরেট বোকা
বুড়ি ছোঁয়া,নামমাত্র নিয়মপালন
বুড়িতে চতুর কাহনে কানা,অল্প খরচে বেশি নজর
বুড়ো আঙুল,ফাঁকি
বুড়ো আঙুল দেখানো,প্রতারণা করা
বুড়োখোকা,শিশুসুলভ বৃদ্ধ
বুড়ো থুত্থুড়ো,অতি বৃদ্ধ
বুড়োধাড়ি,অকর্মণ্য বৃদ্ধ
বুড়োফাৎনা,অশ্রদ্ধেয় বৃদ্ধ
বুড়োবয়সে ধেড়ে রোগ,বৃদ্ধবয়সে সৌখিনতা
বুড়োবাঁদর,নির্বুদ্ধি বৃদ্ধ
বুড়োভাম,ধান্ধাবাজ বৃদ্ধ
বুড়োমড়া,মরণোন্মুখ বৃদ্ধ
বুড়োময়না,কুপরামর্শদাত্রী নারী
বুড়োশালিকের ঘাড়ে রোঁ,বুড়োবয়সে যুবাসাজ
বুড়ো হাড়ে ভেলকি,অভিজ্ঞতার চমক
বুড়োহাবড়া,কাণ্ডজ্ঞানহীন বৃদ্ধ
বুদ্ধিতে বৃহস্পতি,অল্পবুদ্ধি
বুদ্ধির গোড়ায় ধোঁয়া দেওয়া,চিন্তাশক্তি বাড়ানো
বুদ্ধির ঢেঁকি,নিরেট মূর্খ
বুদ্ধিশুদ্ধি,জ্ঞানবুদ্ধি
বুনো ওল-বাঘা তেঁতুলসম্পর্ক,চিরশত্রুতা
বুনোহাঁসের পিছনে ছোটা,অনিশ্চিতের পিছনে দৌড়ানো
বুমেরাঙ,আত্মঘাতী কর্ম
বুরা,খারাপ
বুর্জুয়া,প্রাচীনপন্থি মধ্যবিত্ত
বুর্বাক,বুদ্ধিহীন
বুলি আওড়ানো,বাঁধা কথা বলা
বৃদ্ধাঙ্গুষ্ঠ দেখানো,প্রতারণা করা
বৃন্দেদূতী,গুপ্তপ্রেমের দূতী
বৃন্দাবন,যৌবনের উপবন
বৃশ্চিক দংশনজ্বালা,তীব্র অনুতাপ
বৃষ্টিবাদল,বর্ষাকাল
বৃহন্নলা,পুরুষত্বহীন
বেঁকে দাঁড়ানো,অসম্মত হওয়া
বেঁচে বর্তে থাকা,কোনোরকমে বেঁচে থাকা
বেঁটেখাটো,খর্বাকৃতি
বেঁটে বঙ্কু,খর্ব কুটিল ব্যক্তি
বেঁড়ে ওস্তাদ,মুখে বাহাদুরি
বেঁড়েকে চমরা বলা,হীনকে তোষামোদ
বেকুব,মূর্খ
বেগড়বাই করা,ঝামেলা করা
বেগার খাটা,বিনা পারিশ্রমিকে কাজ
বেগুনে আগুন,দুর্মূল্যের বাজার
বেঘোর,ভীষণ সঙ্কট
বেচারাম,সম্পত্তি বিক্রেতা
বেটাচ্ছেলে,নচ্ছার লোক
বেটাবেটি,অনাদৃত নরনারী
বেঢপ,কদাকার
বেড়া-আগুন,মহাসঙ্কট
বেড়াজাল,নিয়মের বন্ধন
বেড়া নেড়ে গৃহস্থের মন জানা,ইঙ্গিতে অভিপ্রায় জানা
বেড়ার ওপর বসা,দ্বিধাগ্রস্ত অবস্থা
বেতালা,অনুপযুক্ত
বেতো ঘোড়া,অথর্ব ব্যক্তি
বেদবাক্য,অলঙ্ঘনীয় উক্তি
বেদে-কোরানে আছে,শাস্ত্রের দোহাই
বেদম,মৃতপ্রায়
বেধড়ক,নির্বিচারে
বেনাবনে মুক্তা ছড়ানো,অপাত্রে উপদেশ দান
বেনে,সতর্ক ব্যবসায়ী
বেনোজল,দূষিত জল
বেপরোয়া,ভয়ডরহীন
বেফাঁস কথা,অনুচিত কথা
বেবাক,সম্পূর্ণ
বেমক্কা,অসঙ্গত
বেয়াইয়ের বাপের শ্রাদ্ধ,অনর্থক অর্থব্যয়
বেলতলা,এখান-ওখান
বেল পাকলে কাকের কি,অক্ষমের বৃথা আগ্রহ
বেলা করা,দেরি করা
বেলা পড়া,বিকাল হওয়া
বেলা ফুরানো,জীবন শেষ হওয়া
বেলা বাড়া,দুপুর হওয়া
বেলাবেলি,দিন থাকতে
বেলা যাওয়া,আয়ু শেষ হওয়া
বেলা হওয়া,দেরি হওয়া
বেলেল্লাপনা,উচ্ছৃঙ্খল আচরণ
বেশভূষা,আড়ম্বরপূর্ণ সজ্জা
বেহদ্দ,সীমাহীন
বেহদ্দ বেহায়া,অতি নির্লজ্জ
বেহিসাবি,অপরিণামদর্শী
বেহেড,মতিভ্রষ্ট
বৈজয়ন্তীমালা,দীর্ঘ মালা
বৈতরণী পার করা,হত্যা করা
বৈতরণী পার হওয়া,বিপদ থেকে উদ্ধার
বৈরাগ্য,সংসারে অনাসক্তি
বোঁচকাবুঁচকি,যাত্রীর লটবহর
বোকাকান্ত,অতি বোকা
বোঝা,দায়িত্ব
বোঝার উপর শাকের আঁটি,ভারের উপর অতিরিক্ত ভার
বোড়ে চালা,কৌশল প্রয়োগ
বোতলের বন্ধু,মাতালের বন্ধুত্ব
বোধশোধ,জ্ঞানবুদ্ধি
বোনাফাইড,খাঁটি
বোবাকান্না,চাপা কান্না
বোমকে যাওয়া,হতচকিত হওয়া
বোমবাস্টিক,শব্দাড়ম্বরপূর্ণ
বোলচাল,কথাবার্তা ও আচরণ
বোলতার চাকে খোঁচা দেওয়া,শত্রুকে উত্তেজিত করা
বোলবোলা,প্রভাব
বোলাবুলি,বাকবিতণ্ডা
বোহিমিয়ান,ভবঘুরে
ব্যক্তিমানুষ,পৃথক সত্তাবিশিষ্ট
ব্যঘ্রচর্মাবৃত গর্ধভ,চালাকের বেশে মূর্খ
ব্যতিব্যস্ত,অতি ব্যস্ত
ব্যস্তবাগীশ,তড়তড়ে ব্যক্তি
ব্যস্তসমস্ত,অতিব্যস্ততা
ব্যাঙ খিঁচানি,নিরীহকে গঞ্জনা
ব্যাঙ মারতে তীরধনুক,তুচ্ছ কাজে বিরাট আয়োজন
ব্যাঙর ব্যাঙর করা,বিরক্তিকর বকবক
ব্যাঙের আধুলি,দরিদ্রের সামান্য সম্পদ
ব্যাঙের ছাতা,আকস্মিক বৃদ্ধি
ব্যাঙের লাথি,নগণ্যের কটূক্তি
ব্যাঙের সর্দি,ভণ্ডামি
ব্যঙ্গোক্তি,ব্যাঞ্জনাপূর্ণ উক্তি
ব্যাজস্তুতি,নিন্দাচ্ছলে স্তুতি
ব্রহ্মচুল,টিকি
ব্রহ্মডাঙা,অনুর্বর জমি
ব্রহ্মতালু,মাথার টাক
ব্রহ্মাস্ত্র,মোক্ষম অস্ত্র
ব্রাহ্মমুহুর্ত,সূর্যোদয়ের পূর্ববর্তী সময়
ভক্তদাস,পরান্নে প্রতিপালিত ব্যক্তি
ভক্তবিটেল,কপট ভক্ত
ভক্তের জন্য ভগবান,ঈশ্বর ভক্তকে রক্ষা করে
ভগার মার দুনিয়ার বার,দৈবের শাসন খণ্ডানো অসম্ভব
ভগ্নদূত,পরাজয়ের খবর বহনকারী দূত
ভঙ্গ দেওয়া,পলায়ন করা
ভজনভাজন,স্বার্থের জন্য ভুল বোঝানো
ভট্টাচায্যির পুঁথি,প্রিয় বা প্রয়োজনীয় জিনিস
ভণ্ড তপস্বী,কপট ধার্মিক
ভদ্রতার বালাই,সাধারণ সৌজন্য
ভবঘুরে,গৃহহীন ঘুরে বেড়ানো লোক
ভবনদী,সংসাররূপ নদী
ভবপার,সংসার থেকে মুক্তি
ভব পারাপাব,সংসাররূপ সমুদ্র
ভবলীলা সাঙ্গ,মৃত্যু
ভবি ভোলবার নয়,সহজে ভোলানো যায় না এমন
ভবের খেয়া,সংসার
ভবের বাজিভোর,মৃত্যু
ভয়ে কেঁচো,ভয়ে জড়সড় অবস্থা
ভয়ে পিঁপড়ের গর্তে লুকানো,ভয় না পাওয়ার উক্তি
ভয়ে ভক্তি,দণ্ডের ভয়ে ভক্তি
ভয়ে ভয়ে,ত্রস্তভাবে
ভর দুপুর,ঠিক দুপুর
ভরমের টাটি,সম্ভ্রমের আবরণ
ভরযুবতী,পূর্ণযৌবনা নারী
ভরাডুবি,সর্বনাশ
ভরা পেটে মণ্ডা তেতো,তৃপ্তিতে ভালো জিনিসও মন্দ লাগা
ভরাভরতি,ভাগ্যের সুপ্রসন্নতা
ভল্লুকজ্বর,ক্ষণস্থায়ী অসুস্থতা
ভস্মকীট,অতিক্ষুধাযুক্ত ব্যক্তি
ভস্মে ঘি ঢালা,নিষ্ফল প্রচেষ্টা
ভাঁটা পড়া,পতনের দিকে গতি
ভাঁটীগাঙের নাইয়া,প্রৌঢ় ব্যক্তি
ভাঁড়ে মা ভবানী,নিঃস্ব অবস্থা
ভাঁড়ের হ্যাণ্ডেল,অতিরিক্ত আড়ম্বর
ভাঁড়ের কলসি,স্বার্থসিদ্ধির উপায়
ভাই বেরাদর,আত্মীয়সজন
ভাই ভাই ঠাঁই ঠাঁই,লাঠালাঠি সম্পর্ক
ভাই লক্ষ্মণ,আদর্শ ভাই
ভাইয়ের ভাত ভাজের হাত,ভাইয়ের অন্নে বৌয়ের কর্তৃত্ব
ভাংচি দেওয়া,কুপরামর্শ দিয়ে নিরস্ত করা
ভাগবাটোয়ারা,অংশে বণ্টন
ভাগের মা গঙ্গা পায় না,বণ্টনে অংশ না পাওয়া
ভাগনে কানাই,লম্পট ব্যক্তি
ভাগাড়ে গরু পড়া,লোভে ভিড় করা
ভাগ্যক্রমে,সৌভাগ্যবশত
ভাগ্য দোষে,দুর্ভাগ্যবশত
ভাগ্যলিপি,অদৃষ্টের লিখন
ভাগ্যিস,কপালজোরে
ভাগ্যে শিকে ছেঁড়া,সৌভাগ্য লাভ
ভাঙচুর,ভেঙে গুঁড়িয়ে দেওয়া
ভাঙন,পতনের সূত্রপাত
ভাঙা কপাল,দুর্ভাগ্য
ভাঙা কপাল জোড়া লাগা,সুসময় আসা
ভাঙাকাঁচ জোড়া লাগা,মনোমালিন্যের পর মিলন
ভাঙা কাঁসর বাজা,অস্বস্তিকর কথাবার্তা
ভাঙাকুলো,মূল্যহীন জিনিস
ভাঙা গলা,বিকৃত স্বর
ভাঙাঘর ছেয়ে দেওয়া,অক্ষমকে সাহায্য করা
ভাঙাঘর জোড়া দেওয়া,সংসারের মনোমালিন্য দূর করা
ভাঙাঘরে চাঁদের আলো,গরিবের ঘরে উজ্জ্বল সন্তান
ভাঙাঘরে ভূতের বাসা,অপদার্থের আধিক্য
ভাঙাচোরা,ভেঙে চুরমার
ভাঙানি,খুচরা মুদ্রা
ভাঙাবুক,উৎসাহহীন
ভাঙা ভাঙা,অস্পষ্ট কথা
ভাঙা রেকর্ড বাজানো,একই কথার পুনরাবৃত্তি
ভাঙাহাটের খরিদ্দার,নগণ্য ক্রেতা
ভাঙে তবু মচকায় না,দৃঢ়সঙ্কল্প থেকে বিচ্যুত না হওয়া
ভাজাভাজা,তীব্র শোকানলে দগ্ধ
ভাজাভুজি,সুস্বাদু ভাজা খাদ্য
ভাজা মাছ উলটে খেতে না জানা,নিরীহ ভান করে ধূর্ত ব্যক্তি
ভান্ডার ফোঁড়া,গুপ্ত খবর প্রকাশ
ভাত-কাপড়,খাওয়া-পরার ব্যবস্থা
ভাত ছড়ালে কাকের অভাব হয় না,পয়সা থাকলে অনুচরের অভাব নেই
ভাতার-কামড়া,স্বামীর উপর প্রতিপত্তিশালী নারী
ভাতারখাকি,স্বামীর মৃত্যুর জন্য দায়ী নারী
ভাতারখোর,স্বামী ছেড়ে অন্য পুরুষের কর্তৃত্ব গ্রহণকারী নারী
ভাতারনড়,এক স্বামী ছেড়ে অন্য স্বামী গ্রহণকারী নারী
ভাতারপুতের মাথা খাওয়া,পতি-পুত্রহীনা হওয়া
ভাতাসি,অতিভোজনে অরুচি
ভাতুড়ে,পরের অন্নে পালিত
ভাতে মারা,জীবিকার পথ বন্ধ করা
ভাতে নয় পাতে মারা,জাতিচ্যুত করা
ভাদুরে তাল,প্রচণ্ড কিল
ভানুমতীর খেল,অবিশ্বাস্য ঘটনা
ভাবগতিক,আচরণ বা অভিপ্রায়
ভাবের ঘরে চুরি,আসল উদ্দেশ্য পণ্ড করা
ভালোমানুষ,নিরীহ ও সৎ ব্যক্তি
ভালো লাগা,উপভোগ্য বোধ করা
ভালো হওয়া,রোগমুক্ত বা সৎপথে চলা
ভালোয় ভালোয়,নিরাপদে
ভাসানো,সর্বনাশ করা
ভাসাভাসা,যৎসামান্য জ্ঞান
ভাসুর-ভাদ্রবৌ সম্পর্ক,শত্রুসম্পর্ক
ভিক্ষাপুত্র,উপনয়নকালে ভিক্ষা গ্রহণকারী ব্রাহ্মণকুমার
ভিক্ষামা,ভিক্ষা দিয়ে মাতৃস্থানীয় নারী
ভিজা বেড়াল,সাধুর বেশে ভণ্ড
ভিজা ভাতে দই,বিস্বাদ খাদ্য
ভিটা কামড়ে পড়ে থাকা,বাস্তুভূমি ত্যাগ না করা
ভিটেমাটি,পৈত্রিক বাসভূমি
ভিটেমাটি চাটি করা,সর্বাংশে ধ্বংস করা
ভিটায় ঘুঘু চড়ানো,সর্বস্বান্ত করা
ভিড়ভাট্টা,বিরক্তিকর জনসমাবেশ
ভিতর বাইরে এক,অকপট
ভিতরে কপনি উপরে জামা,বাইরে আড়ম্বর ভিতরে ফাঁপা
ভিতরে গরল বাইরে সরল,অন্তরে বিষ বাইরে আমায়িক
ভিতরে ভিতরে,গোপনে
ভিদভিদে,পেটের কথা স্পষ্ট না বোঝা যায় এমন
ভীতু বিড়াল,চরম ভীতু
ভীমমূর্তি,ভীষণদর্শন
ভীমরতি,বার্ধক্যজনিত বুদ্ধিভ্রংশতা
ভীমরুলের চাকে খোঁচা,হিংস্র জনতাকে উত্তেজিত করা
ভীমশব্দ,ভয়ানক শব্দ
ভীষ্মের প্রতিজ্ঞা,অটল সঙ্কল্প
ভীষ্মের শরশয্যা,দীর্ঘকালীন মৃত্যুযন্ত্রণা
ভুঁইফোড়,আভিজাত্যহীন হঠাৎ উদিত ব্যক্তি
ভুঁড়ো শিয়াল,স্থূলকায় ব্যক্তি
ভুক্তভোগী,কৃতকর্মের ফলভোগী
ভুজুংভাজুং দেওয়া,মিথ্যা যুক্তিতে ভুল বোঝানো
ভুরু কোঁচকানো,অবিশ্বাস বা বিরক্তি প্রকাশ
ভুলচুক,নানাপ্রকার ভুল
ভুশুড়ি ভাঙা,প্রচুর খাওয়া
ভুশুণ্ডির কাক,বহুদর্শী বয়োবৃদ্ধ
ভুষ্টিনাশ,অপচয় বা সর্বনাশ
ভুসিমাল,অপদার্থ দ্রব্য
ভূত চাপা,দুষ্টবুদ্ধি মাথায় চাপা
ভূত ছাড়ানো,চারিত্রিক দোষ সংশোধন
ভূত দেখা,অনভিপ্রেত কাউকে দেখে চমকানো
ভূতপূর্ব,প্রাক্তন
ভূত-ভবিষ্যত,অতীত ও বর্তমান
ভূতের নাচ,অনিষ্টকারীদের উৎপাত
ভূতের বাপের শ্রাদ্ধ,বিশৃঙ্খল অনুষ্ঠান
ভূতের বেগার খাটা,অনর্থক পরিশ্রম
ভূতের বোঝা বওয়া,অনাবশ্যক ভার বহন
ভূতের মুখে রামনাম,মন্দের মুখে ভালো কথা
ভূতুড়ে কাণ্ড,যুক্তিহীন আজব ঘটনা
ভূমিশূন্য রাজা,অতি বিলাসী ব্যক্তি
ভূমিকা,শুরু বা সূচনা
ভূরিভূরি,প্রচুর পরিমাণে
ভূলুণ্ঠিত,অপদস্থ ও বিপর্যস্ত
ভূস্বর্গ,কাশ্মীর
ভেটকি মাছের মতো মুখ করা,মুখ বিকৃত করা
ভেড়া,নিরীহ ও নিস্তেজ ব্যক্তি
ভেড়া করে রাখা,সম্পূর্ণ বশে রাখা
ভেড়াকান্ত,আস্ত বোকা
ভেড়ার গোয়ালে আগুন,শুধু হইচই করা
ভেড়ার পাল,অন্ধভাবে অনুসরণকারী গোষ্ঠী
ভেড়ার বেশে নেকড়ে বাঘ,প্রচ্ছন্ন শয়তান
ভেড়ুয়া,কাপুরুষ বা স্ত্রৈণ
ভেতো,ভাত খেতে ভালোবাসে এমন
ভেবাছেকা খাওয়া,হতবুদ্ধি হওয়া
ভেবেচিন্তে,সবদিক বিবেচনা করে
ভেবেভেবে দড়ি হওয়া,দুশ্চিন্তায় শীর্ণ হওয়া
ভেরেণ্ডা ভাজা,অকাজে সময় কাটানো
ভেলায় চড়ে সাগর পার,অসাধ্যসাধন
ভেল্কি লাগা,চমৎকারিত্বে মুগ্ধ হওয়া
ভেস্তে যাওয়া,নষ্ট হওয়া
ভোঁ দৌড়,অতিদ্রুত পলায়ন
ভোঁ ভাঁ,খালি বা ফাঁকা
ভোঁতা কোদালে দিঘি কাটা,অসম্ভব কাজ
ভোগান্তি,নিদারুণ কষ্ট
ভোগীরাম,বাপের সম্পত্তি ভোগকারী
ভোগের আগে প্রসাদ,ফললাভের আগে ফলভোগের ইচ্ছা
ভোজ,বিপুল আহার্য সমাবেশ
ভোজনবিলাসী,খাদ্যে শৌখিন
ভোজবাজি,জাদু বা কেরামতি
ভোম্বলদাস,বোকা লোক
ভোলপালটানো,স্বরূপ বা বেশ পরিবর্তন
ভোলে-ভালা,সাদাসিধে ব্যক্তি
ভ্যাংচানো,মুখবিকৃতি করা
ভ্যাজর-ভ্যাজর,বিরক্তিকর বকবকানি
ভ্যাদা,নির্বোধ ব্যক্তি
ভ্যানতারা,বাজে কথায় বিরক্তি উৎপাদন
ভ্যাবাগঙ্গারাম,নিরেট বোকা
ভ্যালা,বিরক্তিসূচক উক্তি
ভ্রান্তিবিলাস,কল্পিত সুখ
ভ্রামরী মিত্র,স্বার্থের বন্ধু
ভ্রুকুঞ্চন,ভ্রু কোঁচকানো
ভ্রুক্ষেপ,গুরুত্ব দেওয়া
ভ্রুবিলাস,মনোহর ভ্রুকুঞ্চন
মই কাড়া,আশা দিয়ে নিরাশ করা
মই দেওয়া,ক্ষতি করা
মকমকানি,বিরক্তিকর বকবকানি
মক্ষিচুষ,অতি কৃপণ
মখমলের দস্তানায় বজ্রমুষ্টি,কোমলে-কঠোরে অনুশাসন
মগজ খালি,নির্বোধ
মগজ খালি করা,ক্রমাগত বকবক করা
মগজ খেলানো,বুদ্ধি খাটানো
মগজ ধোলাই,পূর্ব ধারণা ত্যাগ করিয়ে নতুন ধারণা গ্রহণে বাধ্য করা
মগের মুল্লুক,চরম অরাজকতার দেশ
মঙ্গলাচরণ,কর্মারম্ভে শুভানুষ্ঠান
মজা লোটা,আনন্দ উপভোগ করা
মজা করা,অপরকে অপদস্থ করে কৌতুক করা
মজা চাখানো,বিপদে ফেলে জব্দ করা
মজা টের পাওয়া,কষ্ট ভোগ করা
মজা দেখা,অন্যের কষ্টে আনন্দ অনুভব করা
মজা মারা,কষ্টের ভাগীদার না হয়ে সুখভোগ করা
মজার কথা,বিস্ময়ের কথা
মটকা খালি,নির্বোধ
মটকা গরম,মাথা গরম
মটকা মারা,ঘুমের ভান করা
মটরের চাপে মুসুরি চ্যাপ্টা,সবলের দাপটে দুর্বলের পতন
মড়াকান্না,উচ্চস্বরে শোকপ্রকাশ
মড়াখেগো,অতিকৃশ
মড়ার উপর খাঁড়ার ঘা,যন্ত্রণার ওপর যন্ত্রণা
মণিকোঠা,অতি প্রিয় গোপন আধার
মণিকাঞ্চন যোগ,যোগ্যের সাথে যোগ্যের মিলন
মণিবন্ধ,হাতের কবজি
মণিহারা ফণী,প্রিয়জন হারিয়ে অস্থিরচিত্ত
মৎস্যমুখ,শ্রাদ্ধের পর মাছ খাওয়ার অনুষ্ঠান
মতিমতী,বুদ্ধিমতী
মথুরাধাম,শশুরবাড়ি
মধু,আকর্ষণের বস্তু
মধুচক্র,অবৈধ মিলনের আসর
মধুপর্কের বাটি,অকিঞ্চিৎকর আধার
মধুরেণ সমাপয়েৎ,সুন্দরভাবে সম্পন্ন করা
মধ্যমণি,শ্রেষ্ঠ রত্ন
মন কষাকষি,মনোমালিন্য
মন কাড়া,আকৃষ্ট করা
মন কেমন করা,অস্থির হওয়া
মন খারাপ করা,দুঃখিত হওয়া
মন খুঁতখুঁত করা,তৃপ্ত না হওয়া
মন খোলা,অকপটে কথা বলা
মনখোলা,সরল মানুষ
মনগড়া,কাল্পনিক
মন গলা,দয়ালু হওয়া
মন চলা,ইচ্ছা করা
মনচোরা,মন মুগ্ধকর
মনচাঙ্গা,পবিত্র মন
মন ছোটা,প্রবল ইচ্ছা হওয়া
মন জানা,অন্তরের ভাব বোঝা
মনজিনি,মন জয়কারী বিষয়
মন জোগানো,ইচ্ছানুসারে খুশি করা
মন টলা,অভিপ্রায় শিথিল হওয়া
মন টানা,চিত্ত আকর্ষণ করা
মন ঢালা,গভীর মনোনিবেশ করা
মন থাকা,ইচ্ছা থাকা
মন থেকে,আন্তরিকভাবে
মন দেওয়া,মনোযোগ দেওয়া
মন দেওয়া-নেওয়া,পরস্পর ভালোবাসা
মন না মতি,অস্থিরমতি
মন না মুখোশ,মুখোশের আড়ালে সত্ত্বা
মন পোড়া,মানসিক যন্ত্রণায় দগ্ধ হওয়া
মন পাওয়া,সম্মতি লাভ করা
মন ফেরানো,ঝোঁক নিবারণ করা
মন বসা,চিত্তস্থির হওয়া
মন ভাঙা,উৎসাহহীন হওয়া
মন ভার করা,বিষণ্ণ হওয়া
মন ভুলানো,চিত্ত মুগ্ধ করা
মনভোলা,আত্মবিস্মৃত
মন মজা,ভালো লেগে ডুবে যাওয়া
মন মাতানো,মন ভুলানো
মন মানা,সান্ত্বনা পাওয়া
মন যাওয়া,ইচ্ছা হওয়া
মন রক্ষা করা,মনঃক্ষুণ্ণ না হওয়ার উপায় করা
মন রাখা,খুশি করা
মন লাগা,আগ্রহ বোধ করা
মন লাগানো,মনোযোগ দেওয়া
মন সরা,আগ্রহ বোধ করা
মনস্থির করা,সঙ্কল্প করা
মন হওয়া,ইচ্ছা হওয়া
মনান্তর,মনোমালিন্য
মনুষ্যপদবাচ্য,মানুষ বলে গ্রাহ্য
মনে আনা,স্মরণ করা
মনে আসা,স্মরণে আসা
মনে করা,ধারণা করা
মনে করে,উদ্দেশ্যে
মনে জাগা,স্মরণ হওয়া
মনে জানা,অনুভব করা
মনে থাকা,স্মরণে থাকা
মনে দাগ কাটা,মনে প্রভাব বিস্তার করা
মনে ধরা,পছন্দ হওয়া
মনে মনে,নিজের মনের মধ্যে
মনে পড়া,স্মরণ হওয়া
মনে পুষে রাখা,মনে হিংসা গোপন রাখা
মনেপ্রাণে,আন্তরিকভাবে
মনে মনে থাকা,গোপন থাকা
মনে রাখা,স্মরণে রাখা
মনে হওয়া,অনুভব করা
মনের আগুন,মানসিক যন্ত্রণা
মনের কথা,গোপন ইচ্ছা
মনের কালি,মানসিক মলিনতা
মনের খবর,গোপন ইচ্ছা
মনের গোল,দ্বিধা
মনের জোর,মানসিক শক্তি
মনের ঝাল,মনে পুষে রাখা ক্রোধ
মনের মত,ইচ্ছার অনুরূপ
মনের মানুষ,পছন্দের লোক
মনের মিল,সদ্ভাব
মনের সাধ,বাসনা
মন্ত্রগুপ্তি,মন্ত্রণার গোপনীয়তা রক্ষা
মন্ত্রমুগ্ধ,গুণে অভিভূত
মন্ত্রশিষ্য,একান্ত অনুগামী
মন্ত্রের সাধন কিংবা শরীর পাতন,কাজে দৃঢ়প্রতিজ্ঞ
মন্থরা,কুচক্রী
মন্থরার মন্ত্রণা,কুপরামর্শ
মন্দগতি,ধীরগতি
মন্দচোখ,কুদৃষ্টি
মন্দ নয়,চলনসই
মন্দবুদ্ধি,দুষ্ট বুদ্ধি
মন্দভাগ্য,দুর্ভাগ্য
মন্দ মন্দ,ধীরে ধীরে
মন্দা,পণ্যমূল্যের হ্রাস
মন্দাগ্নি,খিদের অভাব
মন্দের ভালো,কম অমঙ্গলজনক
মন্বন্তর,দুর্ভিক্ষ
ময়দান,প্রতিদ্বন্দ্বিতাহীন ক্ষেত্র
ময়না,কুতন্ত্রা নারী
ময়নার বুলি,শিখানো কথা
ময়ূরছাড়া কার্তিক,রূপবান পুরুষ
ময়ূরপুচ্ছধারী দাঁড়কাক,ভণ্ড ব্যক্তি
ময়ূরের পেখম তোলা,উৎফুল্ল হওয়া
মরণকামড়,চরম আক্রমণ
মরণপণ,মৃত্যু পর্যন্ত চেষ্টা
মরণপাখা গজানো,সর্বনাশকর দম্ভ
মরণবাড়,বিনাশের পূর্বলক্ষণ
মরদানি,বীরত্ব
মরদের বাচ্চা,সাহসী ছেলে
মরমে মরা,অত্যন্ত লজ্জিত হওয়া
মরা খেকো,কুশ্রী
মরা গাঙে ডুবে মরা,সামান্য বিপদে নাজেহাল
মরা মুখ দেখা,কঠিন শপথ করা
মরার আগে মরা,ভয়ে ভয়ে মরে যাওয়া
মরার বাড়া গাল নেই,চরম তিরস্কার
মরার সময় নেই,কাজে অবসর নেই
মরালগামিনী,মনোহর গতিযুক্তা নারী
মরি মরি,আনন্দ বা বিস্ময়ের উক্তি
মরিয়া,মৃত্যুতে বেপরোয়া
মরীচিকা,বৃথা আশার ছলনা
মর্কট,শ্রীহীন ব্যক্তি
মর্কটীয় বুদ্ধি,ক্ষতিকর দুষ্টবুদ্ধি
মর্জিমাফিক,খেয়ালখুশি মত
মলমাস,অতিরিক্ত চান্দ্রমাস
মলমের মধ্যে মাছি,অবাঞ্ছিত উপস্থিতি
মলয়পবন,দখিনা বাতাস
মশগুল,আবিষ্ট
মশা মারতে কামান দাগা,সামান্য কাজে বিরাট আয়োজন
মশাই মশাই করা,চাটুকারিতা করা
মসনদ,রাজ সিংহাসন
মসীজীবী,কলমপেশা
মস্তিষ্কচর্চা,বুদ্ধির অনুশীলন
মস্তিষ্কবিকৃতি,মতিভ্রম
মস্তিষ্কহীন,নির্বোধ
মহাপুরুষ,অতি বদলোক
মহাপ্রসাদ,দেবতাকে নিবেদিত অন্ন
মহাপ্রস্থান,মৃত্যুপথ যাত্রী
মহাব্রাহ্মণ,শ্মশানক্রিয়াকারী নিকৃষ্ট ব্রাহ্মণ
মহাভারত,বিশাল কাহিনি
মহাভারত অশুদ্ধ হওয়া,ভালো কাজ নষ্ট হওয়া
মহাভারত শুরু,বিশাল কাহিনি বলা শুরু
মহামারি কাণ্ড,সাংঘাতিক কাণ্ড
মহারণ,প্রবল প্রতিযোগিতা
মহারথী,নগণ্য ব্যক্তি
মহাশয়,হীন ব্যক্তি
মাইয়ামুখা,নির্বোধ
মাকড় মারলে ধোকড় হয়,একপেশে বিচার
মাকাল ফল,বাহ্যত সুন্দর কিন্তু অন্তঃসারশূন্য
মাকু,পরের নির্দেশে চলে এমন
মাকু ইঁদুর,দুষ্টবুদ্ধিসম্পন্ন
মাখামাখি,অতিরিক্ত অন্তরঙ্গতা
মা গঙ্গা,নির্বোধ ব্যক্তি
মাগনার উপর টাকনা,ভিক্ষার জিনিসে ভাগ বসানো
মাগ্‌গি গণ্ডার বাজার,দুর্মূল্যের সময়
মাছরাঙার কলঙ্ক,অনেকের দোষে একজনকে দোষী করা
মাছিটিও গলে না,নিশ্ছিদ্র ব্যবস্থা
মাছিটিও নেই,জনমানবশূন্য
মাছি টেপা,অতি কৃপণ
মাছি মারা,অতি সহজ কাজ
মাছিমারা কেরানী,অন্ধ অনুকরণকারী
মাছি মারতে মাস্কেট পরা,তুচ্ছ কাজে বিরাট ব্যবস্থা
মাছের টোপ,প্রলোভন
মাছের টোপ গেলা,কাজে সিদ্ধিলাভ
মাছের তেলে মাছ ভাজা,পরের জিনিসে কার্যসিদ্ধি
মাছের মা,নিষ্ঠুর
মাছের মায়ের পুত্রশোক,কপট বেদনা
মাজাঘষা,পরিমার্জন করা
মাঝ দরিয়ায় তরী ডোবা,সমূলে বিনষ্ট হওয়া
মাঝেমধ্যে,কখনো সখনো
মাঝে মাঝে,কিছুকাল অন্তর
মাটি করা,নষ্ট করা
মাটি কামড়ে থাকা,অটল থাকা
মাটি খাওয়া,অনুচিত কাজ করা
"মাটি টাকা, টাকা মাটি",টাকা ও মাটির সমতা
মাটি দেওয়া,কবর দেওয়া
মাটি মাটি,আলস্যবোধ
মাটি মাড়ানো,পদার্পণ করা
মাটি সরে যাওয়া,আশ্রয় হারানো
মাটিতে পা না-পড়া,অত্যন্ত গর্বিত হওয়া
মাটির দর,অতি সস্তা
মাটির মানুষ,নিরীহ সরল ব্যক্তি
মাঠঘাট,সর্বত্র
মাঠ ময়দান,বিস্তীর্ণ খোলা জায়গা
মাঠেঘাটে,যেখানে সেখানে
মাঠে মারা যাওয়া,নষ্ট হওয়া
মাঠে সারা,মাঠে মলত্যাগ করা
মাড়োয়ারি,অর্থব্যয়ে কৃপণ
মাণিকজোড়,অভিন্নহৃদয় বন্ধুদ্বয়
মাতামাতি,উন্মত্তের মত আচরণ
মাৎস্যন্যায়,দুর্বলের উপর প্রবলের অত্যাচার
মাতাল,আনন্দে আত্মহারা
মাথাওয়ালা,চতুর
মাথা উঁচু করা,উন্নতি করা
মাথা ওড়ানো,অস্তিত্ব ধূলিসাৎ করা
মাথা করা,ক্ষতি করার সামর্থ্য না থাকা
মাথা কাটা,অপমান করা
মাথা কাটা যাওয়া,অপমানিত হওয়া
মাথা কেনা,সর্বেসর্বা হওয়া
মাথা কোটা,সনির্বন্ধ অনুরোধ করা
মাথা খাও,শপথ করার অনুরোধ
মাথা খাওয়া,সর্বনাশ করা
মাথা খাটানো,বুদ্ধি খেলানো
মাথা খারাপ,অপ্রকৃতস্থ
মাথা খারাপ করা,তিতিবিরক্ত করা
মাথা খারাপ হওয়া,দুশ্চিন্তায় অস্থির হওয়া
মাথা খেলানো,বুদ্ধি খাটানো
মাথা খোঁড়া,সনির্বন্ধ অনুরোধ করা
মাথা গরম,উগ্রস্বভাব
মাথা গরম করা,উত্তেজিত হওয়া
মাথা গলানো,অনধিকারচর্চা করা
মাথা গুলানো,হতবুদ্ধি করা
মাথা গোঁজা,কোনরকমে বাস করা
মাথা গোঁজার ঠাঁই,আশ্রয়
মাথা ঘষা,চুল পরিষ্কার করা
মাথা ঘামানো,বুদ্ধি চালনা করা
মাথা ঘোরা,দুশ্চিন্তায় অস্থির হওয়া
মাথা চাড়া দেওয়া,উন্নতি করা
মাথা চালা,বুদ্ধি খাটানো
মাথা চুলকানো,ইতস্ততঃ করা
মাথা ঠাণ্ডা করা,শান্ত থাকা
মাথা ঠিক না থাকা,বুদ্ধি গুলিয়ে যাওয়া
মাথা ঠেকানো,প্রণাম করা
মাথা ঠোকা,সনির্বন্ধ অনুরোধ করা
মাথা ঠোকাঠুকি হওয়া,অপ্রত্যাশিতভাবে দেখা হওয়া
মাথা তোলা,উন্নতি করা
মাথা দেওয়া,দায়িত্ব গ্রহণ করা
মাথা নত করা,অপমানিত হওয়া
মাথা নাড়া,স্বীকার করা
মাথা পাতা,শিরোধার্য করা
মাথা বাঁধা দেওয়া,পরধীন হওয়া
মাথা বিকানো,বশ্যতা স্বীকার করা
মাথাব্যথা,দুশ্চিন্তা
মাথামুণ্ডু,বক্তব্যের শৃঙ্খলা
মাথামোটা,নির্বোধ
মাথা মুড়িয়ে ঘোল ঢালা,চুড়ান্ত অপমান করা
মাথা হেঁট হওয়া,লজ্জায় মাথা নত হওয়া
মাথায় আকাশ ভেঙ্গে পড়া,আকস্মিক বিপদে পড়া
মাথায় আসা,বোধগম্য হওয়া
মাথায় ওঠা,অবাধ্য হওয়া
মাথায় করা,অতিশয় সম্মান করা
মাথায় করে নেওয়া,শ্রদ্ধার সাথে গ্রহণ করা
মাথায় করে রাখা,সমাদর করা
মাথায় কাঁঠাল ভাঙা,প্রবঞ্চনা করে সুবিধা আদায়
মাথায় খাটো,খর্বাকৃতি
মাথায় খুন চড়া,ভীষণভাবে রাগানো
মাথায় গোবর পোরা,নির্বোধ
মাথায় ঘোল ঢালা,অপদস্ত করা
মাথায় চড়া,অবাধ্য হওয়া
মাথায় চাপা,কিছু করার ইচ্ছা হওয়া
মাথায় ঢোকা,বোধগম্য হওয়া
মাথায় তুলে নাচা,অতিরিক্ত খাতির করা
মাথায় তোলা,অতিরিক্ত প্রশ্রয় দেওয়া
মাথায় পা দেওয়া,অসম্মান করা
মাথায় পা দিয়ে ডোবানো,সর্বনাশের পথে ঠেলে দেওয়া
মাথায় পাতা,শিরোধার্য করা
মাথায় বজ্রাঘাত হওয়া,আকস্মিক আঘাত পাওয়া
মাথায় ভূত চাপা,দুষ্টবুদ্ধি চাড়া দেওয়া
মাথায় মাথায়,কানায় কানায়
মাথায় রাখা,মনে রাখা
মাথায় লাথি মেরে পায়ে গড়,অসম্মান পরে সম্মান
মাথায় সিঁদুর পরা,বৃদ্ধাবস্থায় সধবা থাকা
মাথায় হাত দেওয়া,দুশ্চিন্তাগ্রস্ত হওয়া
মাথায় হাত বুলানো,প্রবোধ দেওয়া
মাথার উপর কেউ না থাকা,অবিভাবকহীন হওয়া
মাথার উপরে শকুন ওড়া,আসন্ন মৃত্যুর লক্ষণ
মাথার ঘায়ে কুকুর পাগল,বিপদে পাগলের মত অবস্থা
মাথার ঘি শুকিয়ে যাওয়া,বুদ্ধিহারা হওয়া
মাথার চুল বিকিয়ে যাওয়া,বিপুল দেনায় পড়া
মাথার ঠিক না থাকা,বুদ্ধি গুলিয়ে যাওয়া
মাথার দিব্বি,শপথ
মাথার মণি,পরম শ্রদ্ধেয়
মাদারির খেল,ভেলকিবাজী
মাদুরে শুয়ে লাখ টাকার স্বপ্ন,অলীক সুখকল্পনা
মান-ইজ্জত,সম্মান
মানভিখারী,মানের জন্য লালায়িত
মানসপুত্র,মানসিক সাযুজ্যের পুত্র
মানে মানে,সম্মান থাকতে
মানে মানে থাকা চাই,মানসম্ভ্রম নিয়ে থাকা
মানে মানে চেঁচে আছি,কোনরকমে সম্মান বজায় রাখা
মানানসই,উপযুক্ত
মানিকজোড়,অন্তরঙ্গ বন্ধুদ্বয়
মানুষের মতো মানুষ,আদর্শ ব্যক্তি
মানের গুড়ে বালি,সম্মানহানি
মান্ধাতার আমল,অতি প্রাচীনকাল
মাপকাঠি,পরিমাপক
মাপজোখ,পরিমাণ নির্ণয়
মা-বাপ,দয়ালু ক্ষমতাসম্পন্ন ব্যক্তি
মা ভৈ,অভয়দান
মামদোবাজী,চালাকের সাথে চালাকী
মামলা,ঘটনা
মামার জোর,প্রভাবশালীর সহায়তা
মামারবাড়ী,আদরের স্থান
মামাবাড়ির আবদার,সহজে পাওয়ার আশা
মামার ভাতে থাকা,আদরে প্রতিপালিত
মায়াকান্না,কপট কান্না
মায়াডোর,স্নেহের বন্ধন
মায়ামৃগ,কপট ছলনা
মায়ে খেদানো বাপে তাড়ানো,অতি বদ সন্তান
মা যশোদা,পরের ছেলেকে পুত্রবৎ লালন
মারকাট করে,হইচই করে
মারকুটে,উগ্রস্বভাব
মারদাঙ্গা,প্রচণ্ড মারামারি
মারধর,প্রহার
মারপিট,ঝগড়া
মারপ্যাঁচ,কূটকৌশল
মারমার কাটকাট করা,ঝগড়ায় উদ্যত হওয়া
মারমুখো,উগ্রস্বভাব
মারমূর্তি,ক্রুদ্ধ মূর্তি
মারাকাটা,প্রহার করা
মারামারি কাটাকাটি,তুমুল ঝগড়া
মারীচের দশা,উভয়সঙ্কট
মার্কামারা,বিশেষভাবে চিহ্নিত
মালকড়ি,নগদ অর্থ
মালক্ষ্মী,গৃহবধু
মাল কাটা,পণ্য বিক্রি হওয়া
মাল টানা,মদ খাওয়া
মালদার,ধনবান
মালমসলা,উৎপাদনের উপকরণ
মালা জপা,ঈশ্বরের নাম আবৃত্তি
মালিশ করা,শাস্তি দেওয়া
মাসকাবারী,মাসের শেষে প্রয়োজনীয়
মাসীর দরদ,অতিরিক্ত ভালবাসা
মাসোহারা,প্রতিমাসে দেয় অর্থ
মাহেন্দ্রক্ষণ,শুভক্ষণ
মিচকে শয়তান,প্রচ্ছন্ন দুষ্ট
মিছরির ছুরি,মিষ্টি কথায় তীক্ষ্ণ আঘাত
মিছামিছি,অনর্থক
মিঞা-বিবি,ভদ্র মুসলমান দম্পতি
মিটমাট করা,মীমাংসা করা
মিটমিট করা,অনুজ্জ্বলভাবে আলো দেওয়া
মিটমিটে আলো,ক্ষীণ আলো
মিটমিটে শয়তান,প্রচ্ছন্ন দুষ্ট
মিটিমিটি হাসি,মৃদু হাসি
মিঠেকড়া,মধুর কিন্তু তীব্র
মিঠেমুখ,প্রিয়বাদী
মিথ্যার জাহাজ,বড় মিথ্যাবাদী
মিনমিন করা,ক্ষীণ স্বরে কথা বলা
মিনমিনে শয়তান,প্রচ্ছন্ন দুষ্ট
মিলমিশ,অন্তরঙ্গতা
মিশ-মিশে,ঘোর কালো
মিষ্টিমুখ,সুন্দর দেখতে
মিসিবাবা,বড়লোকের অবিবাহিত কন্যা
মীরজাফর,বিশ্বাসঘাতক
মুকুটমণি,শ্রেষ্ঠ রত্ন
মুকুটহীন রাজা,শ্রেষ্ঠ ব্যক্তি
মুক্তকচ্ছ,অসতর্ক
মুক্তকণ্ঠে,অসংকোচে
মুক্তবাতাস,নির্মল বাতাস
মুক্তহস্ত,দানশীল
মুক্তিযুদ্ধ,স্বাধীনতা যুদ্ধ
মুখ আলগা,অসংযত কথাবার্তা
মুখ উজ্জ্বল করা,গৌরবান্বিত করা
মুখ করা,তিরস্কার করা
মুখ কালো করা,অভিমান করা
মুখখানি যেন ক্ষুরের ধার,মর্মভেদী কথা
মুখখানি যেন তোলহাঁড়ি,গোমরামুখো
মুখ খারাপ করা,অশ্লীল শব্দ বলা
মুখ খিঁচানো,মুখবিকৃতি করে তিরস্কার
মুখখিস্তি করা,অশ্লীল বাক্য বলা
মুখ খোলা,প্রতিবাদ শুরু করা
মুখ গোঁজ করা,অভিমান করা
মুখ ঘোরানো,অসন্তুষ্টি প্রকাশ
মুখচন্দ্রিকা,বর-কনের শুভদৃষ্টি
মুখ চলা,অনর্গল কথা বলা
মুখ চাওয়া,সাহায্যের প্রত্যাশা
মুখ চাপা দেওয়া,সমালোচনা বন্ধ করা
মুখ চূণ করা,লজ্জায় ম্লান হওয়া
মুখ চোখানো,খাবারে লোভ করা
মুখচোরা,লাজুক
"মুখচোরা বামুন, কেশোরোগী চোর",লাজুক বা দুর্বল ব্যক্তিরা অপদার্থ
মুখ ছোট করা,লজ্জা পাওয়া
মুখ ছোটা,অনর্গল কথা বলা
মুখ ঝামটা খাওয়া,হঠাৎ তিরস্কৃত হওয়া
মুখ ঝামটা দেওয়া,হঠাৎ তিরস্কার করা
মুখ টিপে হাসা,নিঃশব্দে হাসা
মুখতাড়া খাওয়া,হঠাৎ তিরস্কৃত হওয়া
মুখতাড়া দেওয়া,হঠাৎ তিরস্কার করা
মুখতোড়,বাক্যস্রোত
মুখতোড় জবাব,সমান প্রত্যুত্তর
মুখ তুলতে না পারা,লজ্জায় সঙ্কুচিত হওয়া
মুখ তুলে চাওয়া,অনুগ্রহ করা
মুখ থাকা,সম্মান বজায় থাকা
মুখ থুবড়ে পড়া,হুমড়ি খেয়ে পড়া
মুখ থেঁতো করা,লজ্জা দিয়ে বাকরোধ করা
মুখ দেখা,চেহারা দেখা
মুখ দেখাতে না পারা,লজ্জিত হওয়া
মুখ দেখানো,উপস্থিত হওয়া
মুখ না শামুক,অশ্লীল কথাবার্তা
মুখ নাড়া,তর্জন গর্জন করা
মুখপত্র,প্রস্তাবনা
মুখপাত্র,প্রতিনিধি
মুখপোড়া,বিঘ্নসৃষ্টিকারী ব্যক্তি
মুখ পোড়ানো,সম্মানহানি করা
মুখ ফসকানো,অসতর্কতায় বলে ফেলা
মুখ ফেরানো,অসন্তুষ্ট হওয়া
মুখ ফোটা,মুখ থেকে কথা বের হওয়া
মুখ ফুটে বলা,সাহস করে কথা বলা
মুখফোড়,স্পষ্টবাদী
মুখ ফোলানো,অভিমান করা
মুখ বদলানো,স্বাদ বদলানো
মুখবন্ধ,প্রস্তাবনা
মুখ বন্ধ করা,চুপ থাকা
মুখ বাঁকানো,বিরক্তি প্রকাশ করা
মুখ ব্যাদান করা,মুখ বিকৃত করা
মুখভঙ্গি করা,মুখ বিকৃত করা
মুখ ভার করা,অভিমান করা
মুখমণ্ডল,মুখ
মুখ মধু,মিষ্টি কথা
মুখ মারা,নীরব করে দেওয়া
মুখমারুত,ফুৎকার
মুখ মিঠে,মিষ্টভাষী
মুখ মোড়া,অসন্তোষ প্রকাশ করা
মুখ রক্ষা করা,সম্মান বজায় রাখা
মুখরুচি,মুখের সৌন্দর্য
মুখরোচক,সুস্বাদু
মুখ লাগা,কুটকুট করা
মুখ লাল করা,ক্রোধে মুখ লাল হওয়া
মুখ লুকানো,সামনে না যাওয়া
মুখ শুকানো,ম্লান হওয়া
মুখ শুকিয়ে আমশি,মুখ বিবর্ণ হওয়া
মুখশুদ্ধি,মুখের দুর্গন্ধনাশক দ্রব্য
মুখসর্বস্ব,কাজে অক্ষম বড়াইকারী
মুখসাট,ধমক
মুখ সামলানো,সতর্কভাবে কথা বলা
মুখ সিটকানো,ঘৃণায় মুখ বিকৃত করা
মুখ সেলাই করা,মৌন থাকতে বাধ্য করা
মুখ হওয়া,তর্ক করার প্রকৃতি হওয়া
মুখস্থ,স্মৃতিতে ধরা
মুখাগ্নি,শবের মুখে আগুন দেওয়া
মুখাপেক্ষা,পরের সাহায্যের আশা
মুখাপেক্ষী,পরের সাহায্যের উপর নির্ভরশীল
মুখামৃত,মিষ্টি কথা
মুখে আগুন,মৃত্যু কামনা করে তিরস্কার
মুখে আনা,উচ্চারণ করা
মুখে আসা,বলার ইচ্ছা হওয়া
মুখে কুলুপ আটা,নিশ্চুপ থাকা
মুখে খই ফোটা,অনর্গল কথা বলা
মুখে চূণকালি দেওয়া,কলঙ্কিত করা
মুখে জল আসা,খাওয়ার লোভ হওয়া
মুখে জল দেওয়া,উপবাস ভঙ্গ করা
মুখে ঝামা ঘষা,অপদস্থ করা
মুখে তালা দেওয়া,কিছু বলতে না দেওয়া
মুখে দড়,বাকপটু
মুখে দুধের গন্ধ,অল্পবয়স
মুখে দেওয়া,খাওয়া
মুখে ধান শুকানো,অনর্গল কথা বলা
মুখে ফুলচন্দন পড়া,সুসংবাদের জন্য ধন্যবাদ
মুখে ভাত,অন্নপ্রাশন
মুখে মধু অন্তরে বিষ,বাইরে বন্ধুত্ব ভিতরে কপটতা
মুখে মারিতং জগৎ,লম্বা চওড়া বুলি
মুখে মুখে,তৎক্ষণাৎ
মুখে মুখে কথা বলা,তর্ক করা
মুখে রামনাম বগলে ছুরি,মুখে ধর্মকথা মনে কুটিল চিন্তা
মুখে লাগাম,সংযত বাক
মুখে লেগে থাকা,সবসময় কুৎসিত শব্দ উচ্চারণ
মুখে হরি বল হাতে কাজ কর,ধর্মকথা বলে সংসারের কাজ করা
মুখে হাসি ফোটা,নীরব হাসি
মুখের উপর কথা বলা,তর্ক করা
মুখের কথা,কথামাত্র
মুখের জোর,বাকপটুতা
মুখের ভয়ে,তিরস্কারের ভয়ে
মুখের মত,যথোপযুক্ত
মুখোমুখি,সামনাসামনি
মুখোশ খোলা,স্বরূপ উৎঘাটিত করা
মুঘলাই কায়দা,আড়ম্বরপূর্ণ আচরণ
মুঠোয় পাওয়া,সম্পূর্ণ আয়ত্ত করা
মুঠোমুঠো,প্রচুর পরিমাণে
মুড়া কোদালে দিঘি কাটা,অল্প পরিশ্রমে বিরাট কাজ
মুড়ি-মুড়কি,অকিঞ্চিৎকর ভোজ্য
মুড়ি-মুড়কির একদর,পার্থক্য বোঝার বুদ্ধি নেই
মুণ্ড ঘুরে যাওয়া,হতবুদ্ধি হওয়া
মুণ্ডপাত,কঠোর তিরস্কার
মুণ্ডহীন মুরগী,দিশেহারা ব্যক্তি
মুদ্রাদোষ,কুঅভ্যাস
মুরগী ড্রেসিং,ব্যঙ্গে দেহ খোলা রাখা পোশাক
মুরগী বানানো,বোকা বানানো
মুরগি পোষা ভালোবাসা,স্বার্থপূর্ণ ভালোবাসা
মোরগের লড়াই,সমানে সমানে প্রতিদ্বন্দ্বিতা
মুশকিল আসান,বিপদ থেকে মুক্তি
মুষ্টিমেয় কয়েকজন,অল্পসংখ্যক
মুষ্টিযোগ,দ্রুত ফলদায়ী ঔষধ
মুসলমানের মুরগি পোষা,স্বার্থের জন্য ভালোবাসা
মূর্খ-পণ্ডিত,জ্ঞানী কিন্তু ব্যবহারিক জ্ঞানশূন্য
মূর্খের স্বর্গ,বোকার কল্পিত সুখরাজ্য
মূলেই গলদ,শুরুতেই ভুল
মৃদুমন্দ,অত্যন্ত ধীরগতি
মেঘ না চাইতেই জল,অপ্রত্যাশিত সুযোগ
মেঘভাঙা রদ্দুর,তীব্র রৌদ্র
মেঘে মেঘে বেলা হওয়া,চেহারায় বয়স বোঝা না যাওয়া
মেঘের ছায়া,ক্ষণস্থায়ী সুখ
মেছোহাটা,তুচ্ছ বিষয়ে হট্টগোল
মেজাজ খাট্টা,প্রচণ্ড ক্রুদ্ধ
মেজাজ দেখানো,রেগে যাওয়া
মেজে ঘষে সুন্দরী,নকল সুন্দরী
মেড়াকান্ত,নির্বোধ ব্যক্তি
মেনিমুখো,লাজুক ব্যক্তি
মেমসাহেব,আড়ম্বরপূর্ণ নারী
মেরুদণ্ডহীন,ব্যক্তিত্বহীন
মেরি জান,প্রিয়তমা
মেরে তক্তা বানানো,প্রচণ্ড প্রহার করা
মেরেকেটে,বড়জোর
মেরে দেওয়া,আত্মসাৎ করা
মেরুকরণ,দুই শিবিরে বিভক্তি
মেলামেশা,ঘনিষ্টতা
মেষশাবক,নির্দোষ শিশু
মোচড় মারা,চাপ দিয়ে সুবিধা আদায়
মোটকথা,সার বক্তব্য
মোটঘাট,মালপত্র
মোটমাট,সর্বসমেত
মোটা কথা,স্থূল কথাবার্তা
মোটা গলা,গম্ভীর গলা
মোটা ভাত মোটা কাপড়,সাধারণ জীবনযাত্রা
মোটা মাহিনা,উচ্চ বেতন
মোটামুটি,স্থূল হিসাবে
মোটাসোটা,স্বাস্থ্যবান
মোটেই না,আদৌ না
মোড়ামুড়ি,দর কষাকষি
মোমের পুতুল,অল্প পরিশ্রমে কাতর ব্যক্তি
মোল্লার দৌড় মসজিদ পর্যন্ত,সীমাবদ্ধ জ্ঞান
মোসাহেব,চাটুকার
মৌখিকবন্ধু,কৃত্রিম বন্ধু
মৌচাকে ঢিল,বিপজ্জনক আঘাত
মৌতাৎ চড়ানো,মাদকের নেশা করা
মৌনব্রত,কথা না বলার ব্রত
মৌরসি পাট্টা,অন্যায়ভাবে স্থায়ী অধিকার
ম্যাও ধরা,কঠিন দায়িত্ব নেওয়া
ম্যাদা মেরে যাওয়া,উৎসাহহীন হওয়া
যক,অতি কৃপণ ব্যক্তি
যক আগলানো,কৃপণতা করা
যক দেওয়া,ঠকিয়ে টাকা আদায় করা
যকের ধন,কৃপণের ধন
যখন তখন,যেকোনো সময়ে
যখন তখন অবস্থা,মুমূর্ষু অবস্থা
যখন যেমন তখন তেমন,অবস্থা বুঝে ব্যবস্থা
যখনকার তখন,সাময়িক
যখনকার যা তখনকার তা,যথোচিত ব্যবস্থা
যখন যখন,যে সময়ে
যজ্ঞ,বিরাট আয়োজন
যজ্ঞের ঘোড়া,অসহায় ব্যক্তি
যৎকিঞ্চিৎ,অত্যল্প পরিমাণ
যৎপরোনাস্তি,অত্যন্ত
যত গর্জে তত বর্ষে না,আড়ম্বরের তুলনায় কম কাজ
যতক্ষণ মধু ততক্ষণ ভ্রমর,স্বার্থপর বন্ধুত্ব
যত নষ্টের গোড়া,অনিষ্টের কারণ
যত বড় মুখ নয় তত বড় কথা,অন্যায় স্পর্ধা
যতনে রতন মেলে,চেষ্টায় শুভফল পাওয়া
যত্ন আত্তি,সমাদর ও যত্ন
যত্র আয় তত্র ব্যয়,আয়ের সবটাই খরচ হওয়া
যত্রতত্র,যেকোনো স্থানে
যথা আজ্ঞা,কর্তব্যানুসারে কাজ
যথাকথা,সত্যকথা
যথাতথা,যেকোনো স্থানে
যথা পূর্ব তথা পর,পূর্বের মতো অবস্থা
যথারীতি,প্রচলিত প্রথানুসারে
যথারুচি,ইচ্ছামতো
যথাসর্বস্ব,সমুদায় সম্পদ
যথাস্থান,প্রকৃত স্থান
যথেচ্ছাচার,উচ্ছৃঙ্খলতা
যদি না,না হলেও
যদি বা,যদি একান্তই
যদুবংশ,বহু পরিজনবিশিষ্ট পরিবার
যদু-মধু,সাধারণ লোক
যন্ত্র,হাতিয়ারস্বরূপ ব্যক্তি
যন্ত্রী,পরিচালক
যবনিকাপতন,সমাপ্তি
যমদূত,ভীষণ সংবাদবাহক
যবুথবু,হতবুদ্ধি
যমপুরী,ভয়ঙ্কর স্থান
যমযাতনা,মৃত্যুকালীন কষ্ট
যমে ধরা,মারা যাওয়া
যমের অরুচি,দুষ্ট লোক যে সহজে মরে না
যমের দক্ষিণ দুয়ার দেখা,মারা যাওয়া
যমের দোসর,নিষ্ঠুর ব্যক্তি
যমের বাড়ি যাওয়া,মৃত্যু কামনা করে গালি
যমের ভুল,মৃত্যু কামনা করে গালি
যশঃশেষ,মৃত্যু
যশুরে কই,বড় মাথাওয়ালা লোক
যাঁহা বাহান্ন তাঁহা তিপ্পান্ন,সামান্য পার্থক্য
যাচ্ছেতাই,জঘন্য ব্যাপার
যা তা,খারাপ
যা নয় তাই,অনুচিত
যাই যাই,যাবার উপক্রম
যাওয়া-আসা,জন্মমৃত্যু
যাক গে,উপেক্ষাসূচক উক্তি
যাকে তাকে,অনির্দিষ্ট লোক
যান্ত্রিকসভতা,আধুনিক রোবটের মতো সভতা
যাবচ্চন্দ্রদিবাকর,চিরকাল
যামঘোষ,ঘড়ি
যায় যায় অবস্থা,মুমূর্ষু অবস্থা
যার-পর-নাই,অত্যধিক
যুক্তবেণী,দুই নদীর সঙ্গমস্থল
যে আজ্ঞা,আজ্ঞানুসারে কাজ
যে কথা সেই কাজ,কথা ও কর্মে সঙ্গতি
যে-কে-সেই,অপরিবর্তিত অবস্থা
যে কেউ,সাধারণ জন
যে দামে কেনা সে দামে বিক্রি,অবৈধভাবে অর্জিত ধন নষ্ট হওয়া
যে সে,সাধারণ লোক
যেখানে সেখানে,সর্বত্র
যেচে মান কেঁদে সোহাগ,যা আপনা থেকে আসে তা ভিক্ষা করে নেওয়া
যেতে বসা,নষ্ট হওয়ার উপক্রম
যেতে যেতে,যাওয়ার পথে
যেদিক জল সেদিকে ছাতি ধরা,তৎক্ষণাৎ অভাব দূর করা
যেন-তেন প্রকারেণ,যেকোনো উপায়ে
যেমন গুরু তেমনই চেলা,গুরু ও শিষ্য সমান মন্দ
যেমন জগন্নাথ তেমন সুভদ্রা,আদর্শ মিলন
যেমন তেমন,কাজ চলার মতো
যেমন দান তেমন দক্ষিণা,দান অনুযায়ী পারিশ্রমিক
যো,উপায়
যোগনিদ্রা,ঝিমানো
যোগসাজশ,কুকর্মে সহযোগিতা
যোগাড়যন্ত্র,কাজের উপকরণ সংগ্রহ
যোগাযোগ,খবরাখবর
যোগীর চিন্তা জগন্নাথ ফকিরের চিন্তা মক্কা,যে যেভাবে চিন্তা করে
যোড়হস্ত,একান্ত অনুগত
যোড়াতাড়া দিয়ে,অনেক কষ্টে
যোড়াতালি মারা,তাপ্পি মারা
যো-সো,যেকোনো উপায়ে
যো হুকুম,চাটুকার
যো হুকুমের দল,চাটুকারের দল
রইস আদমী,ধনী লোক
রকম-সকম,আচরণ
রকেটগতি,তীব্র গতিবেগ
রক্ত গরম করা,উত্তেজিত করা
রক্তগঙ্গা,খুনোখুনি
রক্তচক্ষু,ক্রোধে লাল চোখ
রক্ত ঝরানো,প্রচণ্ড পরিশ্রম করা
রক্তবীজের বংশ,অনিষ্টকারী দল
রক্তমাংসের শরীর,দুর্বলতাযুক্ত স্থূলশরীর
রক্তারক্তি কাণ্ড,প্রচণ্ড মারামারি
রক্তশোষণ,সর্বস্ব আত্মসাৎ
রক্তের অক্ষরে লেখা,প্রাণহানির ইতিহাস
রক্তের টান,রক্তের সম্পর্কের আকর্ষণ
রক্তের রঙ লাল,সবাই সমান
রক্ষাকবচ,বিপদ থেকে রক্ষার উপায়
রগচটা,কোপনস্বভাব
রগড়া-রগড়ি,অত্যধিক আলোচনা
রগরগে,উত্তেজনাপূর্ণ
রঙঢঙ,হাস্যপরিহাস
রঙচঙে,চিত্রবিচিত্র
রঙ খোলা,শোভা পাওয়া
রঙ চড়ানো,অতিরঞ্জন করা
রঙতামাশা,হাসিঠাট্টা
রঙ-বে-রঙ,বিভিন্ন বর্ণ
রঙ দেখানো,মেজাজ দেখানো
রঙ্গভঙ্গ,কৌতুকজনক অঙ্গভঙ্গি
রঙ্গী,অশ্লীল আমোদে আসক্ত
রঙমহল,বিলাসভবন
রংরুট,সরকারি চাকরিতে নিয়োগ
রজ্জুতে সর্পভ্রম,বিপদের আশঙ্কায় বিভ্রান্তি
রটা,নিন্দাচ্ছলে রাষ্ট্র করা
রণচণ্ডী,উগ্র স্বভাবের নারী
রণভঙ্গ,মাঝপথে পলায়ন
রণের ঘোড়া,অতি উৎসাহী ব্যক্তি
রতনে রতন চেনে,যোগ্য যোগ্যকে চেনে
রত্ন,শ্রেষ্ঠ বস্তু
রত্নগর্ভা,সুসন্তানের মাতা
রত্নগর্ভের পেতন সন্তান,কুৎসিত নারীর কুৎসিত সন্তান
রথদেখা কলাবেচা,একসঙ্গে দুই কাজ করা
রথী,বীরপুরুষ
রদ্দা দেওয়া,গলাধাক্কা দেওয়া
রদ্দিমাল,বাজে জিনিস
রন্ধনে দ্রৌপদী,রন্ধননিপুণা নারী
রন্ধনের চাল চর্বণে,একখাতের টাকা অন্যখাতে খরচ
রন্ধ্রেরন্ধ্রে,প্রতিটি স্থানে
রপ্তে রপ্তে,ক্রমশ
রফা নিষ্পত্তি,মীমাংসা
রবরবা,জাঁকজমক
রবাহুত,বিনা নিমন্ত্রণে আগত
রম্ভা,শূন্য
রয়ে-বসে,ধীরেসুস্থে
রয়ে-সয়ে,মাঝে মাঝে
রশি আলগা করা,শাসন না করা
রসকলি,বৈষ্ণবের ললাটে তিলক
রসকষ,মাধুর্য ও কোমলতা
রসচুরি,পরের লেখার ভাব গ্রহণ
রসদ,আনন্দের উপকরণ
রসবতী,সুন্দরী যুবতী
রসভঙ্গ,রসে বাধা
রসাতলে যাওয়া,ধ্বংসপ্রাপ্ত হওয়া
রসেবশে থাকা,রসের আবেশে থাকা
রাঁড় হয়ে ষাঁড় হওয়া,বিধবা হয়ে যথেচ্ছ জীবনযাপন
রা করা,কথা বলা
রাই কুড়িয়ে বেল,অল্প অল্প করে সঞ্চয়
রাক্ষস,অতি পেটুক লোক
রাক্ষস বিবাহ,অপহরণ করে বিবাহ
রাক্ষসী বেলা,দিনের শেষ আড়াই ঘণ্টা
রাক্ষসের উপর খোক্ষস,দাদাকে শাসন করার দাদা
রাখঢাক,গোপনে ঢেকে রাখার চেষ্টা
রাখালের হাতে শালগ্রাম,মূর্খের হাতে গুণবান অপমানিত
রাগ না চণ্ডাল,হিতাহিতজ্ঞানশূন্য
রাঘববোয়াল,অর্থগৃধ্নু ব্যক্তি
রাঙাবার,ছুটির দিন
রাঙামূলো,গুণহীন সুদর্শন ব্যক্তি
রাজযোটক,যোগ্য মেলবন্ধন
রাজমুকুট,রাজপদ
রাজরাজড়া,অভিজাত সম্প্রদায়
রাজসূয় যজ্ঞ,বিরাট আয়োজন
রাজা-উজির মারা,গালগল্প করা
রাজাকার,স্বাধীনতাবিরোধী সহায়ক
রাজা তেজচন্দ্র,অতিদর্পী ব্যক্তি
রাজার ঘুড়ী,পুরানো হলে বাতিল
রাজার হাল,অত্যন্ত সুখের দশা
রাতকানা,রাতে দেখতে না পাওয়া
রাতদুপুর,গভীর রাত
রাতবিরাত,বিপদের রাত
রাতকে দিন করা,অসম্ভবকে সম্ভব করা
রাতারাতি,অত্যল্প সময়ে
রাধে-কৃষ্ণ,পাপের প্রায়শ্চিত্তে নামোচ্চারণ
রান্না খেয়ে কান্ন পায়,অখাদ্য রান্না
রাবণের গুষ্টি,বিরাট পরিবার
রাবণের চিতা,চির অশান্তি
রাবণের ছাঁদনাতলা,আগাম সুখকল্পনা
রাবণের দোষে সমুদ্রবন্ধন,একের দোষে অন্যের কষ্ট
রাবণের পুরী ছারখার,পরিবার ভেঙে টুকরো হওয়া
রাম কহ,অবজ্ঞাসূচক উক্তি
রামকান্ত,লাঠি
রামগরুড়ের ছানা,গোমড়ামুখো লোক
রামছাগল,মহামূর্খ
রামধোলাই,প্রচণ্ড প্রহার
রাম না হতে রামায়ণ,কারণের আগে কার্য
রামপাখি,মুরগি
রামভক্ত হনুমান,একনিষ্ঠ সেবক
রাম-রহিম,হিন্দু-মুসলমান জনগোষ্ঠী
রামরাজত্ব,সুশাসন ব্যবস্থা
রাম-রাবণের যুদ্ধ,সমান শক্তিধরের দ্বন্দ্ব
রাম-লক্ষণ,ভ্রাতৃভক্ত দুই ভাই
রাম-শ্যাম,সাধারণ লোক
রামসেবক,একনিষ্ঠ সেবক
রামায়ণ,বিরাট কাহিনি
রামের বাণ,মোক্ষম আঘাত
রামের ভাই লক্ষণ,আদর্শ অগ্রজভক্ত ভাই
রামের হনুমান,নিতান্ত অনুগত চাকর
রামোচন্দ্র,অবজ্ঞাসূচক উক্তি
রায়বাঘিনী,আক্রমণশীলা নারী
রাশ আলগা করা,যথেচ্ছ আচরণের অনুমতি
রাশ টানা,সংযত করা
রাশভারী,গম্ভীরপ্রকৃতির লোক
রাশহালকা,লঘুচিত্তের লোক
রাশি রাশি,প্রচুর পরিমাণে
রাষ্ট্র করা,নিন্দাচ্ছলে রটানো
রাস টানা,নিয়ন্ত্রিত করা
রাস্তা খোলা,একাধিক উপায় থাকা
রাস্তাঘাট,ছোটবড় রাস্তা
রাস্তা দেখা,অন্যত্র চেষ্টা করা
রাস্তা দেখানো,উপায় বাতলানো
রাস্তা বন্ধ,কোনো উপায় না থাকা
রাস্তা রোখা,পথ অবরোধ করা
রাস্তার লোক,অপরিচিত ব্যক্তি
রাহু,ধ্বংসকারী শত্রু
রাহুগ্রস্ত,বিপদগ্রস্ত
রাহুর দশা,সংকটময় সময়
রুই কাতলা,সম্মানীয় ব্যক্তি
রুজিরোজগার,জীবিকা
রুটি,জীবিকা
রুটি মারা,রোজগার বন্ধ করা
রুটিরুজি,খাদ্য ও জীবিকা
রুদ্রমূর্তি,ক্রোধান্বিত মূর্তি
রূপচাঁদ,টাকা
রূপসাগর,কাল্পনিক সুন্দর জগৎ
রূপোর চাকতি,অর্থবল
রূপে লক্ষ্মী গুণে সরস্বতী,রূপবতী ও গুণবতী নারী
রূপের ডালি,অত্যন্ত রূপবতী
রূপের ধুচুনি,অত্যন্ত কুরূপা
রেখে দাও,অবজ্ঞাসূচক নিষেধ
রেখে ঢেকে বলা,অব্যক্ত রেখে বলা
রেগে আগুন,প্রচণ্ড ক্রুদ্ধ
রেষারেষি,পরস্পরের বিদ্বেষ
রেহাই,চিরতরে মুক্তি
রৈ রৈ,সমবেত চিৎকার
রৈ রৈ করা,গলাবাজী করা
রোখা কড়ি ছোখা মাল,নগদ দামে ভালো জিনিস
রোগ কেবল মুড়িতে আর ভুঁড়িতে,মাথা ও পেট থেকে রোগের উৎপত্তি
রোগব্যাধি,নানা অসুখ
রোগাপটকা,কৃশ ও দুর্বল
রোগা হাতে ফাঁদাল বালা,বেমানান সাজ
রোজ কেয়ামত,অতি কষ্টকর অবস্থা
রোজ-নামচা,দিনলিপি
রোজার ঘাড়ে বোঝা,প্রতিকারকারী বিপন্ন
রোজার ঘাড়ে ভূত,প্রতিকারকারী নিজেই ত্রুটিপূর্ণ
রোদ ওঠা,সূর্যালোক প্রকাশ
রোদ পড়া,রোদের তেজ কমে যাওয়া
রোদ পোহানো,রৌদ্রতাপ উপভোগ করা
রোদে দেওয়া,সূর্যতাপে শুকানো
রোদে পোড়া,রৌদ্রতাপে কষ্ট পাওয়া
রোবট,যন্ত্রের মতো কাজ করা মানুষ
রোমন্থন,পুরানো কথা ভাবা
রোল মডেল,অনুসরণযোগ্য চরিত্র
রোলার চালানো,পিষে মারা
রোশনচৌকি,ঐক্যতানবাদ্য
র‍্যালা,বড়বড় কথা
র‍্যালি,জনসমাবেশ
লক্কা পায়রা,পোশাকবিলাসী ব্যক্তি
লক্ষ্মণদেবর,আদর্শ অনুগত দেবর
লক্ষ্মণদোসর,আপদে-বিপদে সঙ্গী
লক্ষ্মণভাই,ভাতৃভক্ত ভাই
লক্ষ্মণ ভোজন,দীর্ঘকাল উপবাস
লক্ষ্মণরেখা,নিষেধের গণ্ডী
লক্ষ্মণের ফল ধরা,অক্ষরে অক্ষরে আদেশ পালন
লক্ষ্মী আসতে দুয়ারে আগল,উপকারে বাধা দেওয়া
লক্ষ্মী চঞ্চলা,ভাগ্যের ওঠানামা
লক্ষ্মীছাড়া,শ্রীহীন জীবন
লক্ষ্মী-জনার্দন,লক্ষণাক্রান্ত শালগ্রামশিলা
লক্ষ্মীটি,স্নেহের পাত্র
লক্ষ্মী তোলা,পূজান্তে লক্ষ্মী হাঁড়িতে রাখা
লক্ষ্মী পাতা,লক্ষ্মী পূজার সাজানো উপকরণ
লক্ষ্মীপেঁচা,কুরূপ কিন্তু সুলক্ষণাযুক্ত
লক্ষ্মীবন্ত,শান্ত ও সৌভাগ্যবান
লক্ষ্মীর ঘরে কালপেঁচা,কুসন্তান
লক্ষ্মীর কৃপা হওয়া,ভাগ্য অনুকূল হওয়া
লক্ষ্মীর খুঁচি,চঞ্চলা বালিকা
লক্ষ্মীর ঝাঁপি,অফুরন্ত ভান্ডার
লক্ষ্মীর পুত্র ভিক্ষা মাগে,ধনীলোকের ধনের কাঙাল
লক্ষ্মীর বরপুত্র,অত্যন্ত ধনী ব্যক্তি
লক্ষ্মীর বরযাত্রী,সুদিনের সঙ্গী
লক্ষ্মীর ভান্ডার,অশূন্য ভান্ডার
লক্ষ্মীর সংসার,সচ্ছল সংসার
লগনচাঁদ,ভাগ্যবান
লগি ঠেলা,কষ্ট করে এগিয়ে চলা
লগি পুঁতে বসে থাকা,নিস্কর্মা হয়ে থাকা
লঘুগুরু জ্ঞান,ছোটবড়ের তারতম্য জ্ঞান
লঘুপাক,সহজপাচ্য
লঘুপাপে গুরুদণ্ড,অল্পদোষে কঠোর শাস্তি
লঙ্কাকাণ্ড,তুমুল ঝগড়া
লঙ্কাপোড়া,বিভ্রাট সৃষ্টিকারী
লঙ্কাফেরত,বাঁদর
লঙ্কায় সোনা সস্তা,প্রচুর জিনিস সস্তা
লজ্জাবতী লতা,অতি লাজুক মেয়ে
লজ্জার মাথা খাওয়া,নির্লজ্জ হওয়া
লণ্ডন হয়ে মক্কা যাত্রা,ঘুরপথে কাজ করা
লবঙ্গলতা,নম্র গুণবতী নারী
লবডঙ্কা,কিছুই নয়
লবেজান,অতি উৎকণ্ঠিত
লবেদার,পোশাকী বাবু
লম্ফঝম্ফ,নিরর্থক উত্তেজনা
লম্বকর্ণ,নিরেট বোকা
লম্বা করা,মেরে শুইয়ে দেওয়া
লম্বাকোঁচা,স্বচ্ছলতার নিদর্শন
লম্বাকোঁচা নমস্কার,সাড়ম্বরে স্বাগত
লম্বাচওড়া কথা,দম্ভোক্তি
লম্বা চাল,আড়ম্বর দেখানো
লম্বা দেওয়া,পলায়ন করা
লম্বা দৌড়,দীর্ঘপথে একটানা দৌড়
লম্বা রেসের ঘোড়া,দীর্ঘ পরিশ্রমে অভ্যস্ত
লম্বা লম্বা কথা,অহঙ্কারপূর্ণ কথা
লম্বা হওয়া,ধরাশায়ী হওয়া
লম্বোদর,পেটুক
ললাটের লিখন,অমোঘ ভাগ্য
লা ইলাজ,চিকিৎসার বাইরে
লা ওয়ারিস,উত্তরাধিকারী শূন্য
লাখ কথার এক কথা,শ্রেষ্ঠ কথা
লাখ টাকার স্বপ্ন দেখা,অর্থলাভের সুখকল্পনা
লাখ পঁচাশী,অত্যধিক বাড়িয়ে বলা
লাগ-ভেল্কি-লাগ,অস্বাভাবিক ঘটনার কামনা
লাগানিভাঙানি,গোপনে নিন্দা করা
লাগামছাড়া,নিয়ন্ত্রণবহির্ভূত
লাগালাগি,পরস্পরের নিন্দা করা
লাগে তুক না লাগে তাক,কপাল ঠুকে কাজে নামা
লা চার,অসহায়
লা জবাব,অতুলনীয়
লাজাবন্ধনন্যায়,উভয়সঙ্কটে পড়া
লাজের মাথা খেয়ে,নির্লজ্জ হয়ে
লাট করা,ঘেঁটে নষ্ট করা
লাট খাওয়া,পতনোন্মুখ হওয়া
লাটসাহেব,আত্মম্ভরী ব্যক্তি
লাটে ওঠা,সর্বনাশ হওয়া
লাটের বাঁট,মাতব্বর ভাবা ব্যক্তি
লাঠালাঠি,তুমুল ঝগড়া
লাঠ্যৌষধি,শাসন দিয়ে সংশোধন
লাড্ডু পাকানো,জটিলতা সৃষ্টি করা
লাড়ার মার ভাঁড়া,ক্ষণস্থায়ী ভান্ডার
লাথিখেকো,অত্যন্ত হীন ব্যক্তি
লাথির ঢেঁকি চড়ে ওঠে না,বদলোক শাসন মানে না
লা দাওয়া,ঔষধহীন রোগ
লা দাবী,দাবীহীন
লা পরবাহী,বেপরোয়া
লা পাতা,নিরুদ্দেশ
লাভঃ পরং গোবধঃ,কান্না করে বাঁচার অবস্থা
লাভের গাঁতি,লাভের বিষয়
লাভের গুড়,সামান্য লাভ
লায়েক,যোগ্য
লালজল,মদ
লালদালান,কয়েদখানা
লালপাগড়ি,পুলিশ
লালফিতে,সরকারি দীর্ঘসূত্রতা
লালবাতি,অনুমতি নেই
লালবাতি জ্বালা,কারবার গুটানো
লালমুখ,বাঁদর
লাল হয়ে যাওয়া,প্রভূত ধনী হওয়া
লিকার,মদ
লিখ-রে-লিখ,দায়সারা শিক্ষার তত্ত্বাবধান
লিখালিখি,পত্রে বাদানুবাদ
লিখিত-পড়িত,আইনানুসারে সম্পাদিত
লিখিয়ে-পড়িয়ে,শিক্ষিত
লিখে ওঠা,লিখে শেষ করা
লিখে দেওয়া,দানপত্র সই করা
লিখে রাখা,টুকে রাখা
লীলাখেলা,জীবনের কার্যাবলী
লীলাখেলা সাঙ্গ,জীবন সমাপ্ত
লুফে নেওয়া,সাগ্রহে গ্রহণ করা
লেকচার ঝাড়া,বাগাড়ম্বরপূর্ণ বক্তৃতা
লেখাজোখা,হিসাবপত্র
লেখাপড়া,আইনানুসারে সম্পাদন
লেখালেখি,রচনার কাজ
লেখার হাত,লেখার দক্ষতা
লেগে থাকা,নাছোড়বান্দা হয়ে থাকা
লেগে যাওয়া,কাজে নামা
লেঙ্গটার নেই বাটপাড়ের ভয়,নিঃস্বের হারানোর ভয় নেই
লেঙ্গ মারা,বিশ্বাসঘাতকতা করা
লেঙ্গুড়,উপাধি
লেঙ্গুড়কা অঙ্গুটি,কুৎসিতের সুন্দরী বউ
লেজ কাটা,অপদস্থ ব্যক্তি
লেজ গুটানো,পরাজয় স্বীকার করা
লেজ তুলে দেখা,প্রকৃত ব্যাপার বোঝার চেষ্টা
লেজ ধরা,অন্ধভাবে অনুকরণ
লেজ নাড়া,উৎসুক্য দেখানো
লেজ মাড়ানো,ক্রুদ্ধ করা
লেজ মোটা হওয়া,অহঙ্কার বৃদ্ধি
লেজামুড়া,আগাগোড়া বিষয়
লেজামুড়া বাদ,অসম্পূর্ণ কাহিনি
লেজুড়,উপাধি
লেজুড়বৃত্তি,চামচাগিরি
লেজে খেলা,চাতুরী করা
লেজে গোবরে,বিতিকিচ্ছিরি অবস্থা
লেজে পা দেওয়া,স্বার্থহানি করা
লেট লতিফ,দীর্ঘসূত্রী
লেটা,বামবাহুদক্ষ
লেফাফাদুরস্ত,বাহ্যিক নিখুঁত কিন্তু মলিন
লেবু,বোকা লোক
লেবু কচলানো,বাদানুবাদে তিক্ত করা
লেবেল আঁটা,নাম ও ঠিকানা লাগানো
লেভেল করা,সমান তল করা
লেশমাত্র,অত্যল্প পরিমাণ
লোকক্ষয়,জনহানি
লোক খেপানো,লোককে উত্তেজিত করা
লোকচক্ষুর অন্তরালে,সাধারণের অজ্ঞাতে
লোকচরিত্র,মানবপ্রকৃতি
লোকজন,অনুচরবর্গ
লোকতঃ ধর্মতঃ,সমাজ ও ধর্মের দিক থেকে
লোক দেখানো,বাহ্যিক আচরণ
লোকধর্ম,প্রচলিত রীতিনীতি
লোকনাথ,জগদীশ্বর
লোক-না-পোক,তুচ্ছ মানুষ
লোকনিন্দা,জনসাধারণের নিন্দা
লোকবল,সাহায্যকারী ব্যক্তিবর্গ
লোক ভেঙে পড়া,বহুলোক জমায়েত হওয়া
লোকলজ্জা,জনসাধারণের কাছে লজ্জা
লোকশিক্ষা,সর্বসাধারণের জন্য শিক্ষা
লোক হাসানো,উপহাসের পাত্র হওয়া
লোক হাসাহাসি,জনসাধারণের উপহাস
লোকে বলে,প্রবাদ হিসেবে প্রচলিত
লোকের কথা,সাধারণের কথা
লোটা-কম্বল,সামান্য সম্বল
লোহার কার্তিক,কুৎসিত কঠিন লোক
লোহার বাসরঘর,নিশ্ছিদ্র নিরাপত্তা
ল্যাং মারা,বেকায়দায় ফেলা
ল্যাংবোট,নিত্যসঙ্গী
ল্যাত-প্যাত,দৃঢ়তার অভাব
ল্যাদামারা,বোকাসোকা
ল্যালাক্ষ্যাপা,বুদ্ধিহীন
শ ব করা,অশ্লীল গালাগালি করা
শ-কার ব-কার,অশ্লীল গালি
শকুনি,কুচক্রী ব্যক্তি
শকুনিমামার পরামর্শ,দুষ্ট পরামর্শ
শকুনির নজর,কুনজর
শক্ত ঘাঁটি,জবরদস্ত লোক
শক্তঘানি,কঠিন ব্যক্তি
শক্তের ভক্ত নরমের যম,সবলের কাছে বিনীত
শঙ্খিনী,চঞ্চল প্রকৃতির নারী
শঠে শাঠ্যং,শঠের সঙ্গে শঠতা
শতকুটি,ছিন্নবিচ্ছিন্ন
শতছিদ্র,নানাদোষে দুষ্ট
শতছিন্ন,জরাজীর্ণ
শতমুখ,বাচাল
শতেকখাকি,বহুস্বজনের মৃত্যু দেখা নারী
শত্রুমিত্র,আত্মপর
শত্রুর মুখে ছাই,শত্রুর কুদৃষ্টি এড়ানোর তুক
শনি,অনিষ্টকারী ব্যক্তি
শনিবারের মড়া,মৃত্যুর কারণ হওয়া শব
শনির দশা,দুর্দশা
শনৈঃশনৈঃ,ক্রমেক্রমে
শবরীর প্রতিক্ষা,দীর্ঘ অপেক্ষা
শম্বুকগতি,অতি ধীরগতি
শয়ে শয়ে,বহুসংখ্যক
শয়তানের সারোগেট সন্তান,শয়তানের প্রতিনিধি
শয়তানের হাঁড়ি,চুড়ান্ত শয়তান
শরতের শিশির,সুদিনের বন্ধু
শরীর পাত করা,শরীর ক্ষয় করা
শর্টকাট,সংক্ষিপ্ত পথ
শর্ট সাইটেড,দূরদৃষ্টিহীন
শর্মা,ব্যক্তিবিশেষ
শশব্যস্ত,অতি ব্যস্ত
শস্তার তিন অবস্থা,শস্তা জিনিসের খারাপ গুণ
শাঁখের করাত,উভয়সঙ্কট
শাঁস,সারপদার্থ
শাক দিয়ে মাছ ঢাকা,অপরাধ ঢাকার চেষ্টা
শাকে বালি,আশায় বিঘ্ন
শাখামৃগ,বানর
শানকির ওপর বজ্রাঘাত,নগণ্যের ওপর বিরাট আঘাত
শানাইয়ের পোঁ,অন্ধভাবে সায় দেওয়া
শান্তশিষ্ট লেজবিশিষ্ট,ভদ্র কিন্তু দুষ্টু ছেলে
শান্তিপুরি ভদ্রতা,মৌখিক ভদ্রতা
শাপে বর,অনিষ্ট থেকে ইষ্ট লাভ
শামুক দিয়ে পুকুর সেঁচা,অসম্ভব কাজের প্রয়াস
শাল,করুণ যন্ত্রণা
শালগ্রাম,বিষ্ণুর প্রতীক প্রস্তর
শালগ্রামের শোয়া-বসা,বিশেষত্ববিহীন অবস্থান
শালুক চিনেছে গোপালঠাকুর,গুণ অনুযায়ী পছন্দ
শাস্ত্রে আছে,অযৌক্তিক কাজের সমর্থন
শাস্ত্রে নেই,যৌক্তিক কাজে বাধা
শিং দেখানো,আক্রমণের ভীতি প্রদর্শন
শিং ভেঙে বাছুরের দলে,তরুণদের সঙ্গে মেশা
শিকড় গাড়া,পাকাপাকি অবস্থান
শিকড়ের টান,জন্মভূমির আকর্ষণ
শিকলকাটা পাখি,স্বাধীন মানসিকতার ব্যক্তি
শিকে ছেঁড়া,ভাগ্য প্রসন্ন হওয়া
শিকেয় ওঠা,স্থগিত থাকা
শিকেয় তুলে রাখা,মুলতবি রাখা
শিখণ্ডী,অন্যায়ের আড়াল
শিখণ্ডী খাড়া,অন্যায়ের প্রস্তুতি
শিঙে ফোঁকা,মারা যাওয়া
শিব গড়তে বানর গড়া,ভালো করতে গিয়ে মন্দ করা
শিবনেত্র,মৃত্যু আসন্ন
শিবরাত্রির সলতে,একমাত্র সন্তান
শিবহীন যজ্ঞ,মূল ব্যক্তি বাদ দেওয়া
শিবের অসাধ্য,সর্বতোভাবে অসম্ভব
শিবের কন্যা শিবকে দান,গাঁজাখোর জামাই নির্বাচন
শিবের তাণ্ডব নৃত্য,প্রচণ্ড লাফালাফি
শিমুল গাছে গা ঘষা,নিজের ক্ষতি করা
শিমুলফুল,গুণহীন সুন্দর ব্যক্তি
শিয়রে সমন,মরণ আসন্ন
শিয়াল,ধূর্ত ব্যক্তি
শিয়ালপণ্ডিত,মূর্খ কিন্তু চতুর
শিয়ালের ডাক,একের সুরে সবার সুর
শিয়ালের যুক্তি,অকেজো যুক্তি
শিরদাঁড়া সোজা রাখা,নির্ভীক থাকা
শিরশিরানি,ভয়ে আতঙ্কগ্রস্থ হওয়া
শিরঃপীড়া,দুশ্চিন্তার বিষয়
শিরায়-শিরায়,রক্তের প্রতিটি কোণে
শিরে বজ্রাঘাত,আকস্মিক বিরাট আঘাত
শিরে সংক্রান্তি,বিপদ আসন্ন
শিরে সর্পাঘাত,অপ্রতিবিধানযোগ্য বিপদ
শিরোধার্য্য,অবশ্য পালনীয়
শিশ্নোদরপরায়ণ,কাম ও উদরতৃপ্তির লক্ষ্য
শীতের কম্বল,অবশ্য প্রয়োজনীয় বস্তু
শুঁড়ির কান নেই,মাতালের কদর্য উক্তি
শুঁড়ির সাক্ষী মাতাল,অসৎ ব্যক্তির সমর্থক
শুকনো কথায় চিঁড়ে ভেজে না,মুখের কথায় কাজ হয় না
শুকনো কাঠে ব্রহ্মশাপ,বৃথা চেষ্টা
শুনশান,নিস্তব্ধ
শুভঙ্করের ফাঁক,হিসাবের গোলমাল
শুভংকরের ফাঁকি,হিসাবে ধোঁকা দেওয়া
শুভরাত্রি,রাত্রির শুভকামনা
শুম্ভ-নিশুম্ভের লড়াই,উভয়ের নাশের লড়াই
শুয়ে শুয়ে লেজ নাড়া,আলস্যে সময় নষ্ট করা
শুয়োরের গোঁ,ভীষণ জেদ
শূন্য থেকে মহাশূন্যে লাফ,অভাবনীয় সাফল্য
শূন্যে প্রাসাদ গড়া,অলীক সুখকল্পনা
শূন্যপাণি,বিপত্নীক
শূন্য ভট্টাচার্য,গুণহীন ব্রাহ্মণ
শূলে চড়ানো,সব দোষের ভাগী করা
শেওড়াগাছের পেত্নী,কুৎসিত নারী
শেওড়াতলার চক্রবর্তী,অপদার্থ ব্যক্তি
শেয়াকুল,নাছোড়বান্দা লোক
শেয়ানা পাগল,পাগলামির ভানকারী
শেষ কথা,আলোচনার ইতি
শেষদশা,মরণ
শেষমুহূর্ত,চলে যাওয়ার সময়
শেষমেষ,অবশেষে
শেষরক্ষা,সম্মান বাঁচানো
শেষাশেষি,প্রায় শেষের সময়
শেষের ঘণ্টা,ধ্বংস আসন্ন
শোধবোধ,হিংসা ও প্রতিহিংসা
শোনা কথা,অপ্রমাণিত কথা
শোয়া-বসা,বসবাস
শ্মশানপুরী,জনশূন্য স্থান
শ্মশান বৈরাগ্য,সাময়িক বৈরাগ্য
শ্মশানের শান্তি,ভয়ঙ্কর নীরবতা
শ্যাম রাখি কি কুল রাখি,উভয়সংকটে পড়া
শ্যামের খুঁটি,বলিষ্ঠ লোক
শ্যেনদৃষ্টি,তীক্ষ্ণ দৃষ্টি
শ্বশুরবাড়ী,আরামের স্থান
শ্বেতচামর আর কোষ্টাপাট,দেখতে গুণে ফারাক
শ্বেতহস্তী পোষা,অপ্রয়োজনে ব্যয়
শ্রাদ্ধ,অযথা অর্থের অপচয়
শ্রাদ্ধ করা,মৃত্যু ঘটিয়ে শ্রাদ্ধ সম্পন্ন করা
শ্রাদ্ধ গড়ানো,অবাঞ্ছিত ব্যাপার দীর্ঘস্থায়ী হওয়া
শ্রাদ্ধের চাল চড়ানো,শত্রুনাশের উদ্যোগ
শ্রীঘর,কারাগার
শ্রীচরণকমল,পূজ্য ব্যক্তির চরণ
শ্রীপঞ্চমী,সরস্বতীপূজার তিথি
ষট্কর্ণ,তৃতীয় ব্যক্তির কান
ষট্কর্ণে মন্ত্রভেদ,গোপন মন্ত্রণা ফাঁস
ষড়যন্ত্র,ক্ষতিকর পরিকল্পনা
ষড়রিপু,শরীরের ছয় শত্রু
ষণ্ডামার্কা,গুন্ডাপ্রকৃতির লোক
ষত্ব-ণত্ব জ্ঞান,সাধারণ কাণ্ডজ্ঞান
ষষ্টীর দাস,ষষ্টীর কৃপাধন্য ব্যক্তি
ষাঁড়,গোঁয়ার ব্যক্তি
ষাঁড়াষাঁড়ি বান,প্রবল বন্যা
ষাঁড়ে ষাঁড়ে যুদ্ধ,সমান শক্তির লড়াই
ষাঁড়ের গোঁ,অত্যধিক জেদ
ষাঁড়ের গোবর,অপদার্থ ব্যক্তি
ষাঁড়ের ডালনা,অযোগ্য ব্যক্তি
ষাঁড়ের বুদ্ধি,বুদ্ধিহীন
ষাটের কোলে,বয়স বেশি
ষেটের বাছা ষষ্টীদাস,অপদার্থ ব্যক্তি
ষোড়শোপচার,পূজার ষোলো উপকরণ
ষোল আনা,পুরোপুরি
ষোলআনাই উসুল,পুরোটা আদায়
ষোলআনা বাজিয়ে নেওয়া,সবদিক যাচাই করা
ষোলআনা ভূয়া,সম্পূর্ণ অসার
ষোলো আনা মালিক,সম্পূর্ণ মালিক
ষোলকড়াই কানা,সম্পূর্ণ বিনষ্ট
ষোলকলা,সম্পূর্ণ
ষোলকলা পূর্ণ,সব বদগুণের অধিকারী
সংসারক্ষেত্র,পুরুষের কর্মজীবন
সংসার চালানো,দৈনন্দিন জীবন নির্বাহ
সংসারধর্ম,গার্হস্থ্য জীবন
সংসার পাতা,বিয়ে করে ঘরকন্না শুরু
সংসারবন্ধন,পার্থিব জীবনের বন্ধন
সংসার বৈরাগ্য,পার্থিব জীবনে অনাসক্তি
সংসারী,অত্যন্ত হিসাবি লোক
সই সাঙ্গাতি,পাতানো বন্ধু
সওয়াল-জবাব,প্রশ্নোত্তর
সকল গুণের গুণমণি,সব বদগুণের অধিকারী
সকাল সকাল,তাড়াতাড়ি
সক্কলে,সকলে
সক্কালবেলা,অতি প্রত্যুষে
সটে-পটে,ষড়যন্ত্র
সঙ্গদোষ,কুসঙ্গের দোষ
সঙ্গে সঙ্গে,তৎক্ষণাৎ
সচরাচর,সাধারণত
সড় করা,ষড়যন্ত্র করা
সড়গড়,মুখস্থ
সড়সড়,দ্রুত গমন
সৎসাহস,ন্যায্য কথা বলার সাহস
সতীলক্ষ্মী,সাধ্বী ও সুলক্ষণা স্ত্রী
সতীসাবিত্রী,সাধ্বী স্ত্রী
সত্যবাদী যুধিষ্ঠির,মিথ্যাবাদী
সত্য সত্য সত্য,নিঃসন্দেহ
সদর অন্দর,প্রকাশ্য ও অপ্রকাশ্য
সদানন্দ,সর্বদা আনন্দময়
সদাশিব,সর্বদা প্রফুল্ল
সদ্য-সদ্য,তৎক্ষণাৎ
সনির্বন্ধ,অতিশয় আগ্রহী
সন্দংশযন্ত্রণা,নরকযন্ত্রণা
সন্দেশের খোসা ফেলে খাওয়া,খুঁতখুঁতানি
সন্ধ্যা,অবসানকাল
সন্ধ্যাপ্রদীপ,সন্ধ্যায় দেবতার প্রদীপ
সন্নিপাতের তৃষ্ণা,অতৃপ্ত তৃষ্ণা
সপাসপ,দ্রুত খাওয়া শেষ করা
সপিণ্ডীকরণ,মৃত্যুর শ্রাদ্ধ
সপ্তকাণ্ড রামায়ণ,বিরাট ব্যাপার
সপ্তমে চড়া,উচ্চস্বরে
সফরীর ফরফরানি,অল্পজ্ঞানীর বিদ্যা জাহির
সফট ড্রিংক,কোমল পানীয়
সব কাজের কেষ্টা,সবকাজে অল্প জানা
সবজান্তা,কিছু না জানা
সব ব্যঞ্জনের হলুদ গুঁড়ো,অপরিহার্য
সব শেয়ালের এক রা,সকলের একই কথা
সবসুদ্ধ,সর্বসমেত
সব হাটের হেটো,সবজান্তা লোক
সবান্ধবে,বন্ধুবান্ধব সহ
সবুজবাতি,অনুমোদন
সবুরে মেওয়া ফলে,ধৈর্যে সুফল
সবে ধন নীলমণি,একমাত্র সম্বল
সবেমাত্র,এইমাত্র
সব্যসাচী,উভয় হাতে দক্ষ
সব্বাই,সকলে
সভ্যতাভিমানী,ভদ্র বলে গর্বকারী
সময় নাই অসময় নাই,যখন তখন
সময়ে সময়ে,একেক সময়
সময়ের একফোঁড় অসময়ের দশফোঁড়,সময়ে না করলে কষ্ট
সমুদ্রে ঝাঁপ দেওয়া,বিপদে পড়া
সমুদ্রে বিন্দুপাত,অকিঞ্চিৎকর
সমুদ্রের ঢেউ গোনা,অনর্থক কালহরণ
সরগরম,জমজমে
সরে-জমিন,ঘটনাস্থল
সরফরাজি,অনাধিকার কর্তৃত্ব
সরস্বতীর বরপুত্র,বিদ্বান ব্যক্তি
সরষের মধ্যে ভূত,আসলে দুষ্ট
সরানো,চুরি করা
সরাসরি,সোজাসুজি
সরেজমিন তদন্ত,ঘটনাস্থল তদন্ত
সরে পড়া,পলায়ন করা
সর্দারি,মাতব্বরি
সর্পে রজ্জুভ্রম,ভুল ধারণা
সর্বংসহা ধরিত্রী,অসীম সহ্যশক্তি
সর্বঘটের কাঁঠালীকলা,অপরিহার্য
সর্বদেবময়োহতিথি,পূজনীয় অতিথি
সর্বভূত,সকল প্রাণী
সর্বেসর্বা,সর্বময় কর্তা
সর্ষে ফুল দেখা,দিশেহারা হওয়া
সলতে পাকানো,প্রস্তুতি শুরু
সলাপরামর্শ,কুপরামর্শ
সলিলসমাধি,অপূরণীয় ক্ষতি
সশরীরে,স্বয়ং
সসেমিরা,প্রতিকারহীন অবস্থা
সস্তায় কিস্তিমাত,কম খরচে কার্যোদ্ধার
সস্তার তিন অবস্থা,সস্তা জিনিসের খারাপ গুণ
সহজসরল,জটিলতাশূন্য
সহস্রধারা,অজস্রধারা
সহি সালামত,নিরাপদ
সাঁই সাঁই করে দৌড়,দ্রুত দৌড়
সাঁকো নাড়ানো,দুষ্কর্ম করা
সাঁঝবাতি,সন্ধ্যায় দেবতার প্রদীপ
সাঁড়াশী আক্রমণ,উভয়দিক থেকে আক্রমণ
সাঁতার জল,গভীর জল
সাক্ষাৎ,মূর্তিমান
সাক্ষীগোপাল,নিষ্ক্রিয় দর্শক
সাগর,বিরাট আধার
সাগরসেঁচা মাণিক,মহামূল্যবান বস্তু
সাঙ্গাত,মন্দকাজের সহচর
সাঙ্গোপাঙ্গ,অনুবর্তীগণ
সাজগোছ,পরিহিত বেশ
সাজসরঞ্জাম,পোশাক ও উপকরণ
সাজানো কথা,মনগড়া কথা
সাজের লাঠি,অকেজো বস্তু
সাড়াশব্দ,মানুষের আওয়াজ
সাড়ে চুয়াত্তর,অন্যের পত্র খোলার নিষেধ
সাড়ে বত্রিশ ভাজা,মুখরোচক খাবার
সাড়ে সাতি,শনির দশা
সাত কথা শোনানো,কটু কথা বলা
সাত কথার এক কথা,সার কথা
সাতকাণ্ড রামায়ণ,বিরাট গল্প
সাতকাহন,অপ্রয়োজনীয় বর্ণনা
সাতখান করে লাগানো,অতিরঞ্জিত ভাঙচি
সাতখুন মাপ,অত্যধিক প্রশ্রয়
সাতগেঁয়ের কাছে মামদোবাজী,চালাকের কাছে নিস্ফল চাতুরী
সাতঘাটের কড়ি,অভিজ্ঞ ব্যক্তি
সাতঘাটের কানা কড়ি,সাধারণ জ্ঞান
সাতঘাটে ঘটি ডোবানো,সব বিষয়ে হস্তক্ষেপ
সাতঘাটের জল এক করা,বিরুদ্ধ শক্তির মিলন
সাতঘাটের জল খাওয়া,নাকাল হওয়া
সাত চড়ে মশা মারা,হইচই করে ছোট কাজ
সাত চড়ে রা নেই,অত্যন্ত নিরীহ
সাতজন্মে,কোনোকালে
সাত তাড়াতাড়ি,খুব তাড়াতাড়ি
সাত নকলে আসল খাস্তা,আসল বিকৃত হওয়া
সাতনরি,সাত প্যাঁচওয়ালা
সাতপাঁচ,অগ্রপশ্চাৎ
সাতপুরুষ,সুদীর্ঘকাল
সাতবার খেয়ে একাদশী,মেকি আচার
সাত রাজার ধন মাণিক,আদরের সন্তান
সাত সকাল,খুব সকাল
সাত সতীনের ঘর,কলহপূর্ণ সংসার
সাত সমুদ্র তের নদী পার,বহু দূর
সাত-সতেরো,নানা কথা
সাতে-পাঁচে নেই,নির্লিপ্ত
সাতেও হ্যাঁ পাঁচেও হ্যাঁ,সব বিষয়ে সম্মতি
সাদাকে কালো বলা,মিথ্যা কথা বলা
সাদাকে সাদা বলা,সত্য কথা বলা
সাদা চামড়া,ইউরোপের অধিবাসী
সাদা চোখ,অনাবিল দৃষ্টি
সাদা দিল,সরল মন
সাদামাঠা,কারুকার্যহীন
সাদাসাপটা,সাধারণ
সাদাসিধা,নিরীহ
সাদা হাতী পোষা,অপ্রয়োজনীয় ব্যয়
সাধ করে শাল নেওয়া,ইচ্ছায় বিপদ ডেকে আনা
সাধাসাধি,অনুনয়-বিনয়
সাধুসঙ্গ,সৎলোকের সাহচর্য
সাধু সাবধান,আগাম সতর্কীকরণ
সাধে কি বাবা বলে,চাপে নতিস্বীকার
সাধ্যসাধনা,অনুনয়-বিনয়
সানকির ওপর বজ্রাঘাত,নগণ্যের ওপর বিরাট আঘাত
সানাইয়ের পোঁ,অন্ধ সমর্থনকারী
সাপও মরে লাঠিও না ভাঙে,বিনাক্ষতিতে কার্যসিদ্ধি
সাপকে পোষ মানানো,শত্রুকে নিয়ন্ত্রণ
সাপখোপ,সাপ ও সরীসৃপ
সাপুড়ের সাপে ভয়,সাহসীর দ্বিধা
সাপে-নেউলে সম্পর্ক,চির-শত্রুতা
সাপের ছুঁচো গেলা,উভয়সঙ্কট
সাপের গালে চুমু,ধান্ধাবাজি
সাপের পাঁচ-পা,অস্তিত্বহীন বস্তু
সাপের পাঁচ পা দেখা,অসম্ভব কল্পনা
সাপের লেজে পা দেওয়া,বিপজ্জনক ব্যক্তিকে বিরক্ত করা
সাপের হাঁচি,দুর্জনের অভিসন্ধি
সাপের হাঁচি বেদেয় চেনে,দুষ্টের গতিবিধি বোঝা
সাপের হাঁড়ি,কোপনস্বভাব নারী
সাফ-সাফ কথা,স্পষ্ট কথা
সাফাই গাওয়া,নির্দোষিতা প্রমাণ
সাবড়ে দেওয়া,খেয়ে শেষ করা
সাবধানের মার নেই,সাবধানে ক্ষতি নেই
সামনাসামনি,সম্মুখে
সার কথা,বক্তব্যের নির্যাস
সারস্বত সমাজ,পণ্ডিতসমাজ
সালতামামি,পুঙ্খানুপুঙ্খ বিবরণ
সাষ্টাঙ্গ প্রণাম,উপুড় হয়ে প্রণাম
সিঁদুরে মেঘ,বিপদের আশঙ্কা
সিংহচর্মাবৃত গর্ধভ,চালাকের বেশে আহাম্মক
সিংহভাগ,বেশিরভাগ
সিংহাবলোকন,অতীতের প্রতি দৃষ্টিপাত
সিদ্ধপুরুষ,অতি চতুর ব্যক্তি
সিদ্ধহস্ত,অত্যন্ত দক্ষ
সিদ্ধির ঝুলি,নানা বস্তুর আধার
সিন্দুকের কাছে ধার করা,সঠিক হিসাব রাখা
সিন্ধুতে বিন্দু,তিল পরিমাণ
সীতার অগ্নিপরীক্ষা,কঠিন পরিস্থিতি
সীমা-পরিসীমা,ইয়ত্তা
সুখ-তলা,জুতোর কোমল চামড়া
সুখে থাকতে ভূতে কিলায়,সুখে দুঃখ ডেকে আনা
সুখের কাঁটা,দুঃখ আনয়নকারী
সুখের পায়রা,সুসময়ের বন্ধু
সুগ্রীব দোসর,কুকাজের সঙ্গী
সুড়সুড় করে স্থানত্যাগ,নিঃশব্দে গমন
সুড়সুড়ি দেওয়া,কানভারি করা
সুতা হারানো,যুক্তি হারানো
সুধা পান,মদ্যপান
সুনসান,নিস্তব্ধ
সুন্দ-উপসুন্দের লড়াই,উভয়ের বিনাশের যুদ্ধ
সুপ্রভাত,শুভেচ্ছা জ্ঞাপন
সুবর্ণ সুযোগ,দুর্লভ সুযোগ
সুবহানাল্লাহ,আশ্চর্যজনক
সুর চড়ানো,স্বর উচ্চে তোলা
সুর বদলানো,মত পরিবর্তন
সুরত-হারাম,ধোঁকাবাজ
সুরত-হাল,প্রকৃত অবস্থা
সুরাসুরবোধ,ভালোমন্দের পার্থক্য
সুরে সুর মিলানো,সম্পূর্ণ সমর্থন
সুলুকসন্ধান,গোপন তথ্য
সুসংবাদ,অবাঞ্ছিত সংবাদ
সুস্থ দেহে সুস্থ মন,শারীরিক সুস্থতায় মানসিক সুস্থতা
সেটিং,গোপন বোঝাপড়া
সেতুবন্ধ,সংযোগ
সেয়ানা পাগল,কপট সাধু
সেয়ানে সেয়ানে কোলাকুলি,শঠের মৌখিক সদ্ভাব
সেরকে পশুরি চুরি,মারাত্মক চুরি
সেলাম করা,নতি স্বীকার
সেলাম বাজানো,বশ্যতা জ্ঞাপন
সেলামি,ঘুষ
সোজা আঙুলে ঘি বেড়োয় না,সহজে কার্যসিদ্ধি না
সোজা কথা,সরল কথা
সোজা করা,শায়েস্তা করা
সোজা দাঁড়ানো,সমানে দাঁড়ানো
সোজা রাস্তা,গলিঘুঁজিহীন রাস্তা
সোজা লোক,অকপট লোক
সোজাসাপটা,সহজ সরল
সোজাসুজি,সরাসরি
সোজা হয়ে দাঁড়ানো,মাথা তুলে দাঁড়ানো
সোনা ছেড়ে আঁচলে গেরো,মূল্যবান ফেলে সাধারণ গ্রহণ
সোনাদানা,মূল্যবান বস্তু
সোনায় সোহাগা,শুভ সংযোগ
সোনার কাঠি-রূপার কাঠি,বাঁচন-মরণের উপায়
সোনার ছেলে,আদরের সন্তান
সোনার থালায় ক্ষুদের জাউ,উৎকৃষ্টে নিকৃষ্ট মেলন
সোনার দাঁড়ে দাঁড়কাক,উৎকৃষ্টে নিকৃষ্ট
সোনার পাথরবাটি,অস্তিত্বহীন বস্তু
সোনার ফসল,উৎকৃষ্ট শস্য
সোনার লঙ্কা ছারখার,সংসারে আর্থিক বিপর্যয়
সোনার সংসার,সুখী সংসার
সোনার হরিণ,মিথ্যা আশা
সোনার হাঁস,অফুরন্ত সুখের উৎস
সোমত্ত মেয়ে,বিবাহযোগ্যা মেয়ে
সোলেনামা,আপোসের দলিল
স্ক্রু ঢিলা,পাগলাটে
স্টেটাস ক্যুও,স্থিতাবস্থা
স্থান-কাল-পাত্র,দেশ-সময়-পরিস্থিতি
স্থানে-অস্থানে,অনির্দিষ্ট স্থান
স্থূলস্কন্ধ,শক্তিশালী
স্নেহের পাত্র,আস্পদভাজন ব্যক্তি
স্মৃতিবিভ্রম,বিস্মরণ
স্মৃতিশক্তি,মনে রাখার ক্ষমতা
স্যাঁত-স্যাঁত,ঈষৎ সিক্ত
স্ট্রেট-কাট,অকপট
স্বখাত সলিল,নিজের ডাকা বিপদ
স্বগতোক্তি,গোপন উক্তি
স্বতঃসিদ্ধ,প্রমাণহীন সত্য
স্বতঃস্ফূর্ত,আপনা হতে
স্বপ্নেও না ভাবা,কল্পনার বাইরে
স্বভাব যায় না ম’লে,অপরিবর্তনীয় স্বভাব
স্বর্গ-মর্ত-পাতাল,সর্বত্র
স্বর্গরাজ্যে বিশৃঙ্খলা,সুখীদলে দ্বন্দ্ব
স্বর্গ হাতে পাওয়া,অপ্রত্যাশিত লাভ
স্বর্গে তুলে দেওয়া,অতিরিক্ত প্রশংসা
স্বর্গে বাতি দেওয়া,বংশ রক্ষা
স্বর্গের অপ্সরী,অতি সুন্দরী নারী
স্বর্গের সিঁড়ি করা,দীর্ঘসূত্রতা
স্বর্ণগর্ভা,সুসন্তানপ্রসবিনী
স্বর্ণপ্রতিমা,অতি সুন্দরী নারী
স্বর্ণপ্রসূ,অতিশয় উর্বরা
স্বর্ণমৃগ,মিথ্যা প্রলোভন
স্বস্তির নিশ্বাস ফেলা,বিপদ কাটার স্বস্তি
স্বীকারোক্তি,দোষ স্বীকার
স্রোতে গা ঢালা,নিশ্চেষ্ট থাকা
স্রোতের শ্যাওলা,আশ্রয়হীন ব্যক্তি
স্লথগতি,অতি ধীর গতি
হওয়া ভাতে কাঠি,নাম করার জন্য কর্তৃত্ব করা
হংসগদগদা,মধুরভাষিণী নারী
হংসমাঝে বক যথা,বিজ্ঞের দলে মূর্খ
হক কথা,যুক্তিসঙ্গত কথা
হকের ধন,ন্যায্য প্রাপ্য
হচপচ,জগাখিচুড়ি
হচ্ছে হবে,দীর্ঘসূত্রতা
হট করে,তাড়াহুড়ো করে
হট কেক,খুব চাহিদার জিনিস
হট্টগোল,চিৎকার ও কোলাহল
হট্টমন্দির,হাটের চালাঘর
হঠাৎ নবাব,আকস্মিক বড়লোক
হড়বড় করা,দ্রুত কথা বলা
হতচ্ছাড়া,ভাগ্যহীন ব্যক্তি
হতপ্রায়,প্রায় বিনষ্ট
হতবুদ্ধি,করণীয় স্থির করতে না পারা
হতভাগা,ভাগ্যহীন ব্যক্তি
হতোস্মি,দুঃখে খেদোক্তি
হত্যে দেওয়া,দীর্ঘক্ষণ অপেক্ষা করা
হদিস পাওয়া,সঠিক খোঁজ পাওয়া
হদ্দমুদ্দ,বড়োজোর
হদ্দ হওয়া,অত্যন্ত ক্লান্ত হওয়া
হন্তদন্ত,অতি ব্যস্ত ও উৎকণ্ঠিত
হন্নে হওয়া,ক্ষেপে যাওয়া
হবচন্দ্র,নিরেট মূর্খ
হবচন্দ্র রাজার গবচন্দ্র মন্ত্রী,অকর্মণ্যের অযোগ্য পরামর্শদাতা
হব-হব,আসন্ন অবস্থা
হবু ছেলের অন্নপ্রাসন,কাজ না জেনে প্রস্তুতি
হম্বিতম্বি করা,চিৎকার করে ভয় দেখানো
হ-য-ব-র-ল,বিশৃঙ্খল
হয়কে নয় করা,সত্যকে মিথ্যা প্রতিপন্ন করা
হয়-না-হয়,অনিশ্চয়তা
হয়-হয়,একান্ত আসন্ন
হয়রান পরেশান,ব্যর্থ পরিশ্রমে ক্লান্ত
হরকত,প্রতিবন্ধকতা
হরকরা,সংবাদবাহক
হরকিসিম,নানাবিধ
হরঘড়ি,অনবরত
হরফুনমৌলা,সবজান্তা
হরবোলা,পশুপাখির ডাক নকলকারী
হরি ঘোষের গোয়াল,অপদার্থের সমাবেশ
হরিজন,অস্পৃশ্য হিন্দু সম্প্রদায়
হরিণবাড়ী,জেলখানা
হরিণহৃদয়,ভীরু প্রকৃতির লোক
হরিদাস পাল,নগণ্য ব্যক্তি
হরিপ্রিয়া,লক্ষ্মীদেবী
হরিবাসর,অনশন
হরিভক্তি উবে যাওয়া,শ্রদ্ধা নষ্ট হওয়া
হরিমটর,উপবাস
হরির খুড়ো,দূরসম্পর্কীয় ব্যক্তি
হরির লুট,অবহেলায় অপচয়
হরিষে বিষাদ,আনন্দের মাঝে দুঃখ
হরিহর আত্মা,অভিন্ন হৃদয়ের বন্ধু
হরেদরে কাশ্যপ গোত্র,অজ্ঞাত পরিচয়
হরেদরে হাঁটুজল,কখনো লাভ কখনো ক্ষতি
হর্তাকর্তা বিধাতা,সর্বোচ্চ কর্তৃত্বের অধিকারী
হলদে চোখ,ঈর্ষাপরায়ণ দৃষ্টি
হলদে হওয়া,অত্যন্ত ভয় পাওয়া
হলফনামা,শপথপত্র
হলায় গলায়,অন্তরঙ্গ বন্ধুত্ব
হলুদ গুঁড়ো,সব ব্যাপারে উপস্থিত
হস্তিনী,ভারী শরীরের নারী
হস্তীমূর্খ,নিরেট মূর্খ
হাঁ করলেই বোঝা যায়,কথায় বক্তব্য বোঝা
হাঁ-করা ছেলে,বোকাসোকা ছেলে
হাঁ করে,অবাক হয়ে
হাঁকুপাঁকু,অতিশয় ব্যস্ততা
হাঁইফাঁই,অস্থির অবস্থা
হাইফাঁই ব্যাপার,উঁচুস্তরের ব্যাপার
হাঁউমাউ,একত্রে ক্রন্দন
হাঁকডাক,প্রভাব-প্রতিপত্তি
হাঁকাহাঁকি,চেঁচিয়ে ডাকাডাকি
হাঁটবার আগে হামাগুড়ি,শিক্ষানবিশী
হাঁটাহাঁটি,ইতস্তত ভ্রমণ
হাঁটু গাড়া,অধীনতা স্বীকার করা
হাঁটুজল,হাঁটু পর্যন্ত জল
হাঁটুজলে ডুবে মরা,সামান্য বিপদে নাজেহাল
হাঁটুর বয়স,নিতান্ত শিশু
হাঁড়িকুঁড়ি,মাটির জিনিসপত্র
হাঁড়িপানা,বিষণ্ণ মুখ
হাঁড়ি ভাঙা,গোপন তথ্য ফাঁস করা
হাঁড়িমুখ,গম্ভীর মুখ
হাঁড়ির খবর,গোপন কথা
হাঁড়ির ঢাকনা খোলা,গোপন তথ্য প্রকাশ
হাঁড়ির মুখের মত সরা,খারাপ বর-কনে
হাঁড়ির হাল,আর্থিক অবস্থা
হাঁদা,মূর্খ
হাঁদার দোসর ভোঁদা,দুজনই গবেট
হাঁপ ছাড়া,স্বস্তি পাওয়া
হাঁপ ধরা,শ্বাসকষ্ট শুরু
হাঁপা-হাঁপি,অতিশয় ব্যস্ততা
হাঁপাই হাঁপাই অবস্থা,প্রাণ যায় যায় অবস্থা
হাঁপাই ঝাঁপাই করা,অতিব্যস্ত হওয়া
হাঁ মুখ,অসতর্ক অবস্থা
হাঁসকল,কপাট ঝুলানোর লোহার কল
হাঁসফাঁস করা,অতি কষ্টে নিশ্বাস নেওয়া
হাঁসলি,অর্ধচন্দ্রাকৃতি কণ্ঠাভরণ
হাঁসের দলে বক,গুণীদের মাঝে মূর্খ
হা অন্ন,অন্নের জন্য হাহাকার
হাই-আমলা,বশীভূত রাখার পিণ্ড
হাইকমাণ্ড,সর্বোচ্চ রাজনৈতিক সংস্থা
হাইকোর্ট দেখানো,বোকা বানানোর চেষ্টা
হাই-জ্যাক,ভয় দেখিয়ে ছিনতাই
হাউস সার্জন,হাসপাতালে নির্দিষ্ট সময়ের চিকিৎসক
হাওয়া খাওয়া,মুক্তবায়ু সেবন
হাওয়া দেওয়া,উত্তেজনা বাড়ানো
হাওয়া পাওয়া,উদ্দীপনা পাওয়া
হাওয়া ফেরা,জনমতের পরিবর্তন
হাওয়া বদল,স্বাস্থ্যের জন্য স্থান পরিবর্তন
হাওয়া হওয়া,অদৃশ্য হওয়া
হা কপাল,মন্দভাগ্য
হাকিম নড়ো তো হুকুম নড়ে না,হুকুমের জারি থাকা
হা-ঘরে,আশ্রয়হীন
হাঙর,পরের সম্পত্তি গ্রাসকারী
হাজার কথা,নানা কথা
হাজার হোক,যতই হোক
হাজারি,ইয়োরোপীয় প্রথায় ভোজন
হাজারে বেজার,সবকিছুতে বিরক্তি
হাজারে হাজারে,বহুসংখ্যক
হাজারো,অনেক
হাট করা,বিশৃঙ্খল করা
হাটকানা,বাজারে বিভ্রান্ত ব্যক্তি
হাটে কলা নৈবিদ্যায় নমঃ,কোনোরকমে কাজ শেষ করা
হাটে বাজারে,সর্বত্র
হাটে হাঁড়ি ভাঙা,গোপন কথা প্রকাশ
হাটের দুয়ারে কপাট,অসম্ভব ব্যাপার
হাড্ডাহাড্ডি,সমানে সমানে লড়াই
হাড্ডিসার,অতিশয় শীর্ণ
হাড় কাটে তো মাস কাটে না,ভোঁতা অস্ত্র
হাড় কালি হওয়া,অত্যন্ত কষ্ট ভোগ করা
হাড় কিপটে,অতিশয় কৃপণ
হাড়গিলে,রোগা ও ঢ্যাঙা ব্যক্তি
হাড় গুঁড়ো করা,প্রচণ্ড প্রহার করা
হাড়গোড় ভাঙা,চলনশক্তি রহিত করা
হাড় জিরজিরে,অত্যন্ত কৃশ
হাড় জুড়ানো,স্বস্তি লাভ
হাড় জ্বালানো,অত্যন্ত বিরক্ত করা
হাড়পাকা,পাকামিতে পটু
হাড়পেকের বোঝা,কষ্টকর কাজ
হাড়বজ্জাত,অতি দুষ্ট প্রকৃতির লোক
হাড়ভাঙা,শ্রমসাধ্য
হাড় ভাজা ভাজা হওয়া,অত্যন্ত জ্বালাতনে পড়া
হাড় মাটি করা,কঠোর পরিশ্রম করা
হাড়মাস এক হওয়া,পরিশ্রমে কাতর হওয়া
হাড়মাস আলাদা করা,প্রচণ্ড প্রহার করা
হাড়ে হাড়ে বদমাশ,পুরোপুরি দুষ্ট
হাড়ে হাড়ে টের পাওয়া,মর্মে অনুভব করা
হাড়ে বাতাস লাগা,স্বস্তি পাওয়া
হাড়ে হিম করা ঠাণ্ডা,অতিশয় ঠান্ডা
হাত আসা,অভ্যস্ত হওয়া
হাত ওঠানো,নিরস্ত হওয়া
হাত এড়ানো,অধিকারের বাইরে যাওয়া
হাত কচলানো,দীনভাবে মিনতি করা
হাতকড়া পরা,অপরাধে ধৃত হওয়া
হাত করা,আয়ত্ত করা
হাত কষা,কৃপণ
হাত কাটা,ক্ষমতাচ্যুত করা
হাত কানে রাখা,বিস্ময় প্রকাশ
হাত কামড়ানো,অনুশোচনা করা
হাত কালি করা,কলঙ্কিত করা
হাত কেটে বসা,প্রতিকারের উপায় নষ্ট করা
হাত কোমরে পড়া,দুর্বল হওয়া
হাত খরচ,খুচরা ব্যয়
হাত খালি,রিক্তহস্ত
হাত খোলা,উদার দাতা
হাত গুটানো,নিরস্ত হওয়া
হাত গোনা,হস্তরেখা দেখা
হাত চলা,প্রহার করা
হাত চালানো,দ্রুত কাজ শেষ করা
হাত চিঠা,ক্ষুদ্র চিঠি
হাত চুলকানো,ব্যগ্রতা প্রকাশ
হাতছাড়া,অধিকারচ্যুত
হাত ছাড়ালে সতের হাত,সুযোগ হারানো
হাতছানি,ইশারা করা
হাত ছোট,কৃপণ
হাত ছোট আম বড়,ক্ষমতার তুলনায় বড় কাজ
হাত জোড়া থাকা,কাজে লিপ্ত থাকা
হাত ঝাড়লে পর্বত,ধনাধিক্য
হাতটান,কৃপণতা
হাত তোলা,প্রহারের জন্য উদ্যত
হাত দিয়ে জল গলে না,অতিশয় কৃপণ
হাত দিয়ে হাতী ঠেলা,সামান্য উপায়ে বিরাট কাজ
হাত দেওয়া,কাজ শুরু করা
হাত দেখা,হস্তরেখা বিচার
হাত ধরা,বিপদে সাহায্য করা
হাত ধুয়ে বসা,প্রাপ্তির আশা ছাড়া
হাত নাড়া,ইশারা করা
হাত নিসপিস করা,কিছু করতে ব্যগ্র হওয়া
হাত নুড়কুৎ,কাজে সাহায্যকারী ছেলে
হাত পড়া,কাজে হাত দেওয়া
হাত পাকা,দক্ষ
হাত পাকানো,দক্ষতা অর্জন
হাত পা চলা,চড় ঘুষি ও লাথি মারা
হাত পা ছেড়ে দেওয়া,হতাশ হওয়া
হাত পা ঠাণ্ডা হয়ে আসা,প্রচণ্ড ভীত হওয়া
হাত পাতা,ভিক্ষা করা
হাত পা না ওঠা,অসহায় বোধ করা
হাত-পা পেটের মধ্যে ঢোকা,অত্যন্ত আতঙ্কগ্রস্ত হওয়া
হাত-পা বাঁধা,অসহায়
হাত-পা বেঁধে জলে ফেলা,বিপদে নিক্ষেপ করা
হাত-পা গজানো,অতিরঞ্জিত হওয়া
হাত ফসকানো,নিয়ন্ত্রণের বাইরে যাওয়া
হাত-ফেরতা,ক্রমান্বয়ে হাত বদল
হাত ফেরা,হাতে হাতে ঘোরা
হাত বদল করা,ঠকানোর উদ্দেশ্যে মাল বদল
হাত বদল হওয়া,অধিকার হস্তচ্যুত
হাত বসা,কাজে দক্ষ হওয়া
হাত বাড়ানো,সহযোগিতা করা
হাত বাক্স,টাকা রাখার ছোট বাক্স
হাত বুলানো,আদর করা
হাতভারী,কৃপণ
হাত মেলানো,একমত হওয়া
হাত লম্বা,চুরির অভ্যাস
হাত লাগানো,কাজে হাত দেওয়া
হাতযশ,কাজে নিপুণতার খ্যাতি
হাতসই,হাতের ভালো টিপ
হাতসাফা,কলঙ্কমুক্ত
হাতসাফাই,হাতের পটুতা
হাতাখুন্তি,রান্নাঘরের সরঞ্জাম
হাতানো,আত্মসাৎ করা
হাতাহাতি,পরস্পরে বলপ্রয়োগ
হাতী,স্থূলকায় ব্যক্তি
হাতী দিয়ে হাতী ধরা,কৌশলে কার্যোদ্ধার
হাতী পোষা,ব্যয়সাধ্য কাজের দায়িত্ব
হাতী বাঁধা,ঐশ্বর্যের লক্ষণ
হাতীর খোরাক,বিপুল পরিমাণ খাদ্য
হাতীর গলায় ঘণ্টা,অসামঞ্জস্য
হাতীর জন্য দূর্বাঘাস,পেটুকের জন্য সামান্য খাদ্য
হাতীর পাঁচ পা দেখা,অসম্ভব কল্পনা
হাতুড়ে,অনভিজ্ঞ
হাতুড়ে ডাক্তার,আনাড়ি বৈদ্য
হাতে আকাশ পাওয়া,অপ্রত্যাশিত সুযোগ
হাতেকলমে,প্রত্যক্ষভাবে
হাতে কালি,কলঙ্কযুক্ত
হাতেখড়ি,শিক্ষারম্ভ
হাতে গঙ্গাজল নেওয়া,শপথ করা
হাতে গড়া,স্বহস্তে বানানো
হাতে গোনা,অল্প সংখ্যক
হাতে জল না গলা,অতিশয় কৃপণ
হাতে দড়ি,অপরাধে ধৃত হওয়া
হাতে থাকা,বশে থাকা
হাতে ধরা,সনির্বন্ধ অনুরোধ
হাতে নয় ভাতে মারা,গোপনে ক্ষতি করা
হাতেনাতে ধরা,অপরাধে বমাল ধৃত
হাতে নেওয়া,দায়িত্ব নেওয়া
হাতে পড়া,আয়ত্তে আসা
হাতে পাঁজি মঙ্গলবার,বৃথা দুশ্চিন্তা
হাতে পায়ে ধরা,কাতরভাবে অনুনয়
হাতে বেড়ি পড়া,গ্রেপ্তার হওয়া
হাতে মাথাকাটা,তীব্র রাগ
হাতে রাখা,বশে রাখা
হাতে স্বর্গ পাওয়া,অপ্রত্যাশিত সুখ
হাতে হাঁড়ি,বউভাত
হাতে হাতে,অবিলম্বে
হাতে হারিকেন,অসুবিধার মধ্যে পড়া
হাতের বাম উপার্জন,ঘুষ
হাতের তালুর মত চেনা,অতি পরিচিত
হাতের জল না গলা,অতিশয় কৃপণ
হাতের ঢিল ছুড়ে দিলে আর ফেরে না,সুযোগ হারানো
হাতের পাঁচ,শেষ সম্বল
হাতের পাখি উড়ে যাওয়া,মূল্যবান কিছু হারানো
হাতের পাখি ছেড়ে বনের পাখির পিছনে ছোটা,নিশ্চিত ছেড়ে অনিশ্চিতের পিছনে ছোটা
হাতের পুতুল,ইচ্ছামতো কাজ করানো যায়
হাতের লক্ষ্মী পায়ে ঠেলা,হেলায় সুযোগ নষ্ট
হাতের সুখ,মনের সুখে পেটানো
হানাবাড়ি,ভূতের আস্থানা
হানাহানি,পরস্পরের যুদ্ধ
হা পিত্যেশ,অতি লোভাতুর প্রত্যাশা
হাপু গান,দুঃখের গান
হাপুস নয়নে,ছলছল নেত্র
হাপুস-হুপুস,সশব্দে তরল খাওয়া
হাফ গেরস্থ,সংসারে মন নেই
হাফটাইম,বিরতি
হাফটিকিট,অল্পবয়স্কদের কম মাশুলের টিকিট
হাফটোন,সাদাকালো ছবি
হাফডে,আধবেলার কাজ
হাফপ্যাণ্ট,খাটো পায়জামা
হাফ-হলিডে,একবেলা ছুটি
হাফহাতা সার্ট,কনুই পর্যন্ত জামা
হাফ-হাফ,আধাআধি ভাগ
হাবড়হাটি,আজেবাজে কথা
হাবভাব,চালচলন
হাবা,নিরেট বোকা
হাবিজাবি,তুচ্ছ বস্তু
হাবুডুবু খাওয়া,সঙ্কটে বিপর্যস্ত হওয়া
হাভাত,দুর্ভিক্ষ
হাভাতে,অন্নসংস্থানহীন
হামদম,বন্ধু
হামদর্দি,সমবেদনা
হামবড়া,অহঙ্কার
হামবাগ,প্রতারক
হামরাহী,সহযাত্রী
হা-মা-কা,যথেচ্ছ অত্যাচার
হারকাত,পরাজিত দল
হারামখোর,ঘুষখোর
হারামজাদা,জারজ
হারাম মউত,আত্মহত্যা
হারামের পয়সা,অসদুপায়ে অর্জিত অর্থ
হারাহারি,গড়পড়তা ভাগ
হার্গিশ,কোনো অবস্থাতেই
হার্ড ড্রিংক,অ্যালকোহলযুক্ত পানীয়
হাল খারাপ,দুর্গতি
হালচাল,প্রকৃত অবস্থা
হাল ছাড়া,হতাশ হওয়া
হালনাগাদ,এখন পর্যন্ত
হাল ধরা,দায়িত্ব গ্রহণ
হালফিল,বর্তমান
হাল বকেয়া,বর্তমান বাকি হিসাব
হালকা কথা,গুরুত্বহীন কথা
হাল হকিকত,প্রকৃত অবস্থা
হালাকালা,মূর্খ ও বধির
হালুইকরের হাল,কাজ শেষ করার ব্যস্ততা
হালুচালু করা,উদবেগে অস্থির হওয়া
হালে পানি পাওয়া,সুবিধা করা
হাসি ফোটা,মুখে হাসি প্রকাশ
হাসিমুখ,সহাস্যবদন
হাসির কথা,মজার কথা
হাসির খোরাক,উপহাসের পাত্র
হা হতোস্মি,নিরাশায় উদ্বেগ
হাহুতাশ,অতিশয় আফসোস
হিঁয়াকা মাটি হুঁয়া,ধাঁধাবাজি
হিং টিং ছট,অর্থহীন সংস্কৃত মন্ত্রের বিদ্রুপ
হিকমত,কর্মকুশলতা
হিজিবিজি,অস্পষ্ট লেখা
হিড়হিড়,টেনে নিয়ে যাওয়া
হিতাহিত জ্ঞানশূন্য,ভালোমন্দ বোধহীন
হিতে বিপরীত,ভালোর বদলে খারাপ
হিমশিলার চূড়ামাত্র,গোপন বিষয়ের ক্ষুদ্রাংশ
হিমশীতল স্রোত বহা,বিভীষিকার অনুভূতি
হিরো থেকে জিরো,সুনাম হারিয়ে দুর্নাম
হিল্লি-দিল্লি,বহু দূরবর্তী স্থান
হিসাবনিকাশ,দেনা-পাওনার হিসাব
হীরে জিরে তফাৎ,আকাশ-পাতাল তফাৎ
হীরের ছুরি,মুখে মধু অন্তরে বিষ
হীরের টুকরা,অতি গুণী ছেলে
হীরের ধার,তীক্ষ্ণবুদ্ধি
হুঁকো নাপিত বন্ধ করা,সমাজচ্যুত করা
হুঁকো বরদার,তোষামোদকারী
হুজুর হুজুর করা,চাটুকারিতা করা
হুটহাট করে কথা বলা,বিবেচনা ছাড়া কথা বলা
হুটোপাটি করা,গোলমাল করা
হুড়দ্দুম,অত্যধিক তাড়াহুড়ো
হুড়মুড়,ভারী জিনিস পড়ার শব্দ
হুড়োহুড়ি,অত্যধিক ব্যস্ততা
হুতুম,কদাকার ব্যক্তি
হুপ করে আসা,অকস্মাৎ আবির্ভাব
হুমড়ি খেয়ে পড়া,লোভে ঝুঁকে পড়া
হুলস্থুলু,মহাকোলাহল
হুল্লোড় করা,দলবেঁধে হল্লা করা
হৃষ্টপুষ্ট,স্বাস্থ্যবান
হেঁজিপেঁজি,নগণ্য
হেরফের,পরিবর্তন
হেলদোল,উত্তেজনা
হেলতে দুলতে হাঁটা,উদ্দেশ্যহীন ধীর হাঁটা
হেলাফেলা,অবহেলা
হেসে কুটিকুটি,অত্যধিক হাসি
হেসেই খুন,হাসতে হাসতে আত্মহারা
হেস্তনেস্ত,চরম নিষ্পত্তি
হৈ চৈ,চিৎকার-চেঁচামেচি
হৈ হুল্লোড়,উদ্দাম নাচানাচি
হৈ হৈ করে চলা,প্রচুর কাটতি
হোঁচট খেয়ে প্রণাম,অনিচ্ছায় প্রণাম
হোঁদল কুঁৎকুৎ,পেটমোটা কৃষ্ণবর্ণ ব্যক্তি
হোমরাচোমরা,প্রভাবশালী
হোসেন শার আমল,বহুদিন আগের কথা
হ্রস্ব-দীর্ঘ জ্ঞান,সাধারণ জ্ঞান
